{
  "actor_candidates_sha256": "dad0dc25bbb5752432bd37e76b83f0b8c2b71f0d78cc2a96eb38c9197ef639cd",
  "dataset_identity": {
    "bowl_drawer": {
      "dataset_sha256": "703950f48a3c49dfde61be489ade91527f16e1449b4f29a85f2e51153cef3638",
      "init_sha256": "7eba1f68f9d3a553b14e99a437356fbcc91ba1a531ac2475fc858c1e9bcbe2fc"
    },
    "stove_moka": {
      "dataset_sha256": "6b30906a52a5741e98ef447d27e7066d6c0be4a5f7acd7ecaf1cb7468aca4aa9",
      "init_sha256": "8519d4638868ce661a20d331495d97e0521f8e1535479dd26ba875d5cc06b88f"
    }
  },
  "dependencies": {
    "h5py": "3.11.0",
    "mujoco": "2.3.7",
    "numpy": "1.22.4",
    "robomimic": "0.2.0",
    "robosuite": "1.4.0",
    "torch": "1.11.0+cu113"
  },
  "experiment_commit": "49e2bfe240c4f7d9dcc425c1ab35426ee95e7301",
  "frozen_labels_sha256": "c270626b4e777495a93d04e428850b35f3fd55bd23e2ad5ec071ca4556a72c51",
  "official_libero_commit": "8f1084e3132a39270c3a13ebe37270a43ece2a01",
  "pai_automatic_fault_tolerance": "0",
  "preregistration_sha256": "8226c2ae023c821b3bc9c59e0750f340655b09bb9e2d94eb5825b2885a88113c",
  "protected_semantics_sha256": {
    "experiments/r16p19_libero_phase1/effect_ontology.json": "1a8ee265bc23d714b38603617bb3d7cf426a50981d90f343745b281277dd6160",
    "experiments/r16p19_libero_phase1/fault_matrix.json": "6ba25e31add729a5e623b3c18014190aa947d85586034dc4d38a2dc843e44797",
    "experiments/r16p19_libero_phase1/split_manifest.json": "f60640dc65c7a403c560ff9cf6a1e9eef0e1b09240ba60ba77f8bb6cbdf3d343",
    "r16p19/memory.py": "4992462e105306eca9a777619fa5c7418f90c1289e4e9f6fdde1bdc2fbfce4c5"
  },
  "runtime_uid_gid": "2254:2254",
  "torch_cuda_available": true,
  "visible_gpu_count": 1,
  "visible_gpu_names": [
    "NVIDIA A800-SXM4-80GB"
  ]
}
wandb: Currently logged in as: chen_jian (chen_jian-cj-workspace). Use `wandb login --relogin` to force relogin
wandb: Tracking run with wandb version 0.13.1
wandb: Run data is saved locally in /mnt/cpfs/zbl-cpfs-new/USERS/leon/logs/r16p19_libero_phase1b/v2/experiment/wandb/wandb/run-20260813_161735-8kdfiu08
wandb: Run `wandb offline` to turn off syncing.
wandb: Syncing run r16p19-phase1b-train-fallback-fix1-20260813-161800-train-fallback
wandb: ⭐️ View project at https://wandb.ai/chen_jian-cj-workspace/r16p19-libero-phase1b
wandb: 🚀 View run at https://wandb.ai/chen_jian-cj-workspace/r16p19-libero-phase1b/runs/8kdfiu08
PHASE1B_TRAIN_STEP step=1 loss=1.32101476 continuous=0.47080922 gripper=0.85020554
PHASE1B_TRAIN_STEP step=50 loss=0.25763863 continuous=0.15710035 gripper=0.10053827
PHASE1B_TRAIN_STEP step=100 loss=0.20907930 continuous=0.14805871 gripper=0.06102059
PHASE1B_TRAIN_STEP step=150 loss=0.18051800 continuous=0.10727252 gripper=0.07324548
PHASE1B_TRAIN_STEP step=200 loss=0.16519541 continuous=0.11941185 gripper=0.04578355
PHASE1B_TRAIN_STEP step=250 loss=0.13472465 continuous=0.09784806 gripper=0.03687660
PHASE1B_TRAIN_STEP step=300 loss=0.13791245 continuous=0.09469818 gripper=0.04321428
PHASE1B_TRAIN_STEP step=350 loss=0.14194202 continuous=0.09438276 gripper=0.04755925
PHASE1B_TRAIN_STEP step=400 loss=0.11371575 continuous=0.09102129 gripper=0.02269446
PHASE1B_TRAIN_STEP step=450 loss=0.13335897 continuous=0.08816432 gripper=0.04519465
PHASE1B_TRAIN_STEP step=500 loss=0.09252300 continuous=0.08239354 gripper=0.01012946
PHASE1B_CALIBRATION step=500 macro_total=0.39441556 stale=0
PHASE1B_TRAIN_STEP step=550 loss=0.08798689 continuous=0.07023320 gripper=0.01775369
PHASE1B_TRAIN_STEP step=600 loss=0.08039561 continuous=0.06239829 gripper=0.01799732
PHASE1B_TRAIN_STEP step=650 loss=0.11072106 continuous=0.07347208 gripper=0.03724898
PHASE1B_TRAIN_STEP step=700 loss=0.07590500 continuous=0.06538220 gripper=0.01052280
PHASE1B_TRAIN_STEP step=750 loss=0.07820021 continuous=0.05865996 gripper=0.01954024
PHASE1B_TRAIN_STEP step=800 loss=0.10856419 continuous=0.05776103 gripper=0.05080316
PHASE1B_TRAIN_STEP step=850 loss=0.08830333 continuous=0.06165011 gripper=0.02665322
PHASE1B_TRAIN_STEP step=900 loss=0.06311304 continuous=0.04617062 gripper=0.01694242
PHASE1B_TRAIN_STEP step=950 loss=0.08928131 continuous=0.05236595 gripper=0.03691535
PHASE1B_TRAIN_STEP step=1000 loss=0.06116956 continuous=0.04521930 gripper=0.01595026
PHASE1B_CALIBRATION step=1000 macro_total=0.41721204 stale=0
PHASE1B_TRAIN_STEP step=1050 loss=0.06867605 continuous=0.05315554 gripper=0.01552051
PHASE1B_TRAIN_STEP step=1100 loss=0.08490919 continuous=0.05634543 gripper=0.02856376
PHASE1B_TRAIN_STEP step=1150 loss=0.05586304 continuous=0.04905310 gripper=0.00680994
PHASE1B_TRAIN_STEP step=1200 loss=0.06443717 continuous=0.04401718 gripper=0.02041999
PHASE1B_TRAIN_STEP step=1250 loss=0.05299745 continuous=0.03753642 gripper=0.01546102
PHASE1B_TRAIN_STEP step=1300 loss=0.05998799 continuous=0.04223676 gripper=0.01775123
PHASE1B_TRAIN_STEP step=1350 loss=0.05346740 continuous=0.04167062 gripper=0.01179678
PHASE1B_TRAIN_STEP step=1400 loss=0.07681003 continuous=0.03777021 gripper=0.03903982
PHASE1B_TRAIN_STEP step=1450 loss=0.05986268 continuous=0.03588161 gripper=0.02398106
PHASE1B_TRAIN_STEP step=1500 loss=0.06090163 continuous=0.03657465 gripper=0.02432698
PHASE1B_CALIBRATION step=1500 macro_total=0.40231653 stale=0
PHASE1B_TRAIN_STEP step=1550 loss=0.04788724 continuous=0.04184836 gripper=0.00603888
PHASE1B_TRAIN_STEP step=1600 loss=0.06123961 continuous=0.03854700 gripper=0.02269261
PHASE1B_TRAIN_STEP step=1650 loss=0.06259199 continuous=0.05102199 gripper=0.01157001
PHASE1B_TRAIN_STEP step=1700 loss=0.06664229 continuous=0.03863326 gripper=0.02800903
PHASE1B_TRAIN_STEP step=1750 loss=0.06950985 continuous=0.03343441 gripper=0.03607544
PHASE1B_TRAIN_STEP step=1800 loss=0.04511470 continuous=0.03682017 gripper=0.00829453
PHASE1B_TRAIN_STEP step=1850 loss=0.03719652 continuous=0.03492028 gripper=0.00227624
PHASE1B_TRAIN_STEP step=1900 loss=0.04464165 continuous=0.03987627 gripper=0.00476539
PHASE1B_TRAIN_STEP step=1950 loss=0.04033902 continuous=0.03482755 gripper=0.00551146
PHASE1B_TRAIN_STEP step=2000 loss=0.05492304 continuous=0.02920251 gripper=0.02572053
PHASE1B_CALIBRATION step=2000 macro_total=0.42904424 stale=0
PHASE1B_TRAIN_STEP step=2050 loss=0.03748754 continuous=0.03300537 gripper=0.00448217
PHASE1B_TRAIN_STEP step=2100 loss=0.05071614 continuous=0.03101106 gripper=0.01970508
PHASE1B_TRAIN_STEP step=2150 loss=0.03453800 continuous=0.03033048 gripper=0.00420753
PHASE1B_TRAIN_STEP step=2200 loss=0.04261748 continuous=0.03639758 gripper=0.00621991
PHASE1B_TRAIN_STEP step=2250 loss=0.03669167 continuous=0.03058104 gripper=0.00611063
PHASE1B_TRAIN_STEP step=2300 loss=0.03984301 continuous=0.03037363 gripper=0.00946938
PHASE1B_TRAIN_STEP step=2350 loss=0.04204051 continuous=0.03587838 gripper=0.00616214
PHASE1B_TRAIN_STEP step=2400 loss=0.03734645 continuous=0.02999477 gripper=0.00735168
PHASE1B_TRAIN_STEP step=2450 loss=0.04727133 continuous=0.03251972 gripper=0.01475161
PHASE1B_TRAIN_STEP step=2500 loss=0.06281316 continuous=0.02861655 gripper=0.03419660
PHASE1B_CALIBRATION step=2500 macro_total=0.46383236 stale=0
CHECKPOINT_COMPLETE component=phase1b_actor step=2500 path=/mnt/cpfs/zbl-cpfs-new/CKPT/leon/torch/r16p19_libero_phase1b/v2/fallback_per_effect/STOVE_TURNED_ON/step_000002500
PHASE1B_TRAIN_STEP step=2550 loss=0.03913255 continuous=0.02679413 gripper=0.01233842
PHASE1B_TRAIN_STEP step=2600 loss=0.03601188 continuous=0.02858581 gripper=0.00742607
PHASE1B_TRAIN_STEP step=2650 loss=0.05776214 continuous=0.02745128 gripper=0.03031086
PHASE1B_TRAIN_STEP step=2700 loss=0.04544379 continuous=0.02750423 gripper=0.01793956
PHASE1B_TRAIN_STEP step=2750 loss=0.03783179 continuous=0.02444937 gripper=0.01338242
PHASE1B_TRAIN_STEP step=2800 loss=0.04858740 continuous=0.02607169 gripper=0.02251571
PHASE1B_TRAIN_STEP step=2850 loss=0.03462987 continuous=0.02754708 gripper=0.00708279
PHASE1B_TRAIN_STEP step=2900 loss=0.04846643 continuous=0.02654677 gripper=0.02191966
PHASE1B_TRAIN_STEP step=2950 loss=0.04976145 continuous=0.02879810 gripper=0.02096335
PHASE1B_TRAIN_STEP step=3000 loss=0.02628892 continuous=0.02461345 gripper=0.00167547
PHASE1B_CALIBRATION step=3000 macro_total=0.47426030 stale=0
PHASE1B_TRAIN_STEP step=3050 loss=0.03500159 continuous=0.02533551 gripper=0.00966608
PHASE1B_TRAIN_STEP step=3100 loss=0.04228827 continuous=0.02627753 gripper=0.01601075
PHASE1B_TRAIN_STEP step=3150 loss=0.03566901 continuous=0.02624410 gripper=0.00942491
PHASE1B_TRAIN_STEP step=3200 loss=0.04729328 continuous=0.02727148 gripper=0.02002181
PHASE1B_TRAIN_STEP step=3250 loss=0.04001985 continuous=0.02775567 gripper=0.01226418
PHASE1B_TRAIN_STEP step=3300 loss=0.04468536 continuous=0.03197971 gripper=0.01270565
PHASE1B_TRAIN_STEP step=3350 loss=0.03384211 continuous=0.02371871 gripper=0.01012340
PHASE1B_TRAIN_STEP step=3400 loss=0.03218877 continuous=0.02205282 gripper=0.01013594
PHASE1B_TRAIN_STEP step=3450 loss=0.02898065 continuous=0.02214704 gripper=0.00683361
PHASE1B_TRAIN_STEP step=3500 loss=0.05128232 continuous=0.02486958 gripper=0.02641274
PHASE1B_CALIBRATION step=3500 macro_total=0.51139395 stale=0
PHASE1B_TRAIN_STEP step=3550 loss=0.03190991 continuous=0.02281334 gripper=0.00909657
PHASE1B_TRAIN_STEP step=3600 loss=0.03379057 continuous=0.02392682 gripper=0.00986374
PHASE1B_TRAIN_STEP step=3650 loss=0.03424352 continuous=0.02142358 gripper=0.01281994
PHASE1B_TRAIN_STEP step=3700 loss=0.03246889 continuous=0.02337283 gripper=0.00909606
PHASE1B_TRAIN_STEP step=3750 loss=0.02728548 continuous=0.02322075 gripper=0.00406474
PHASE1B_TRAIN_STEP step=3800 loss=0.02969150 continuous=0.02112227 gripper=0.00856923
PHASE1B_TRAIN_STEP step=3850 loss=0.02176336 continuous=0.02073874 gripper=0.00102462
PHASE1B_TRAIN_STEP step=3900 loss=0.03193888 continuous=0.01990508 gripper=0.01203381
PHASE1B_TRAIN_STEP step=3950 loss=0.03698246 continuous=0.02446452 gripper=0.01251794
PHASE1B_TRAIN_STEP step=4000 loss=0.02885347 continuous=0.01946343 gripper=0.00939004
PHASE1B_CALIBRATION step=4000 macro_total=0.50760168 stale=0
PHASE1B_TRAIN_STEP step=4050 loss=0.02753378 continuous=0.01971605 gripper=0.00781774
PHASE1B_TRAIN_STEP step=4100 loss=0.02587458 continuous=0.02036329 gripper=0.00551129
PHASE1B_TRAIN_STEP step=4150 loss=0.02826965 continuous=0.02128059 gripper=0.00698906
PHASE1B_TRAIN_STEP step=4200 loss=0.02994100 continuous=0.02375805 gripper=0.00618295
PHASE1B_TRAIN_STEP step=4250 loss=0.02372377 continuous=0.02119127 gripper=0.00253250
PHASE1B_TRAIN_STEP step=4300 loss=0.02744926 continuous=0.02242464 gripper=0.00502462
PHASE1B_TRAIN_STEP step=4350 loss=0.03233846 continuous=0.01850108 gripper=0.01383738
PHASE1B_TRAIN_STEP step=4400 loss=0.03147688 continuous=0.01991152 gripper=0.01156536
PHASE1B_TRAIN_STEP step=4450 loss=0.02580367 continuous=0.02023056 gripper=0.00557311
PHASE1B_TRAIN_STEP step=4500 loss=0.05052139 continuous=0.02377356 gripper=0.02674782
PHASE1B_CALIBRATION step=4500 macro_total=0.52125700 stale=0
PHASE1B_TRAIN_STEP step=4550 loss=0.03286920 continuous=0.01970306 gripper=0.01316615
PHASE1B_TRAIN_STEP step=4600 loss=0.02607376 continuous=0.01859296 gripper=0.00748080
PHASE1B_TRAIN_STEP step=4650 loss=0.02602185 continuous=0.01918838 gripper=0.00683347
PHASE1B_TRAIN_STEP step=4700 loss=0.02643514 continuous=0.02098539 gripper=0.00544975
PHASE1B_TRAIN_STEP step=4750 loss=0.02488881 continuous=0.02028715 gripper=0.00460165
PHASE1B_TRAIN_STEP step=4800 loss=0.02709803 continuous=0.01894852 gripper=0.00814951
PHASE1B_TRAIN_STEP step=4850 loss=0.03155804 continuous=0.02189538 gripper=0.00966267
PHASE1B_TRAIN_STEP step=4900 loss=0.03139966 continuous=0.01965979 gripper=0.01173987
PHASE1B_TRAIN_STEP step=4950 loss=0.02672952 continuous=0.02080785 gripper=0.00592167
PHASE1B_TRAIN_STEP step=5000 loss=0.02573769 continuous=0.02105893 gripper=0.00467875
PHASE1B_CALIBRATION step=5000 macro_total=0.53443525 stale=0
CHECKPOINT_COMPLETE component=phase1b_actor step=5000 path=/mnt/cpfs/zbl-cpfs-new/CKPT/leon/torch/r16p19_libero_phase1b/v2/fallback_per_effect/STOVE_TURNED_ON/step_000005000
PHASE1B_TRAIN_STEP step=5050 loss=0.02344371 continuous=0.01689854 gripper=0.00654518
PHASE1B_TRAIN_STEP step=5100 loss=0.02390156 continuous=0.02196259 gripper=0.00193896
PHASE1B_TRAIN_STEP step=5150 loss=0.02141911 continuous=0.02061918 gripper=0.00079993
PHASE1B_TRAIN_STEP step=5200 loss=0.02675510 continuous=0.02144408 gripper=0.00531102
PHASE1B_TRAIN_STEP step=5250 loss=0.02028685 continuous=0.01824271 gripper=0.00204413
PHASE1B_TRAIN_STEP step=5300 loss=0.03592667 continuous=0.01965835 gripper=0.01626832
PHASE1B_TRAIN_STEP step=5350 loss=0.02544177 continuous=0.01807217 gripper=0.00736960
PHASE1B_TRAIN_STEP step=5400 loss=0.02773810 continuous=0.01816434 gripper=0.00957376
PHASE1B_TRAIN_STEP step=5450 loss=0.02719821 continuous=0.01823087 gripper=0.00896734
PHASE1B_TRAIN_STEP step=5500 loss=0.02366504 continuous=0.01667282 gripper=0.00699221
PHASE1B_CALIBRATION step=5500 macro_total=0.51344023 stale=0
PHASE1B_TRAIN_STEP step=5550 loss=0.02518705 continuous=0.01999485 gripper=0.00519220
PHASE1B_TRAIN_STEP step=5600 loss=0.02267783 continuous=0.01725407 gripper=0.00542376
PHASE1B_TRAIN_STEP step=5650 loss=0.02835491 continuous=0.02003724 gripper=0.00831767
PHASE1B_TRAIN_STEP step=5700 loss=0.02658837 continuous=0.01691436 gripper=0.00967402
PHASE1B_TRAIN_STEP step=5750 loss=0.02284172 continuous=0.02162720 gripper=0.00121452
PHASE1B_TRAIN_STEP step=5800 loss=0.02347457 continuous=0.01597960 gripper=0.00749498
PHASE1B_TRAIN_STEP step=5850 loss=0.03105344 continuous=0.01744927 gripper=0.01360417
PHASE1B_TRAIN_STEP step=5900 loss=0.02068996 continuous=0.01946853 gripper=0.00122143
PHASE1B_TRAIN_STEP step=5950 loss=0.01888117 continuous=0.01664990 gripper=0.00223126
PHASE1B_TRAIN_STEP step=6000 loss=0.02074268 continuous=0.02022756 gripper=0.00051512
PHASE1B_CALIBRATION step=6000 macro_total=0.55961844 stale=1
PHASE1B_TRAIN_STEP step=6050 loss=0.02024463 continuous=0.01889731 gripper=0.00134733
PHASE1B_TRAIN_STEP step=6100 loss=0.02192717 continuous=0.02088227 gripper=0.00104490
PHASE1B_TRAIN_STEP step=6150 loss=0.02479748 continuous=0.01684142 gripper=0.00795606
PHASE1B_TRAIN_STEP step=6200 loss=0.02313652 continuous=0.01878486 gripper=0.00435166
PHASE1B_TRAIN_STEP step=6250 loss=0.02165121 continuous=0.01760278 gripper=0.00404843
PHASE1B_TRAIN_STEP step=6300 loss=0.01998227 continuous=0.01801185 gripper=0.00197042
PHASE1B_TRAIN_STEP step=6350 loss=0.02317943 continuous=0.01918314 gripper=0.00399630
PHASE1B_TRAIN_STEP step=6400 loss=0.03692669 continuous=0.01856315 gripper=0.01836354
PHASE1B_TRAIN_STEP step=6450 loss=0.01807535 continuous=0.01628322 gripper=0.00179213
PHASE1B_TRAIN_STEP step=6500 loss=0.02494626 continuous=0.01584487 gripper=0.00910138
PHASE1B_CALIBRATION step=6500 macro_total=0.56537074 stale=2
PHASE1B_TRAIN_STEP step=6550 loss=0.01807271 continuous=0.01691860 gripper=0.00115411
PHASE1B_TRAIN_STEP step=6600 loss=0.03168549 continuous=0.01995223 gripper=0.01173326
PHASE1B_TRAIN_STEP step=6650 loss=0.02180681 continuous=0.01811741 gripper=0.00368940
PHASE1B_TRAIN_STEP step=6700 loss=0.02037979 continuous=0.01544264 gripper=0.00493715
PHASE1B_TRAIN_STEP step=6750 loss=0.02071582 continuous=0.01407225 gripper=0.00664357
PHASE1B_TRAIN_STEP step=6800 loss=0.02171506 continuous=0.01874453 gripper=0.00297053
PHASE1B_TRAIN_STEP step=6850 loss=0.02304633 continuous=0.01683335 gripper=0.00621298
PHASE1B_TRAIN_STEP step=6900 loss=0.01821111 continuous=0.01624189 gripper=0.00196922
PHASE1B_TRAIN_STEP step=6950 loss=0.03011556 continuous=0.01565837 gripper=0.01445720
PHASE1B_TRAIN_STEP step=7000 loss=0.01886565 continuous=0.01682359 gripper=0.00204205
PHASE1B_CALIBRATION step=7000 macro_total=0.58447535 stale=3
PHASE1B_TRAIN_STEP step=7050 loss=0.02275132 continuous=0.01610047 gripper=0.00665085
PHASE1B_TRAIN_STEP step=7100 loss=0.01994396 continuous=0.01553324 gripper=0.00441072
PHASE1B_TRAIN_STEP step=7150 loss=0.02109656 continuous=0.01632394 gripper=0.00477262
PHASE1B_TRAIN_STEP step=7200 loss=0.02390593 continuous=0.01526095 gripper=0.00864497
PHASE1B_TRAIN_STEP step=7250 loss=0.01745974 continuous=0.01560224 gripper=0.00185750
PHASE1B_TRAIN_STEP step=7300 loss=0.01787224 continuous=0.01578959 gripper=0.00208265
PHASE1B_TRAIN_STEP step=7350 loss=0.02020709 continuous=0.01835001 gripper=0.00185708
PHASE1B_TRAIN_STEP step=7400 loss=0.01695975 continuous=0.01447026 gripper=0.00248949
PHASE1B_TRAIN_STEP step=7450 loss=0.02413160 continuous=0.01532572 gripper=0.00880589
PHASE1B_TRAIN_STEP step=7500 loss=0.01879215 continuous=0.01682646 gripper=0.00196569
PHASE1B_CALIBRATION step=7500 macro_total=0.60513630 stale=4
CHECKPOINT_COMPLETE component=phase1b_actor step=7500 path=/mnt/cpfs/zbl-cpfs-new/CKPT/leon/torch/r16p19_libero_phase1b/v2/fallback_per_effect/STOVE_TURNED_ON/step_000007500
PHASE1B_TRAIN_STEP step=7550 loss=0.01739884 continuous=0.01660574 gripper=0.00079310
PHASE1B_TRAIN_STEP step=7600 loss=0.02300479 continuous=0.01682001 gripper=0.00618478
PHASE1B_TRAIN_STEP step=7650 loss=0.02672261 continuous=0.01834817 gripper=0.00837444
PHASE1B_TRAIN_STEP step=7700 loss=0.01916469 continuous=0.01807068 gripper=0.00109401
PHASE1B_TRAIN_STEP step=7750 loss=0.01699156 continuous=0.01558102 gripper=0.00141055
PHASE1B_TRAIN_STEP step=7800 loss=0.01995805 continuous=0.01688585 gripper=0.00307220
PHASE1B_TRAIN_STEP step=7850 loss=0.02149479 continuous=0.01785609 gripper=0.00363871
PHASE1B_TRAIN_STEP step=7900 loss=0.02368202 continuous=0.01344894 gripper=0.01023308
PHASE1B_TRAIN_STEP step=7950 loss=0.02167176 continuous=0.01605196 gripper=0.00561980
PHASE1B_TRAIN_STEP step=8000 loss=0.01573567 continuous=0.01494685 gripper=0.00078882
PHASE1B_CALIBRATION step=8000 macro_total=0.59993688 stale=5
PHASE1B_TRAIN_STEP step=8050 loss=0.01887439 continuous=0.01757611 gripper=0.00129829
PHASE1B_TRAIN_STEP step=8100 loss=0.01878309 continuous=0.01611349 gripper=0.00266960
PHASE1B_TRAIN_STEP step=8150 loss=0.01563558 continuous=0.01517435 gripper=0.00046122
PHASE1B_TRAIN_STEP step=8200 loss=0.01991462 continuous=0.01435637 gripper=0.00555824
PHASE1B_TRAIN_STEP step=8250 loss=0.02609459 continuous=0.01582562 gripper=0.01026896
PHASE1B_TRAIN_STEP step=8300 loss=0.01874080 continuous=0.01684800 gripper=0.00189280
PHASE1B_TRAIN_STEP step=8350 loss=0.02398330 continuous=0.01611963 gripper=0.00786368
PHASE1B_TRAIN_STEP step=8400 loss=0.02231772 continuous=0.01711988 gripper=0.00519785
PHASE1B_TRAIN_STEP step=8450 loss=0.01975247 continuous=0.01789911 gripper=0.00185336
PHASE1B_TRAIN_STEP step=8500 loss=0.01822325 continuous=0.01665319 gripper=0.00157006
PHASE1B_CALIBRATION step=8500 macro_total=0.60668015 stale=6
PHASE1B_TRAIN_STEP step=8550 loss=0.01490557 continuous=0.01415401 gripper=0.00075156
PHASE1B_TRAIN_STEP step=8600 loss=0.01842449 continuous=0.01487532 gripper=0.00354918
PHASE1B_TRAIN_STEP step=8650 loss=0.01954518 continuous=0.01712786 gripper=0.00241732
PHASE1B_TRAIN_STEP step=8700 loss=0.01532697 continuous=0.01501107 gripper=0.00031590
PHASE1B_TRAIN_STEP step=8750 loss=0.01901316 continuous=0.01605133 gripper=0.00296183
PHASE1B_TRAIN_STEP step=8800 loss=0.02757781 continuous=0.01641147 gripper=0.01116634
PHASE1B_TRAIN_STEP step=8850 loss=0.01895596 continuous=0.01588605 gripper=0.00306991
PHASE1B_TRAIN_STEP step=8900 loss=0.01477521 continuous=0.01409531 gripper=0.00067990
PHASE1B_TRAIN_STEP step=8950 loss=0.01938437 continuous=0.01661121 gripper=0.00277315
PHASE1B_TRAIN_STEP step=9000 loss=0.01475449 continuous=0.01465035 gripper=0.00010414
PHASE1B_CALIBRATION step=9000 macro_total=0.60932445 stale=7
PHASE1B_TRAIN_STEP step=9050 loss=0.01678342 continuous=0.01603102 gripper=0.00075240
PHASE1B_TRAIN_STEP step=9100 loss=0.01771631 continuous=0.01684447 gripper=0.00087184
PHASE1B_TRAIN_STEP step=9150 loss=0.02891675 continuous=0.01601927 gripper=0.01289748
PHASE1B_TRAIN_STEP step=9200 loss=0.01992179 continuous=0.01597112 gripper=0.00395067
PHASE1B_TRAIN_STEP step=9250 loss=0.01716175 continuous=0.01623715 gripper=0.00092460
PHASE1B_TRAIN_STEP step=9300 loss=0.01890669 continuous=0.01731071 gripper=0.00159598
PHASE1B_TRAIN_STEP step=9350 loss=0.01914232 continuous=0.01461813 gripper=0.00452419
PHASE1B_TRAIN_STEP step=9400 loss=0.01654642 continuous=0.01642560 gripper=0.00012082
PHASE1B_TRAIN_STEP step=9450 loss=0.02447387 continuous=0.01559110 gripper=0.00888277
PHASE1B_TRAIN_STEP step=9500 loss=0.01525841 continuous=0.01448967 gripper=0.00076873
PHASE1B_CALIBRATION step=9500 macro_total=0.61167675 stale=8
CHECKPOINT_COMPLETE component=phase1b_actor step=9500 path=/mnt/cpfs/zbl-cpfs-new/CKPT/leon/torch/r16p19_libero_phase1b/v2/fallback_per_effect/STOVE_TURNED_ON/step_000009500
PHASE1B_TRAIN_STEP step=1 loss=1.65366149 continuous=0.45546597 gripper=1.19819558
PHASE1B_TRAIN_STEP step=50 loss=0.50939143 continuous=0.16330647 gripper=0.34608498
PHASE1B_TRAIN_STEP step=100 loss=0.30835918 continuous=0.15108132 gripper=0.15727785
PHASE1B_TRAIN_STEP step=150 loss=0.35541004 continuous=0.13662165 gripper=0.21878839
PHASE1B_TRAIN_STEP step=200 loss=0.23024289 continuous=0.12983543 gripper=0.10040747
PHASE1B_TRAIN_STEP step=250 loss=0.17667608 continuous=0.12196835 gripper=0.05470773
PHASE1B_TRAIN_STEP step=300 loss=0.32076150 continuous=0.11513327 gripper=0.20562825
PHASE1B_TRAIN_STEP step=350 loss=0.17615339 continuous=0.09992843 gripper=0.07622497
PHASE1B_TRAIN_STEP step=400 loss=0.16707587 continuous=0.08720131 gripper=0.07987457
PHASE1B_TRAIN_STEP step=450 loss=0.16892102 continuous=0.09528615 gripper=0.07363486
PHASE1B_TRAIN_STEP step=500 loss=0.13826111 continuous=0.09678355 gripper=0.04147755
PHASE1B_CALIBRATION step=500 macro_total=0.54169282 stale=0
PHASE1B_TRAIN_STEP step=550 loss=0.12887879 continuous=0.08235326 gripper=0.04652553
PHASE1B_TRAIN_STEP step=600 loss=0.15954112 continuous=0.07278641 gripper=0.08675471
PHASE1B_TRAIN_STEP step=650 loss=0.15108421 continuous=0.08678830 gripper=0.06429592
PHASE1B_TRAIN_STEP step=700 loss=0.16190946 continuous=0.07854395 gripper=0.08336551
PHASE1B_TRAIN_STEP step=750 loss=0.16880529 continuous=0.07213461 gripper=0.09667068
PHASE1B_TRAIN_STEP step=800 loss=0.21265040 continuous=0.08727111 gripper=0.12537929
PHASE1B_TRAIN_STEP step=850 loss=0.11805636 continuous=0.07040498 gripper=0.04765139
PHASE1B_TRAIN_STEP step=900 loss=0.15206441 continuous=0.08243464 gripper=0.06962977
PHASE1B_TRAIN_STEP step=950 loss=0.11209357 continuous=0.06901096 gripper=0.04308261
PHASE1B_TRAIN_STEP step=1000 loss=0.09389979 continuous=0.06823575 gripper=0.02566403
PHASE1B_CALIBRATION step=1000 macro_total=0.70972253 stale=0
PHASE1B_TRAIN_STEP step=1050 loss=0.16025423 continuous=0.06829523 gripper=0.09195899
PHASE1B_TRAIN_STEP step=1100 loss=0.09629133 continuous=0.05860428 gripper=0.03768705
PHASE1B_TRAIN_STEP step=1150 loss=0.09429546 continuous=0.05743060 gripper=0.03686487
PHASE1B_TRAIN_STEP step=1200 loss=0.15590690 continuous=0.06319976 gripper=0.09270714
PHASE1B_TRAIN_STEP step=1250 loss=0.11249356 continuous=0.05808216 gripper=0.05441141
PHASE1B_TRAIN_STEP step=1300 loss=0.10102239 continuous=0.06549117 gripper=0.03553122
PHASE1B_TRAIN_STEP step=1350 loss=0.09512436 continuous=0.05072889 gripper=0.04439547
PHASE1B_TRAIN_STEP step=1400 loss=0.10867617 continuous=0.05223852 gripper=0.05643765
PHASE1B_TRAIN_STEP step=1450 loss=0.10764237 continuous=0.05636009 gripper=0.05128228
PHASE1B_TRAIN_STEP step=1500 loss=0.06816131 continuous=0.05322396 gripper=0.01493735
PHASE1B_CALIBRATION step=1500 macro_total=0.84985426 stale=0
PHASE1B_TRAIN_STEP step=1550 loss=0.08176351 continuous=0.04803658 gripper=0.03372693
PHASE1B_TRAIN_STEP step=1600 loss=0.12436274 continuous=0.04297575 gripper=0.08138699
PHASE1B_TRAIN_STEP step=1650 loss=0.09749608 continuous=0.04787779 gripper=0.04961829
PHASE1B_TRAIN_STEP step=1700 loss=0.07674442 continuous=0.04820861 gripper=0.02853582
PHASE1B_TRAIN_STEP step=1750 loss=0.15288559 continuous=0.05333177 gripper=0.09955382
PHASE1B_TRAIN_STEP step=1800 loss=0.10095260 continuous=0.04072184 gripper=0.06023075
PHASE1B_TRAIN_STEP step=1850 loss=0.07115646 continuous=0.04587141 gripper=0.02528505
PHASE1B_TRAIN_STEP step=1900 loss=0.09794445 continuous=0.05486729 gripper=0.04307715
PHASE1B_TRAIN_STEP step=1950 loss=0.06897080 continuous=0.04982940 gripper=0.01914139
PHASE1B_TRAIN_STEP step=2000 loss=0.07064526 continuous=0.04270499 gripper=0.02794026
PHASE1B_CALIBRATION step=2000 macro_total=0.88675194 stale=0
PHASE1B_TRAIN_STEP step=2050 loss=0.09479485 continuous=0.04432579 gripper=0.05046906
PHASE1B_TRAIN_STEP step=2100 loss=0.08359674 continuous=0.04442885 gripper=0.03916788
PHASE1B_TRAIN_STEP step=2150 loss=0.06224317 continuous=0.03979383 gripper=0.02244934
PHASE1B_TRAIN_STEP step=2200 loss=0.08082692 continuous=0.04192964 gripper=0.03889728
PHASE1B_TRAIN_STEP step=2250 loss=0.07926425 continuous=0.04376185 gripper=0.03550240
PHASE1B_TRAIN_STEP step=2300 loss=0.07426366 continuous=0.04676764 gripper=0.02749602
PHASE1B_TRAIN_STEP step=2350 loss=0.08324589 continuous=0.03625500 gripper=0.04699089
PHASE1B_TRAIN_STEP step=2400 loss=0.05669206 continuous=0.03812158 gripper=0.01857049
PHASE1B_TRAIN_STEP step=2450 loss=0.06560037 continuous=0.03619555 gripper=0.02940482
PHASE1B_TRAIN_STEP step=2500 loss=0.08186302 continuous=0.03987394 gripper=0.04198908
PHASE1B_CALIBRATION step=2500 macro_total=0.84617332 stale=0
CHECKPOINT_COMPLETE component=phase1b_actor step=2500 path=/mnt/cpfs/zbl-cpfs-new/CKPT/leon/torch/r16p19_libero_phase1b/v2/fallback_per_effect/MOKA_GRASPED/step_000002500
PHASE1B_TRAIN_STEP step=2550 loss=0.08501061 continuous=0.03618720 gripper=0.04882341
PHASE1B_TRAIN_STEP step=2600 loss=0.09315319 continuous=0.03626240 gripper=0.05689079
PHASE1B_TRAIN_STEP step=2650 loss=0.06700237 continuous=0.03221816 gripper=0.03478421
PHASE1B_TRAIN_STEP step=2700 loss=0.07802655 continuous=0.03385624 gripper=0.04417032
PHASE1B_TRAIN_STEP step=2750 loss=0.09838665 continuous=0.03410783 gripper=0.06427882
PHASE1B_TRAIN_STEP step=2800 loss=0.07913765 continuous=0.03329847 gripper=0.04583918
PHASE1B_TRAIN_STEP step=2850 loss=0.04787587 continuous=0.03341618 gripper=0.01445969
PHASE1B_TRAIN_STEP step=2900 loss=0.04600630 continuous=0.03160598 gripper=0.01440032
PHASE1B_TRAIN_STEP step=2950 loss=0.09651811 continuous=0.03165329 gripper=0.06486481
PHASE1B_TRAIN_STEP step=3000 loss=0.04843824 continuous=0.03273131 gripper=0.01570693
PHASE1B_CALIBRATION step=3000 macro_total=0.94055632 stale=0
PHASE1B_TRAIN_STEP step=3050 loss=0.05989475 continuous=0.03275704 gripper=0.02713771
PHASE1B_TRAIN_STEP step=3100 loss=0.08394804 continuous=0.03402021 gripper=0.04992783
PHASE1B_TRAIN_STEP step=3150 loss=0.06221771 continuous=0.02938816 gripper=0.03282956
PHASE1B_TRAIN_STEP step=3200 loss=0.05910793 continuous=0.03244279 gripper=0.02666514
PHASE1B_TRAIN_STEP step=3250 loss=0.07469563 continuous=0.02928027 gripper=0.04541536
PHASE1B_TRAIN_STEP step=3300 loss=0.07406618 continuous=0.03440209 gripper=0.03966409
PHASE1B_TRAIN_STEP step=3350 loss=0.05561193 continuous=0.03581000 gripper=0.01980193
PHASE1B_TRAIN_STEP step=3400 loss=0.07137435 continuous=0.03004912 gripper=0.04132523
PHASE1B_TRAIN_STEP step=3450 loss=0.03699874 continuous=0.02497027 gripper=0.01202847
PHASE1B_TRAIN_STEP step=3500 loss=0.05719954 continuous=0.02827622 gripper=0.02892332
PHASE1B_CALIBRATION step=3500 macro_total=0.97644383 stale=0
PHASE1B_TRAIN_STEP step=3550 loss=0.07205391 continuous=0.02687818 gripper=0.04517573
PHASE1B_TRAIN_STEP step=3600 loss=0.06640815 continuous=0.03060480 gripper=0.03580335
PHASE1B_TRAIN_STEP step=3650 loss=0.05150296 continuous=0.02989984 gripper=0.02160312
PHASE1B_TRAIN_STEP step=3700 loss=0.05715907 continuous=0.03354342 gripper=0.02361565
PHASE1B_TRAIN_STEP step=3750 loss=0.05087890 continuous=0.02587750 gripper=0.02500140
PHASE1B_TRAIN_STEP step=3800 loss=0.09519245 continuous=0.03060119 gripper=0.06459126
PHASE1B_TRAIN_STEP step=3850 loss=0.06617502 continuous=0.03054795 gripper=0.03562707
PHASE1B_TRAIN_STEP step=3900 loss=0.05612199 continuous=0.02946152 gripper=0.02666047
PHASE1B_TRAIN_STEP step=3950 loss=0.05122187 continuous=0.02559355 gripper=0.02562832
PHASE1B_TRAIN_STEP step=4000 loss=0.07060602 continuous=0.02760471 gripper=0.04300131
PHASE1B_CALIBRATION step=4000 macro_total=0.93013943 stale=0
PHASE1B_TRAIN_STEP step=4050 loss=0.05784988 continuous=0.02395214 gripper=0.03389774
PHASE1B_TRAIN_STEP step=4100 loss=0.05687455 continuous=0.02991885 gripper=0.02695570
PHASE1B_TRAIN_STEP step=4150 loss=0.03537182 continuous=0.02689486 gripper=0.00847696
PHASE1B_TRAIN_STEP step=4200 loss=0.07391561 continuous=0.02544517 gripper=0.04847044
PHASE1B_TRAIN_STEP step=4250 loss=0.04023815 continuous=0.02524656 gripper=0.01499159
PHASE1B_TRAIN_STEP step=4300 loss=0.05663231 continuous=0.02669075 gripper=0.02994156
PHASE1B_TRAIN_STEP step=4350 loss=0.06351032 continuous=0.02447475 gripper=0.03903557
PHASE1B_TRAIN_STEP step=4400 loss=0.04278652 continuous=0.02781177 gripper=0.01497475
PHASE1B_TRAIN_STEP step=4450 loss=0.04117488 continuous=0.02378832 gripper=0.01738656
PHASE1B_TRAIN_STEP step=4500 loss=0.06133963 continuous=0.02617021 gripper=0.03516942
PHASE1B_CALIBRATION step=4500 macro_total=1.10421438 stale=0
PHASE1B_TRAIN_STEP step=4550 loss=0.04002851 continuous=0.02325481 gripper=0.01677370
PHASE1B_TRAIN_STEP step=4600 loss=0.04375616 continuous=0.02398084 gripper=0.01977533
PHASE1B_TRAIN_STEP step=4650 loss=0.04593896 continuous=0.02535451 gripper=0.02058445
PHASE1B_TRAIN_STEP step=4700 loss=0.04140368 continuous=0.02517037 gripper=0.01623332
PHASE1B_TRAIN_STEP step=4750 loss=0.04519703 continuous=0.02437241 gripper=0.02082462
PHASE1B_TRAIN_STEP step=4800 loss=0.04473435 continuous=0.02337964 gripper=0.02135471
PHASE1B_TRAIN_STEP step=4850 loss=0.03117793 continuous=0.02272036 gripper=0.00845758
PHASE1B_TRAIN_STEP step=4900 loss=0.03041187 continuous=0.02392516 gripper=0.00648671
PHASE1B_TRAIN_STEP step=4950 loss=0.03310401 continuous=0.02296371 gripper=0.01014030
PHASE1B_TRAIN_STEP step=5000 loss=0.06332073 continuous=0.02458728 gripper=0.03873346
PHASE1B_CALIBRATION step=5000 macro_total=1.04185803 stale=0
CHECKPOINT_COMPLETE component=phase1b_actor step=5000 path=/mnt/cpfs/zbl-cpfs-new/CKPT/leon/torch/r16p19_libero_phase1b/v2/fallback_per_effect/MOKA_GRASPED/step_000005000
PHASE1B_TRAIN_STEP step=5050 loss=0.05058619 continuous=0.02568933 gripper=0.02489685
PHASE1B_TRAIN_STEP step=5100 loss=0.06033332 continuous=0.02366811 gripper=0.03666521
PHASE1B_TRAIN_STEP step=5150 loss=0.04133255 continuous=0.02590626 gripper=0.01542629
PHASE1B_TRAIN_STEP step=5200 loss=0.04519406 continuous=0.02499829 gripper=0.02019577
PHASE1B_TRAIN_STEP step=5250 loss=0.03065633 continuous=0.01965082 gripper=0.01100551
PHASE1B_TRAIN_STEP step=5300 loss=0.06335288 continuous=0.02446652 gripper=0.03888635
PHASE1B_TRAIN_STEP step=5350 loss=0.03596268 continuous=0.02322959 gripper=0.01273309
PHASE1B_TRAIN_STEP step=5400 loss=0.04316689 continuous=0.02485952 gripper=0.01830737
PHASE1B_TRAIN_STEP step=5450 loss=0.03435704 continuous=0.02389129 gripper=0.01046575
PHASE1B_TRAIN_STEP step=5500 loss=0.03915330 continuous=0.02218144 gripper=0.01697186
PHASE1B_CALIBRATION step=5500 macro_total=1.19626797 stale=1
PHASE1B_TRAIN_STEP step=5550 loss=0.03717299 continuous=0.02078129 gripper=0.01639169
PHASE1B_TRAIN_STEP step=5600 loss=0.04319449 continuous=0.02366811 gripper=0.01952637
PHASE1B_TRAIN_STEP step=5650 loss=0.05548126 continuous=0.02129569 gripper=0.03418557
PHASE1B_TRAIN_STEP step=5700 loss=0.04148905 continuous=0.02335586 gripper=0.01813319
PHASE1B_TRAIN_STEP step=5750 loss=0.03351470 continuous=0.02296299 gripper=0.01055171
PHASE1B_TRAIN_STEP step=5800 loss=0.03735237 continuous=0.02409948 gripper=0.01325289
PHASE1B_TRAIN_STEP step=5850 loss=0.04067920 continuous=0.02040437 gripper=0.02027482
PHASE1B_TRAIN_STEP step=5900 loss=0.03866011 continuous=0.02142192 gripper=0.01723819
PHASE1B_TRAIN_STEP step=5950 loss=0.03344152 continuous=0.02038316 gripper=0.01305836
PHASE1B_TRAIN_STEP step=6000 loss=0.03867548 continuous=0.02328563 gripper=0.01538985
PHASE1B_CALIBRATION step=6000 macro_total=1.18473033 stale=2
PHASE1B_TRAIN_STEP step=6050 loss=0.03354780 continuous=0.02278982 gripper=0.01075798
PHASE1B_TRAIN_STEP step=6100 loss=0.05954767 continuous=0.02370822 gripper=0.03583945
PHASE1B_TRAIN_STEP step=6150 loss=0.05859332 continuous=0.02123423 gripper=0.03735909
PHASE1B_TRAIN_STEP step=6200 loss=0.04022750 continuous=0.02277125 gripper=0.01745625
PHASE1B_TRAIN_STEP step=6250 loss=0.02763532 continuous=0.01970451 gripper=0.00793081
PHASE1B_TRAIN_STEP step=6300 loss=0.03005822 continuous=0.01837722 gripper=0.01168100
PHASE1B_TRAIN_STEP step=6350 loss=0.03935648 continuous=0.02233013 gripper=0.01702635
PHASE1B_TRAIN_STEP step=6400 loss=0.03298238 continuous=0.02141692 gripper=0.01156546
PHASE1B_TRAIN_STEP step=6450 loss=0.05980952 continuous=0.02293969 gripper=0.03686983
PHASE1B_TRAIN_STEP step=6500 loss=0.05502545 continuous=0.02340671 gripper=0.03161874
PHASE1B_CALIBRATION step=6500 macro_total=1.21534032 stale=3
PHASE1B_TRAIN_STEP step=6550 loss=0.02486866 continuous=0.02166724 gripper=0.00320142
PHASE1B_TRAIN_STEP step=6600 loss=0.03892140 continuous=0.02258190 gripper=0.01633951
PHASE1B_TRAIN_STEP step=6650 loss=0.02744157 continuous=0.02002637 gripper=0.00741520
PHASE1B_TRAIN_STEP step=6700 loss=0.03524838 continuous=0.02123252 gripper=0.01401586
PHASE1B_TRAIN_STEP step=6750 loss=0.04141697 continuous=0.02270405 gripper=0.01871292
PHASE1B_TRAIN_STEP step=6800 loss=0.03563530 continuous=0.02067649 gripper=0.01495882
PHASE1B_TRAIN_STEP step=6850 loss=0.02759753 continuous=0.02027650 gripper=0.00732103
PHASE1B_TRAIN_STEP step=6900 loss=0.02775765 continuous=0.02196307 gripper=0.00579458
PHASE1B_TRAIN_STEP step=6950 loss=0.02451099 continuous=0.02031510 gripper=0.00419589
PHASE1B_TRAIN_STEP step=7000 loss=0.02557105 continuous=0.02242863 gripper=0.00314242
PHASE1B_CALIBRATION step=7000 macro_total=1.26643021 stale=4
PHASE1B_TRAIN_STEP step=7050 loss=0.02555393 continuous=0.02107751 gripper=0.00447642
PHASE1B_TRAIN_STEP step=7100 loss=0.03225120 continuous=0.02194296 gripper=0.01030824
PHASE1B_TRAIN_STEP step=7150 loss=0.03453084 continuous=0.02337907 gripper=0.01115177
PHASE1B_TRAIN_STEP step=7200 loss=0.05445761 continuous=0.02064092 gripper=0.03381669
PHASE1B_TRAIN_STEP step=7250 loss=0.02703359 continuous=0.01964553 gripper=0.00738806
PHASE1B_TRAIN_STEP step=7300 loss=0.02383117 continuous=0.01861783 gripper=0.00521333
PHASE1B_TRAIN_STEP step=7350 loss=0.06975513 continuous=0.01854596 gripper=0.05120917
PHASE1B_TRAIN_STEP step=7400 loss=0.03463154 continuous=0.02083755 gripper=0.01379399
PHASE1B_TRAIN_STEP step=7450 loss=0.02508206 continuous=0.01950592 gripper=0.00557614
PHASE1B_TRAIN_STEP step=7500 loss=0.03017686 continuous=0.02023129 gripper=0.00994557
PHASE1B_CALIBRATION step=7500 macro_total=1.30932249 stale=5
CHECKPOINT_COMPLETE component=phase1b_actor step=7500 path=/mnt/cpfs/zbl-cpfs-new/CKPT/leon/torch/r16p19_libero_phase1b/v2/fallback_per_effect/MOKA_GRASPED/step_000007500
PHASE1B_TRAIN_STEP step=7550 loss=0.02814845 continuous=0.02133645 gripper=0.00681200
PHASE1B_TRAIN_STEP step=7600 loss=0.02457166 continuous=0.02257337 gripper=0.00199828
PHASE1B_TRAIN_STEP step=7650 loss=0.02734170 continuous=0.02073204 gripper=0.00660966
PHASE1B_TRAIN_STEP step=7700 loss=0.03148871 continuous=0.02079179 gripper=0.01069692
PHASE1B_TRAIN_STEP step=7750 loss=0.04605472 continuous=0.02271402 gripper=0.02334070
PHASE1B_TRAIN_STEP step=7800 loss=0.03539257 continuous=0.02034138 gripper=0.01505119
PHASE1B_TRAIN_STEP step=7850 loss=0.03196486 continuous=0.02007537 gripper=0.01188949
PHASE1B_TRAIN_STEP step=7900 loss=0.02322739 continuous=0.01893536 gripper=0.00429203
PHASE1B_TRAIN_STEP step=7950 loss=0.03921422 continuous=0.01753451 gripper=0.02167971
PHASE1B_TRAIN_STEP step=8000 loss=0.05048692 continuous=0.01903404 gripper=0.03145288
PHASE1B_CALIBRATION step=8000 macro_total=1.34873344 stale=6
PHASE1B_TRAIN_STEP step=8050 loss=0.02290834 continuous=0.01917153 gripper=0.00373681
PHASE1B_TRAIN_STEP step=8100 loss=0.02836842 continuous=0.01962144 gripper=0.00874698
PHASE1B_TRAIN_STEP step=8150 loss=0.02389196 continuous=0.01914658 gripper=0.00474538
PHASE1B_TRAIN_STEP step=8200 loss=0.03625064 continuous=0.02075313 gripper=0.01549750
PHASE1B_TRAIN_STEP step=8250 loss=0.05641462 continuous=0.01994687 gripper=0.03646774
PHASE1B_TRAIN_STEP step=8300 loss=0.02619125 continuous=0.01921351 gripper=0.00697775
PHASE1B_TRAIN_STEP step=8350 loss=0.01870548 continuous=0.01736069 gripper=0.00134479
PHASE1B_TRAIN_STEP step=8400 loss=0.03578345 continuous=0.02088857 gripper=0.01489489
PHASE1B_TRAIN_STEP step=8450 loss=0.03330772 continuous=0.02100849 gripper=0.01229923
PHASE1B_TRAIN_STEP step=8500 loss=0.02370732 continuous=0.02084424 gripper=0.00286308
PHASE1B_CALIBRATION step=8500 macro_total=1.36512629 stale=7
PHASE1B_TRAIN_STEP step=8550 loss=0.03882132 continuous=0.02137771 gripper=0.01744361
PHASE1B_TRAIN_STEP step=8600 loss=0.03267410 continuous=0.01972313 gripper=0.01295097
PHASE1B_TRAIN_STEP step=8650 loss=0.03473017 continuous=0.01838969 gripper=0.01634048
PHASE1B_TRAIN_STEP step=8700 loss=0.02940128 continuous=0.01864430 gripper=0.01075698
PHASE1B_TRAIN_STEP step=8750 loss=0.03696816 continuous=0.01897510 gripper=0.01799306
PHASE1B_TRAIN_STEP step=8800 loss=0.02063135 continuous=0.01916271 gripper=0.00146864
PHASE1B_TRAIN_STEP step=8850 loss=0.02031026 continuous=0.01847220 gripper=0.00183806
PHASE1B_TRAIN_STEP step=8900 loss=0.02530749 continuous=0.02001938 gripper=0.00528810
PHASE1B_TRAIN_STEP step=8950 loss=0.02096985 continuous=0.01927438 gripper=0.00169546
PHASE1B_TRAIN_STEP step=9000 loss=0.02365492 continuous=0.01900162 gripper=0.00465329
PHASE1B_CALIBRATION step=9000 macro_total=1.38472108 stale=8
CHECKPOINT_COMPLETE component=phase1b_actor step=9000 path=/mnt/cpfs/zbl-cpfs-new/CKPT/leon/torch/r16p19_libero_phase1b/v2/fallback_per_effect/MOKA_GRASPED/step_000009000
PHASE1B_TRAIN_STEP step=1 loss=0.57261175 continuous=0.53397042 gripper=0.03864136
PHASE1B_TRAIN_STEP step=50 loss=0.14138432 continuous=0.13485484 gripper=0.00652949
PHASE1B_TRAIN_STEP step=100 loss=0.11633070 continuous=0.10316997 gripper=0.01316072
PHASE1B_TRAIN_STEP step=150 loss=0.06497049 continuous=0.06178506 gripper=0.00318543
PHASE1B_TRAIN_STEP step=200 loss=0.05931478 continuous=0.05625090 gripper=0.00306388
PHASE1B_TRAIN_STEP step=250 loss=0.05348866 continuous=0.05091762 gripper=0.00257104
PHASE1B_TRAIN_STEP step=300 loss=0.04610504 continuous=0.04414179 gripper=0.00196325
PHASE1B_TRAIN_STEP step=350 loss=0.04805016 continuous=0.04720686 gripper=0.00084330
PHASE1B_TRAIN_STEP step=400 loss=0.03561044 continuous=0.03432962 gripper=0.00128082
PHASE1B_TRAIN_STEP step=450 loss=0.03673052 continuous=0.03535074 gripper=0.00137978
PHASE1B_TRAIN_STEP step=500 loss=0.03385396 continuous=0.03208496 gripper=0.00176900
PHASE1B_CALIBRATION step=500 macro_total=0.27458870 stale=0
PHASE1B_TRAIN_STEP step=550 loss=0.03075049 continuous=0.03020851 gripper=0.00054198
PHASE1B_TRAIN_STEP step=600 loss=0.02924113 continuous=0.02795168 gripper=0.00128945
PHASE1B_TRAIN_STEP step=650 loss=0.03309886 continuous=0.03083458 gripper=0.00226428
PHASE1B_TRAIN_STEP step=700 loss=0.02642296 continuous=0.02501461 gripper=0.00140836
PHASE1B_TRAIN_STEP step=750 loss=0.03062642 continuous=0.02902675 gripper=0.00159967
PHASE1B_TRAIN_STEP step=800 loss=0.02393545 continuous=0.02266550 gripper=0.00126996
PHASE1B_TRAIN_STEP step=850 loss=0.02609782 continuous=0.02515155 gripper=0.00094627
PHASE1B_TRAIN_STEP step=900 loss=0.02730075 continuous=0.02284324 gripper=0.00445752
PHASE1B_TRAIN_STEP step=950 loss=0.02262233 continuous=0.02201480 gripper=0.00060753
PHASE1B_TRAIN_STEP step=1000 loss=0.02360346 continuous=0.02155986 gripper=0.00204360
PHASE1B_CALIBRATION step=1000 macro_total=0.29039170 stale=0
PHASE1B_TRAIN_STEP step=1050 loss=0.02182559 continuous=0.02015210 gripper=0.00167349
PHASE1B_TRAIN_STEP step=1100 loss=0.01991600 continuous=0.01914729 gripper=0.00076871
PHASE1B_TRAIN_STEP step=1150 loss=0.01922940 continuous=0.01889890 gripper=0.00033051
PHASE1B_TRAIN_STEP step=1200 loss=0.01887231 continuous=0.01831381 gripper=0.00055850
PHASE1B_TRAIN_STEP step=1250 loss=0.01904369 continuous=0.01882977 gripper=0.00021392
PHASE1B_TRAIN_STEP step=1300 loss=0.01679299 continuous=0.01647742 gripper=0.00031557
PHASE1B_TRAIN_STEP step=1350 loss=0.01656984 continuous=0.01609843 gripper=0.00047141
PHASE1B_TRAIN_STEP step=1400 loss=0.01749845 continuous=0.01731717 gripper=0.00018128
PHASE1B_TRAIN_STEP step=1450 loss=0.01676411 continuous=0.01574357 gripper=0.00102054
PHASE1B_TRAIN_STEP step=1500 loss=0.01809981 continuous=0.01571050 gripper=0.00238931
PHASE1B_CALIBRATION step=1500 macro_total=0.28019568 stale=0
PHASE1B_TRAIN_STEP step=1550 loss=0.01723567 continuous=0.01650056 gripper=0.00073511
PHASE1B_TRAIN_STEP step=1600 loss=0.01870763 continuous=0.01713296 gripper=0.00157466
PHASE1B_TRAIN_STEP step=1650 loss=0.01756209 continuous=0.01704202 gripper=0.00052007
PHASE1B_TRAIN_STEP step=1700 loss=0.01525147 continuous=0.01511043 gripper=0.00014103
PHASE1B_TRAIN_STEP step=1750 loss=0.01691101 continuous=0.01654168 gripper=0.00036933
PHASE1B_TRAIN_STEP step=1800 loss=0.02657996 continuous=0.02099641 gripper=0.00558355
PHASE1B_TRAIN_STEP step=1850 loss=0.01408935 continuous=0.01362736 gripper=0.00046199
PHASE1B_TRAIN_STEP step=1900 loss=0.01545099 continuous=0.01498648 gripper=0.00046451
PHASE1B_TRAIN_STEP step=1950 loss=0.01568083 continuous=0.01409793 gripper=0.00158290
PHASE1B_TRAIN_STEP step=2000 loss=0.01378595 continuous=0.01369317 gripper=0.00009278
PHASE1B_CALIBRATION step=2000 macro_total=0.28745144 stale=0
PHASE1B_TRAIN_STEP step=2050 loss=0.01584129 continuous=0.01510566 gripper=0.00073564
PHASE1B_TRAIN_STEP step=2100 loss=0.01439756 continuous=0.01380594 gripper=0.00059162
PHASE1B_TRAIN_STEP step=2150 loss=0.01505025 continuous=0.01344759 gripper=0.00160266
PHASE1B_TRAIN_STEP step=2200 loss=0.01410048 continuous=0.01325544 gripper=0.00084504
PHASE1B_TRAIN_STEP step=2250 loss=0.01315904 continuous=0.01284183 gripper=0.00031721
PHASE1B_TRAIN_STEP step=2300 loss=0.01247680 continuous=0.01196613 gripper=0.00051066
PHASE1B_TRAIN_STEP step=2350 loss=0.01914079 continuous=0.01393542 gripper=0.00520537
PHASE1B_TRAIN_STEP step=2400 loss=0.01325264 continuous=0.01232224 gripper=0.00093040
PHASE1B_TRAIN_STEP step=2450 loss=0.01315328 continuous=0.01279346 gripper=0.00035982
PHASE1B_TRAIN_STEP step=2500 loss=0.01685797 continuous=0.01318004 gripper=0.00367793
PHASE1B_CALIBRATION step=2500 macro_total=0.26600485 stale=0
CHECKPOINT_COMPLETE component=phase1b_actor step=2500 path=/mnt/cpfs/zbl-cpfs-new/CKPT/leon/torch/r16p19_libero_phase1b/v2/fallback_per_effect/MOKA_ON_STOVE/step_000002500
PHASE1B_TRAIN_STEP step=2550 loss=0.01272147 continuous=0.01254908 gripper=0.00017239
PHASE1B_TRAIN_STEP step=2600 loss=0.01436196 continuous=0.01154058 gripper=0.00282138
PHASE1B_TRAIN_STEP step=2650 loss=0.01260142 continuous=0.01231697 gripper=0.00028445
PHASE1B_TRAIN_STEP step=2700 loss=0.01329271 continuous=0.01209277 gripper=0.00119995
PHASE1B_TRAIN_STEP step=2750 loss=0.01181537 continuous=0.01114226 gripper=0.00067311
PHASE1B_TRAIN_STEP step=2800 loss=0.01176732 continuous=0.01140871 gripper=0.00035860
PHASE1B_TRAIN_STEP step=2850 loss=0.01134159 continuous=0.01112922 gripper=0.00021237
PHASE1B_TRAIN_STEP step=2900 loss=0.01291588 continuous=0.01262443 gripper=0.00029145
PHASE1B_TRAIN_STEP step=2950 loss=0.01234072 continuous=0.01212201 gripper=0.00021871
PHASE1B_TRAIN_STEP step=3000 loss=0.01153237 continuous=0.01080866 gripper=0.00072371
PHASE1B_CALIBRATION step=3000 macro_total=0.30061672 stale=0
PHASE1B_TRAIN_STEP step=3050 loss=0.01270293 continuous=0.01121267 gripper=0.00149025
PHASE1B_TRAIN_STEP step=3100 loss=0.01094408 continuous=0.01054494 gripper=0.00039913
PHASE1B_TRAIN_STEP step=3150 loss=0.00973082 continuous=0.00967748 gripper=0.00005333
PHASE1B_TRAIN_STEP step=3200 loss=0.01285062 continuous=0.01073197 gripper=0.00211865
PHASE1B_TRAIN_STEP step=3250 loss=0.01114530 continuous=0.01035494 gripper=0.00079036
PHASE1B_TRAIN_STEP step=3300 loss=0.01533994 continuous=0.01280938 gripper=0.00253056
PHASE1B_TRAIN_STEP step=3350 loss=0.00916248 continuous=0.00893116 gripper=0.00023132
PHASE1B_TRAIN_STEP step=3400 loss=0.01100411 continuous=0.01030592 gripper=0.00069819
PHASE1B_TRAIN_STEP step=3450 loss=0.00977239 continuous=0.00960239 gripper=0.00017000
PHASE1B_TRAIN_STEP step=3500 loss=0.01509718 continuous=0.01025632 gripper=0.00484086
PHASE1B_CALIBRATION step=3500 macro_total=0.26756652 stale=0
PHASE1B_TRAIN_STEP step=3550 loss=0.01081864 continuous=0.01075112 gripper=0.00006751
PHASE1B_TRAIN_STEP step=3600 loss=0.01020072 continuous=0.01000786 gripper=0.00019286
PHASE1B_TRAIN_STEP step=3650 loss=0.01013847 continuous=0.00996161 gripper=0.00017686
PHASE1B_TRAIN_STEP step=3700 loss=0.01006522 continuous=0.00973218 gripper=0.00033304
PHASE1B_TRAIN_STEP step=3750 loss=0.01019356 continuous=0.00966968 gripper=0.00052389
PHASE1B_TRAIN_STEP step=3800 loss=0.00892537 continuous=0.00886962 gripper=0.00005576
PHASE1B_TRAIN_STEP step=3850 loss=0.00921179 continuous=0.00912116 gripper=0.00009063
PHASE1B_TRAIN_STEP step=3900 loss=0.00921569 continuous=0.00918224 gripper=0.00003345
PHASE1B_TRAIN_STEP step=3950 loss=0.01007418 continuous=0.01000110 gripper=0.00007308
PHASE1B_TRAIN_STEP step=4000 loss=0.00931633 continuous=0.00913529 gripper=0.00018104
PHASE1B_CALIBRATION step=4000 macro_total=0.28521127 stale=0
PHASE1B_TRAIN_STEP step=4050 loss=0.01095491 continuous=0.00831677 gripper=0.00263814
PHASE1B_TRAIN_STEP step=4100 loss=0.00860995 continuous=0.00786725 gripper=0.00074270
PHASE1B_TRAIN_STEP step=4150 loss=0.01045480 continuous=0.00922366 gripper=0.00123114
PHASE1B_TRAIN_STEP step=4200 loss=0.01011906 continuous=0.00966158 gripper=0.00045747
PHASE1B_TRAIN_STEP step=4250 loss=0.00946368 continuous=0.00903262 gripper=0.00043105
PHASE1B_TRAIN_STEP step=4300 loss=0.00957551 continuous=0.00892889 gripper=0.00064663
PHASE1B_TRAIN_STEP step=4350 loss=0.00897753 continuous=0.00837308 gripper=0.00060445
PHASE1B_TRAIN_STEP step=4400 loss=0.00906307 continuous=0.00876686 gripper=0.00029621
PHASE1B_TRAIN_STEP step=4450 loss=0.00934427 continuous=0.00866269 gripper=0.00068158
PHASE1B_TRAIN_STEP step=4500 loss=0.00955190 continuous=0.00946732 gripper=0.00008458
PHASE1B_CALIBRATION step=4500 macro_total=0.29175563 stale=0
PHASE1B_TRAIN_STEP step=4550 loss=0.00919250 continuous=0.00873807 gripper=0.00045444
PHASE1B_TRAIN_STEP step=4600 loss=0.00956111 continuous=0.00880143 gripper=0.00075968
PHASE1B_TRAIN_STEP step=4650 loss=0.00916958 continuous=0.00890472 gripper=0.00026486
PHASE1B_TRAIN_STEP step=4700 loss=0.00871060 continuous=0.00859321 gripper=0.00011739
PHASE1B_TRAIN_STEP step=4750 loss=0.00940344 continuous=0.00858429 gripper=0.00081915
PHASE1B_TRAIN_STEP step=4800 loss=0.00816852 continuous=0.00795341 gripper=0.00021511
PHASE1B_TRAIN_STEP step=4850 loss=0.00830243 continuous=0.00826994 gripper=0.00003249
PHASE1B_TRAIN_STEP step=4900 loss=0.00861228 continuous=0.00793651 gripper=0.00067577
PHASE1B_TRAIN_STEP step=4950 loss=0.00907970 continuous=0.00891303 gripper=0.00016667
PHASE1B_TRAIN_STEP step=5000 loss=0.00997852 continuous=0.00827453 gripper=0.00170400
PHASE1B_CALIBRATION step=5000 macro_total=0.27149729 stale=0
CHECKPOINT_COMPLETE component=phase1b_actor step=5000 path=/mnt/cpfs/zbl-cpfs-new/CKPT/leon/torch/r16p19_libero_phase1b/v2/fallback_per_effect/MOKA_ON_STOVE/step_000005000
PHASE1B_TRAIN_STEP step=5050 loss=0.00777800 continuous=0.00772913 gripper=0.00004886
PHASE1B_TRAIN_STEP step=5100 loss=0.00923205 continuous=0.00894452 gripper=0.00028753
PHASE1B_TRAIN_STEP step=5150 loss=0.00873155 continuous=0.00821876 gripper=0.00051279
PHASE1B_TRAIN_STEP step=5200 loss=0.00874267 continuous=0.00793982 gripper=0.00080285
PHASE1B_TRAIN_STEP step=5250 loss=0.00985655 continuous=0.00876915 gripper=0.00108740
PHASE1B_TRAIN_STEP step=5300 loss=0.00952032 continuous=0.00859855 gripper=0.00092176
PHASE1B_TRAIN_STEP step=5350 loss=0.00884832 continuous=0.00796053 gripper=0.00088779
PHASE1B_TRAIN_STEP step=5400 loss=0.00743540 continuous=0.00692251 gripper=0.00051288
PHASE1B_TRAIN_STEP step=5450 loss=0.00818742 continuous=0.00801585 gripper=0.00017157
PHASE1B_TRAIN_STEP step=5500 loss=0.00787554 continuous=0.00782442 gripper=0.00005112
PHASE1B_CALIBRATION step=5500 macro_total=0.30126950 stale=1
PHASE1B_TRAIN_STEP step=5550 loss=0.00806328 continuous=0.00790207 gripper=0.00016121
PHASE1B_TRAIN_STEP step=5600 loss=0.00917466 continuous=0.00835028 gripper=0.00082438
PHASE1B_TRAIN_STEP step=5650 loss=0.00783607 continuous=0.00779935 gripper=0.00003672
PHASE1B_TRAIN_STEP step=5700 loss=0.00966420 continuous=0.00774542 gripper=0.00191878
PHASE1B_TRAIN_STEP step=5750 loss=0.00825527 continuous=0.00777234 gripper=0.00048293
PHASE1B_TRAIN_STEP step=5800 loss=0.00790910 continuous=0.00764311 gripper=0.00026599
PHASE1B_TRAIN_STEP step=5850 loss=0.00716898 continuous=0.00712628 gripper=0.00004270
PHASE1B_TRAIN_STEP step=5900 loss=0.00962768 continuous=0.00821390 gripper=0.00141378
PHASE1B_TRAIN_STEP step=5950 loss=0.00695587 continuous=0.00647919 gripper=0.00047668
PHASE1B_TRAIN_STEP step=6000 loss=0.00794797 continuous=0.00759892 gripper=0.00034905
PHASE1B_CALIBRATION step=6000 macro_total=0.30299542 stale=2
PHASE1B_TRAIN_STEP step=6050 loss=0.00845452 continuous=0.00767467 gripper=0.00077986
PHASE1B_TRAIN_STEP step=6100 loss=0.00829445 continuous=0.00778296 gripper=0.00051149
PHASE1B_TRAIN_STEP step=6150 loss=0.00783443 continuous=0.00731482 gripper=0.00051961
PHASE1B_TRAIN_STEP step=6200 loss=0.00720050 continuous=0.00717618 gripper=0.00002431
PHASE1B_TRAIN_STEP step=6250 loss=0.00693887 continuous=0.00653545 gripper=0.00040342
PHASE1B_TRAIN_STEP step=6300 loss=0.00683448 continuous=0.00659579 gripper=0.00023869
PHASE1B_TRAIN_STEP step=6350 loss=0.00759266 continuous=0.00756560 gripper=0.00002706
PHASE1B_TRAIN_STEP step=6400 loss=0.00738059 continuous=0.00728121 gripper=0.00009938
PHASE1B_TRAIN_STEP step=6450 loss=0.00677876 continuous=0.00661585 gripper=0.00016291
PHASE1B_TRAIN_STEP step=6500 loss=0.00799486 continuous=0.00753085 gripper=0.00046401
PHASE1B_CALIBRATION step=6500 macro_total=0.30857572 stale=3
PHASE1B_TRAIN_STEP step=6550 loss=0.00738318 continuous=0.00705051 gripper=0.00033267
PHASE1B_TRAIN_STEP step=6600 loss=0.00813649 continuous=0.00748702 gripper=0.00064947
PHASE1B_TRAIN_STEP step=6650 loss=0.00754456 continuous=0.00689143 gripper=0.00065314
PHASE1B_TRAIN_STEP step=6700 loss=0.00685262 continuous=0.00670698 gripper=0.00014564
PHASE1B_TRAIN_STEP step=6750 loss=0.00733871 continuous=0.00713986 gripper=0.00019884
PHASE1B_TRAIN_STEP step=6800 loss=0.00774886 continuous=0.00755584 gripper=0.00019302
PHASE1B_TRAIN_STEP step=6850 loss=0.00696557 continuous=0.00628875 gripper=0.00067683
PHASE1B_TRAIN_STEP step=6900 loss=0.00771345 continuous=0.00767880 gripper=0.00003465
PHASE1B_TRAIN_STEP step=6950 loss=0.00709132 continuous=0.00694641 gripper=0.00014492
PHASE1B_TRAIN_STEP step=7000 loss=0.00713025 continuous=0.00691098 gripper=0.00021927
PHASE1B_CALIBRATION step=7000 macro_total=0.30878192 stale=4
PHASE1B_TRAIN_STEP step=7050 loss=0.00701201 continuous=0.00690260 gripper=0.00010941
PHASE1B_TRAIN_STEP step=7100 loss=0.00692519 continuous=0.00684537 gripper=0.00007982
PHASE1B_TRAIN_STEP step=7150 loss=0.00661120 continuous=0.00634875 gripper=0.00026245
PHASE1B_TRAIN_STEP step=7200 loss=0.00737438 continuous=0.00714551 gripper=0.00022887
PHASE1B_TRAIN_STEP step=7250 loss=0.00640885 continuous=0.00638808 gripper=0.00002076
PHASE1B_TRAIN_STEP step=7300 loss=0.00721812 continuous=0.00663467 gripper=0.00058346
PHASE1B_TRAIN_STEP step=7350 loss=0.00749702 continuous=0.00737908 gripper=0.00011794
PHASE1B_TRAIN_STEP step=7400 loss=0.00791307 continuous=0.00746739 gripper=0.00044568
PHASE1B_TRAIN_STEP step=7450 loss=0.00764062 continuous=0.00713469 gripper=0.00050594
PHASE1B_TRAIN_STEP step=7500 loss=0.00678049 continuous=0.00675102 gripper=0.00002947
PHASE1B_CALIBRATION step=7500 macro_total=0.30726719 stale=5
CHECKPOINT_COMPLETE component=phase1b_actor step=7500 path=/mnt/cpfs/zbl-cpfs-new/CKPT/leon/torch/r16p19_libero_phase1b/v2/fallback_per_effect/MOKA_ON_STOVE/step_000007500
PHASE1B_TRAIN_STEP step=7550 loss=0.00656071 continuous=0.00633291 gripper=0.00022780
PHASE1B_TRAIN_STEP step=7600 loss=0.00700386 continuous=0.00695189 gripper=0.00005197
PHASE1B_TRAIN_STEP step=7650 loss=0.00663416 continuous=0.00643416 gripper=0.00020000
PHASE1B_TRAIN_STEP step=7700 loss=0.00674219 continuous=0.00668647 gripper=0.00005572
PHASE1B_TRAIN_STEP step=7750 loss=0.00815455 continuous=0.00782443 gripper=0.00033012
PHASE1B_TRAIN_STEP step=7800 loss=0.00655022 continuous=0.00576188 gripper=0.00078834
PHASE1B_TRAIN_STEP step=7850 loss=0.00703594 continuous=0.00652475 gripper=0.00051119
PHASE1B_TRAIN_STEP step=7900 loss=0.00695893 continuous=0.00686298 gripper=0.00009594
PHASE1B_TRAIN_STEP step=7950 loss=0.00660126 continuous=0.00654082 gripper=0.00006044
PHASE1B_TRAIN_STEP step=8000 loss=0.00637377 continuous=0.00634849 gripper=0.00002528
PHASE1B_CALIBRATION step=8000 macro_total=0.30908902 stale=6
PHASE1B_TRAIN_STEP step=8050 loss=0.00649621 continuous=0.00619597 gripper=0.00030024
PHASE1B_TRAIN_STEP step=8100 loss=0.00684652 continuous=0.00681017 gripper=0.00003635
PHASE1B_TRAIN_STEP step=8150 loss=0.00686112 continuous=0.00675137 gripper=0.00010975
PHASE1B_TRAIN_STEP step=8200 loss=0.00718406 continuous=0.00705700 gripper=0.00012707
PHASE1B_TRAIN_STEP step=8250 loss=0.00687412 continuous=0.00684314 gripper=0.00003098
PHASE1B_TRAIN_STEP step=8300 loss=0.00595674 continuous=0.00590898 gripper=0.00004776
PHASE1B_TRAIN_STEP step=8350 loss=0.00680205 continuous=0.00666263 gripper=0.00013943
PHASE1B_TRAIN_STEP step=8400 loss=0.00754257 continuous=0.00707709 gripper=0.00046548
PHASE1B_TRAIN_STEP step=8450 loss=0.00663599 continuous=0.00645183 gripper=0.00018416
PHASE1B_TRAIN_STEP step=8500 loss=0.00667818 continuous=0.00656534 gripper=0.00011285
PHASE1B_CALIBRATION step=8500 macro_total=0.30965718 stale=7
PHASE1B_TRAIN_STEP step=8550 loss=0.00711984 continuous=0.00706549 gripper=0.00005434
PHASE1B_TRAIN_STEP step=8600 loss=0.00695796 continuous=0.00691399 gripper=0.00004396
PHASE1B_TRAIN_STEP step=8650 loss=0.00768100 continuous=0.00746206 gripper=0.00021894
PHASE1B_TRAIN_STEP step=8700 loss=0.00637235 continuous=0.00635305 gripper=0.00001930
PHASE1B_TRAIN_STEP step=8750 loss=0.00635981 continuous=0.00628190 gripper=0.00007791
PHASE1B_TRAIN_STEP step=8800 loss=0.00626327 continuous=0.00620130 gripper=0.00006197
PHASE1B_TRAIN_STEP step=8850 loss=0.00651405 continuous=0.00628799 gripper=0.00022606
PHASE1B_TRAIN_STEP step=8900 loss=0.00682913 continuous=0.00622086 gripper=0.00060827
PHASE1B_TRAIN_STEP step=8950 loss=0.00712934 continuous=0.00676418 gripper=0.00036516
PHASE1B_TRAIN_STEP step=9000 loss=0.00579289 continuous=0.00573640 gripper=0.00005649
PHASE1B_CALIBRATION step=9000 macro_total=0.30927376 stale=8
CHECKPOINT_COMPLETE component=phase1b_actor step=9000 path=/mnt/cpfs/zbl-cpfs-new/CKPT/leon/torch/r16p19_libero_phase1b/v2/fallback_per_effect/MOKA_ON_STOVE/step_000009000
PHASE1B_TRAIN_STEP step=1 loss=1.34943867 continuous=0.58013433 gripper=0.76930428
PHASE1B_TRAIN_STEP step=50 loss=0.21391830 continuous=0.11858257 gripper=0.09533574
PHASE1B_TRAIN_STEP step=100 loss=0.17551833 continuous=0.06614270 gripper=0.10937564
PHASE1B_TRAIN_STEP step=150 loss=0.10825925 continuous=0.04680599 gripper=0.06145325
PHASE1B_TRAIN_STEP step=200 loss=0.07736514 continuous=0.04152329 gripper=0.03584185
PHASE1B_TRAIN_STEP step=250 loss=0.09602652 continuous=0.03670719 gripper=0.05931932
PHASE1B_TRAIN_STEP step=300 loss=0.08869368 continuous=0.02962019 gripper=0.05907349
PHASE1B_TRAIN_STEP step=350 loss=0.07203043 continuous=0.03181937 gripper=0.04021107
PHASE1B_TRAIN_STEP step=400 loss=0.05262789 continuous=0.02719389 gripper=0.02543400
PHASE1B_TRAIN_STEP step=450 loss=0.04802326 continuous=0.02373357 gripper=0.02428969
PHASE1B_TRAIN_STEP step=500 loss=0.05377662 continuous=0.02274477 gripper=0.03103185
PHASE1B_CALIBRATION step=500 macro_total=2.75314462 stale=0
PHASE1B_TRAIN_STEP step=550 loss=0.04268644 continuous=0.02361809 gripper=0.01906835
PHASE1B_TRAIN_STEP step=600 loss=0.04465821 continuous=0.02054654 gripper=0.02411167
PHASE1B_TRAIN_STEP step=650 loss=0.06216291 continuous=0.02037027 gripper=0.04179263
PHASE1B_TRAIN_STEP step=700 loss=0.02246049 continuous=0.01835697 gripper=0.00410353
PHASE1B_TRAIN_STEP step=750 loss=0.04714380 continuous=0.01853014 gripper=0.02861366
PHASE1B_TRAIN_STEP step=800 loss=0.03659750 continuous=0.01710990 gripper=0.01948759
PHASE1B_TRAIN_STEP step=850 loss=0.03836235 continuous=0.01701776 gripper=0.02134459
PHASE1B_TRAIN_STEP step=900 loss=0.03225928 continuous=0.01691075 gripper=0.01534853
PHASE1B_TRAIN_STEP step=950 loss=0.02342508 continuous=0.01633884 gripper=0.00708624
PHASE1B_TRAIN_STEP step=1000 loss=0.01990845 continuous=0.01345878 gripper=0.00644968
PHASE1B_CALIBRATION step=1000 macro_total=3.05952084 stale=0
PHASE1B_TRAIN_STEP step=1050 loss=0.03364186 continuous=0.01455895 gripper=0.01908291
PHASE1B_TRAIN_STEP step=1100 loss=0.02187651 continuous=0.01670381 gripper=0.00517269
PHASE1B_TRAIN_STEP step=1150 loss=0.02706715 continuous=0.01373989 gripper=0.01332726
PHASE1B_TRAIN_STEP step=1200 loss=0.02391172 continuous=0.01364635 gripper=0.01026537
PHASE1B_TRAIN_STEP step=1250 loss=0.02085640 continuous=0.01266547 gripper=0.00819092
PHASE1B_TRAIN_STEP step=1300 loss=0.02783757 continuous=0.01240003 gripper=0.01543754
PHASE1B_TRAIN_STEP step=1350 loss=0.01446497 continuous=0.01217156 gripper=0.00229341
PHASE1B_TRAIN_STEP step=1400 loss=0.01398921 continuous=0.01103901 gripper=0.00295020
PHASE1B_TRAIN_STEP step=1450 loss=0.01197475 continuous=0.01082821 gripper=0.00114654
PHASE1B_TRAIN_STEP step=1500 loss=0.01702310 continuous=0.01180628 gripper=0.00521682
PHASE1B_CALIBRATION step=1500 macro_total=3.22714210 stale=0
PHASE1B_TRAIN_STEP step=1550 loss=0.01214662 continuous=0.01112808 gripper=0.00101853
PHASE1B_TRAIN_STEP step=1600 loss=0.01103580 continuous=0.00928835 gripper=0.00174745
PHASE1B_TRAIN_STEP step=1650 loss=0.01082740 continuous=0.00951903 gripper=0.00130838
PHASE1B_TRAIN_STEP step=1700 loss=0.01770116 continuous=0.00980151 gripper=0.00789965
PHASE1B_TRAIN_STEP step=1750 loss=0.01595598 continuous=0.01083588 gripper=0.00512010
PHASE1B_TRAIN_STEP step=1800 loss=0.01222767 continuous=0.01026409 gripper=0.00196358
PHASE1B_TRAIN_STEP step=1850 loss=0.01097918 continuous=0.01031638 gripper=0.00066280
PHASE1B_TRAIN_STEP step=1900 loss=0.01245740 continuous=0.01048497 gripper=0.00197243
PHASE1B_TRAIN_STEP step=1950 loss=0.01394416 continuous=0.00937520 gripper=0.00456896
PHASE1B_TRAIN_STEP step=2000 loss=0.01028117 continuous=0.00953742 gripper=0.00074375
PHASE1B_CALIBRATION step=2000 macro_total=3.23905158 stale=0
PHASE1B_TRAIN_STEP step=2050 loss=0.01039983 continuous=0.00896129 gripper=0.00143854
PHASE1B_TRAIN_STEP step=2100 loss=0.01157599 continuous=0.00945083 gripper=0.00212516
PHASE1B_TRAIN_STEP step=2150 loss=0.02462279 continuous=0.00843703 gripper=0.01618576
PHASE1B_TRAIN_STEP step=2200 loss=0.00907054 continuous=0.00844700 gripper=0.00062354
PHASE1B_TRAIN_STEP step=2250 loss=0.00974984 continuous=0.00810906 gripper=0.00164079
PHASE1B_TRAIN_STEP step=2300 loss=0.02147740 continuous=0.00917630 gripper=0.01230111
PHASE1B_TRAIN_STEP step=2350 loss=0.01150848 continuous=0.00865811 gripper=0.00285037
PHASE1B_TRAIN_STEP step=2400 loss=0.00979237 continuous=0.00924317 gripper=0.00054920
PHASE1B_TRAIN_STEP step=2450 loss=0.01974162 continuous=0.00913757 gripper=0.01060405
PHASE1B_TRAIN_STEP step=2500 loss=0.01096973 continuous=0.00897189 gripper=0.00199784
PHASE1B_CALIBRATION step=2500 macro_total=3.30009079 stale=0
CHECKPOINT_COMPLETE component=phase1b_actor step=2500 path=/mnt/cpfs/zbl-cpfs-new/CKPT/leon/torch/r16p19_libero_phase1b/v2/fallback_per_effect/MOKA_RELEASED_ON_STOVE/step_000002500
PHASE1B_TRAIN_STEP step=2550 loss=0.00897019 continuous=0.00816867 gripper=0.00080152
PHASE1B_TRAIN_STEP step=2600 loss=0.01350440 continuous=0.00799250 gripper=0.00551190
PHASE1B_TRAIN_STEP step=2650 loss=0.00878356 continuous=0.00767549 gripper=0.00110808
PHASE1B_TRAIN_STEP step=2700 loss=0.00874597 continuous=0.00754177 gripper=0.00120420
PHASE1B_TRAIN_STEP step=2750 loss=0.00911181 continuous=0.00841330 gripper=0.00069851
PHASE1B_TRAIN_STEP step=2800 loss=0.01022036 continuous=0.00749080 gripper=0.00272956
PHASE1B_TRAIN_STEP step=2850 loss=0.00857448 continuous=0.00736041 gripper=0.00121406
PHASE1B_TRAIN_STEP step=2900 loss=0.00652631 continuous=0.00634291 gripper=0.00018340
PHASE1B_TRAIN_STEP step=2950 loss=0.00696054 continuous=0.00674525 gripper=0.00021529
PHASE1B_TRAIN_STEP step=3000 loss=0.00985821 continuous=0.00728531 gripper=0.00257291
PHASE1B_CALIBRATION step=3000 macro_total=3.59639275 stale=0
PHASE1B_TRAIN_STEP step=3050 loss=0.00705483 continuous=0.00664044 gripper=0.00041439
PHASE1B_TRAIN_STEP step=3100 loss=0.01283647 continuous=0.00582044 gripper=0.00701602
PHASE1B_TRAIN_STEP step=3150 loss=0.00861328 continuous=0.00729430 gripper=0.00131898
PHASE1B_TRAIN_STEP step=3200 loss=0.00658941 continuous=0.00616927 gripper=0.00042014
PHASE1B_TRAIN_STEP step=3250 loss=0.00687932 continuous=0.00607225 gripper=0.00080706
PHASE1B_TRAIN_STEP step=3300 loss=0.00624521 continuous=0.00589693 gripper=0.00034828
PHASE1B_TRAIN_STEP step=3350 loss=0.00672015 continuous=0.00646362 gripper=0.00025653
PHASE1B_TRAIN_STEP step=3400 loss=0.00591688 continuous=0.00571790 gripper=0.00019898
PHASE1B_TRAIN_STEP step=3450 loss=0.00627648 continuous=0.00605328 gripper=0.00022320
PHASE1B_TRAIN_STEP step=3500 loss=0.00578564 continuous=0.00543167 gripper=0.00035397
PHASE1B_CALIBRATION step=3500 macro_total=3.67026973 stale=0
PHASE1B_TRAIN_STEP step=3550 loss=0.00837718 continuous=0.00567845 gripper=0.00269873
PHASE1B_TRAIN_STEP step=3600 loss=0.00588863 continuous=0.00572035 gripper=0.00016828
PHASE1B_TRAIN_STEP step=3650 loss=0.00539008 continuous=0.00520114 gripper=0.00018894
PHASE1B_TRAIN_STEP step=3700 loss=0.00562151 continuous=0.00546757 gripper=0.00015393
PHASE1B_TRAIN_STEP step=3750 loss=0.00938897 continuous=0.00626870 gripper=0.00312026
PHASE1B_TRAIN_STEP step=3800 loss=0.00910431 continuous=0.00582509 gripper=0.00327922
PHASE1B_TRAIN_STEP step=3850 loss=0.00818373 continuous=0.00547501 gripper=0.00270872
PHASE1B_TRAIN_STEP step=3900 loss=0.00713626 continuous=0.00666122 gripper=0.00047504
PHASE1B_TRAIN_STEP step=3950 loss=0.00639812 continuous=0.00594840 gripper=0.00044971
PHASE1B_TRAIN_STEP step=4000 loss=0.00667965 continuous=0.00592292 gripper=0.00075674
PHASE1B_CALIBRATION step=4000 macro_total=3.89588368 stale=0
PHASE1B_TRAIN_STEP step=4050 loss=0.00582381 continuous=0.00538723 gripper=0.00043658
PHASE1B_TRAIN_STEP step=4100 loss=0.00604236 continuous=0.00581992 gripper=0.00022244
PHASE1B_TRAIN_STEP step=4150 loss=0.00519503 continuous=0.00503146 gripper=0.00016357
PHASE1B_TRAIN_STEP step=4200 loss=0.00728713 continuous=0.00656655 gripper=0.00072058
PHASE1B_TRAIN_STEP step=4250 loss=0.00903360 continuous=0.00540342 gripper=0.00363018
PHASE1B_TRAIN_STEP step=4300 loss=0.00576920 continuous=0.00506555 gripper=0.00070365
PHASE1B_TRAIN_STEP step=4350 loss=0.00624578 continuous=0.00509730 gripper=0.00114848
PHASE1B_TRAIN_STEP step=4400 loss=0.00547892 continuous=0.00533297 gripper=0.00014595
PHASE1B_TRAIN_STEP step=4450 loss=0.00519279 continuous=0.00502779 gripper=0.00016501
PHASE1B_TRAIN_STEP step=4500 loss=0.00720153 continuous=0.00502667 gripper=0.00217486
PHASE1B_CALIBRATION step=4500 macro_total=3.96859205 stale=0
PHASE1B_TRAIN_STEP step=4550 loss=0.00572232 continuous=0.00545094 gripper=0.00027138
PHASE1B_TRAIN_STEP step=4600 loss=0.00476769 continuous=0.00444176 gripper=0.00032594
PHASE1B_TRAIN_STEP step=4650 loss=0.00523846 continuous=0.00509711 gripper=0.00014135
PHASE1B_TRAIN_STEP step=4700 loss=0.00890907 continuous=0.00498633 gripper=0.00392274
PHASE1B_TRAIN_STEP step=4750 loss=0.00526754 continuous=0.00504162 gripper=0.00022592
PHASE1B_TRAIN_STEP step=4800 loss=0.00430420 continuous=0.00403844 gripper=0.00026576
PHASE1B_TRAIN_STEP step=4850 loss=0.00661589 continuous=0.00517859 gripper=0.00143730
PHASE1B_TRAIN_STEP step=4900 loss=0.00571602 continuous=0.00482356 gripper=0.00089246
PHASE1B_TRAIN_STEP step=4950 loss=0.00475364 continuous=0.00456768 gripper=0.00018596
PHASE1B_TRAIN_STEP step=5000 loss=0.00503297 continuous=0.00483880 gripper=0.00019418
PHASE1B_CALIBRATION step=5000 macro_total=3.93277395 stale=0
CHECKPOINT_COMPLETE component=phase1b_actor step=5000 path=/mnt/cpfs/zbl-cpfs-new/CKPT/leon/torch/r16p19_libero_phase1b/v2/fallback_per_effect/MOKA_RELEASED_ON_STOVE/step_000005000
PHASE1B_TRAIN_STEP step=5050 loss=0.00574291 continuous=0.00561386 gripper=0.00012906
PHASE1B_TRAIN_STEP step=5100 loss=0.00451730 continuous=0.00436033 gripper=0.00015697
PHASE1B_TRAIN_STEP step=5150 loss=0.00470918 continuous=0.00455956 gripper=0.00014962
PHASE1B_TRAIN_STEP step=5200 loss=0.00420450 continuous=0.00411066 gripper=0.00009384
PHASE1B_TRAIN_STEP step=5250 loss=0.00529816 continuous=0.00517038 gripper=0.00012778
PHASE1B_TRAIN_STEP step=5300 loss=0.00524362 continuous=0.00512085 gripper=0.00012277
PHASE1B_TRAIN_STEP step=5350 loss=0.00488455 continuous=0.00468608 gripper=0.00019847
PHASE1B_TRAIN_STEP step=5400 loss=0.00579901 continuous=0.00474262 gripper=0.00105639
PHASE1B_TRAIN_STEP step=5450 loss=0.00912256 continuous=0.00478933 gripper=0.00433323
PHASE1B_TRAIN_STEP step=5500 loss=0.00416089 continuous=0.00397409 gripper=0.00018680
PHASE1B_CALIBRATION step=5500 macro_total=3.86713386 stale=0
PHASE1B_TRAIN_STEP step=5550 loss=0.00480939 continuous=0.00470010 gripper=0.00010929
PHASE1B_TRAIN_STEP step=5600 loss=0.00452318 continuous=0.00431546 gripper=0.00020772
PHASE1B_TRAIN_STEP step=5650 loss=0.00768238 continuous=0.00464855 gripper=0.00303383
PHASE1B_TRAIN_STEP step=5700 loss=0.00407789 continuous=0.00389036 gripper=0.00018753
PHASE1B_TRAIN_STEP step=5750 loss=0.00409127 continuous=0.00394659 gripper=0.00014468
PHASE1B_TRAIN_STEP step=5800 loss=0.00462240 continuous=0.00446133 gripper=0.00016107
PHASE1B_TRAIN_STEP step=5850 loss=0.00458487 continuous=0.00441831 gripper=0.00016655
PHASE1B_TRAIN_STEP step=5900 loss=0.00387581 continuous=0.00375014 gripper=0.00012567
PHASE1B_TRAIN_STEP step=5950 loss=0.00425278 continuous=0.00413117 gripper=0.00012162
PHASE1B_TRAIN_STEP step=6000 loss=0.00401531 continuous=0.00387086 gripper=0.00014445
PHASE1B_CALIBRATION step=6000 macro_total=3.97481656 stale=1
PHASE1B_TRAIN_STEP step=6050 loss=0.00454284 continuous=0.00383231 gripper=0.00071052
PHASE1B_TRAIN_STEP step=6100 loss=0.00408118 continuous=0.00399541 gripper=0.00008577
PHASE1B_TRAIN_STEP step=6150 loss=0.00368113 continuous=0.00360970 gripper=0.00007143
PHASE1B_TRAIN_STEP step=6200 loss=0.00393851 continuous=0.00378503 gripper=0.00015348
PHASE1B_TRAIN_STEP step=6250 loss=0.00395794 continuous=0.00387114 gripper=0.00008680
PHASE1B_TRAIN_STEP step=6300 loss=0.00418225 continuous=0.00396140 gripper=0.00022085
PHASE1B_TRAIN_STEP step=6350 loss=0.00379518 continuous=0.00370963 gripper=0.00008555
PHASE1B_TRAIN_STEP step=6400 loss=0.00440629 continuous=0.00429007 gripper=0.00011622
PHASE1B_TRAIN_STEP step=6450 loss=0.00401276 continuous=0.00388087 gripper=0.00013190
PHASE1B_TRAIN_STEP step=6500 loss=0.00378433 continuous=0.00369845 gripper=0.00008588
PHASE1B_CALIBRATION step=6500 macro_total=4.06526875 stale=2
PHASE1B_TRAIN_STEP step=6550 loss=0.00397884 continuous=0.00369574 gripper=0.00028309
PHASE1B_TRAIN_STEP step=6600 loss=0.00415140 continuous=0.00403007 gripper=0.00012133
PHASE1B_TRAIN_STEP step=6650 loss=0.00417730 continuous=0.00380677 gripper=0.00037053
PHASE1B_TRAIN_STEP step=6700 loss=0.00408590 continuous=0.00399046 gripper=0.00009543
PHASE1B_TRAIN_STEP step=6750 loss=0.00402283 continuous=0.00392627 gripper=0.00009656
PHASE1B_TRAIN_STEP step=6800 loss=0.00422729 continuous=0.00387015 gripper=0.00035714
PHASE1B_TRAIN_STEP step=6850 loss=0.00373854 continuous=0.00362272 gripper=0.00011582
PHASE1B_TRAIN_STEP step=6900 loss=0.00371142 continuous=0.00364598 gripper=0.00006544
PHASE1B_TRAIN_STEP step=6950 loss=0.00393270 continuous=0.00386637 gripper=0.00006633
PHASE1B_TRAIN_STEP step=7000 loss=0.00378266 continuous=0.00370340 gripper=0.00007926
PHASE1B_CALIBRATION step=7000 macro_total=4.06321049 stale=3
PHASE1B_TRAIN_STEP step=7050 loss=0.00365289 continuous=0.00355520 gripper=0.00009769
PHASE1B_TRAIN_STEP step=7100 loss=0.00389152 continuous=0.00377177 gripper=0.00011976
PHASE1B_TRAIN_STEP step=7150 loss=0.00389766 continuous=0.00374688 gripper=0.00015078
PHASE1B_TRAIN_STEP step=7200 loss=0.00416675 continuous=0.00396152 gripper=0.00020523
PHASE1B_TRAIN_STEP step=7250 loss=0.00345349 continuous=0.00337968 gripper=0.00007380
PHASE1B_TRAIN_STEP step=7300 loss=0.00369633 continuous=0.00363351 gripper=0.00006282
PHASE1B_TRAIN_STEP step=7350 loss=0.00368687 continuous=0.00357891 gripper=0.00010796
PHASE1B_TRAIN_STEP step=7400 loss=0.00390182 continuous=0.00381049 gripper=0.00009133
PHASE1B_TRAIN_STEP step=7450 loss=0.00339805 continuous=0.00318521 gripper=0.00021283
PHASE1B_TRAIN_STEP step=7500 loss=0.00411351 continuous=0.00397601 gripper=0.00013750
PHASE1B_CALIBRATION step=7500 macro_total=4.12936497 stale=4
CHECKPOINT_COMPLETE component=phase1b_actor step=7500 path=/mnt/cpfs/zbl-cpfs-new/CKPT/leon/torch/r16p19_libero_phase1b/v2/fallback_per_effect/MOKA_RELEASED_ON_STOVE/step_000007500
PHASE1B_TRAIN_STEP step=7550 loss=0.00391517 continuous=0.00378555 gripper=0.00012962
PHASE1B_TRAIN_STEP step=7600 loss=0.00373046 continuous=0.00364283 gripper=0.00008764
PHASE1B_TRAIN_STEP step=7650 loss=0.00402075 continuous=0.00391506 gripper=0.00010569
PHASE1B_TRAIN_STEP step=7700 loss=0.00351755 continuous=0.00347527 gripper=0.00004227
PHASE1B_TRAIN_STEP step=7750 loss=0.00353335 continuous=0.00338977 gripper=0.00014358
PHASE1B_TRAIN_STEP step=7800 loss=0.00334622 continuous=0.00325402 gripper=0.00009221
PHASE1B_TRAIN_STEP step=7850 loss=0.00332465 continuous=0.00325733 gripper=0.00006732
PHASE1B_TRAIN_STEP step=7900 loss=0.00339905 continuous=0.00326361 gripper=0.00013544
PHASE1B_TRAIN_STEP step=7950 loss=0.00363727 continuous=0.00353261 gripper=0.00010466
PHASE1B_TRAIN_STEP step=8000 loss=0.00368253 continuous=0.00360622 gripper=0.00007631
PHASE1B_CALIBRATION step=8000 macro_total=4.16988373 stale=5
PHASE1B_TRAIN_STEP step=8050 loss=0.00446595 continuous=0.00414413 gripper=0.00032182
PHASE1B_TRAIN_STEP step=8100 loss=0.00396185 continuous=0.00346559 gripper=0.00049626
PHASE1B_TRAIN_STEP step=8150 loss=0.00371882 continuous=0.00362915 gripper=0.00008967
PHASE1B_TRAIN_STEP step=8200 loss=0.00330693 continuous=0.00320983 gripper=0.00009710
PHASE1B_TRAIN_STEP step=8250 loss=0.00473043 continuous=0.00360953 gripper=0.00112090
PHASE1B_TRAIN_STEP step=8300 loss=0.00358002 continuous=0.00350535 gripper=0.00007467
PHASE1B_TRAIN_STEP step=8350 loss=0.00378445 continuous=0.00368830 gripper=0.00009615
PHASE1B_TRAIN_STEP step=8400 loss=0.00433408 continuous=0.00324359 gripper=0.00109050
PHASE1B_TRAIN_STEP step=8450 loss=0.00340720 continuous=0.00334441 gripper=0.00006280
PHASE1B_TRAIN_STEP step=8500 loss=0.00297017 continuous=0.00291660 gripper=0.00005357
PHASE1B_CALIBRATION step=8500 macro_total=4.16656804 stale=6
PHASE1B_TRAIN_STEP step=8550 loss=0.00381950 continuous=0.00376186 gripper=0.00005764
PHASE1B_TRAIN_STEP step=8600 loss=0.00348844 continuous=0.00332060 gripper=0.00016784
PHASE1B_TRAIN_STEP step=8650 loss=0.00333111 continuous=0.00326804 gripper=0.00006307
PHASE1B_TRAIN_STEP step=8700 loss=0.00340698 continuous=0.00333952 gripper=0.00006746
PHASE1B_TRAIN_STEP step=8750 loss=0.00313951 continuous=0.00296623 gripper=0.00017328
PHASE1B_TRAIN_STEP step=8800 loss=0.00305533 continuous=0.00297357 gripper=0.00008177
PHASE1B_TRAIN_STEP step=8850 loss=0.00321087 continuous=0.00314471 gripper=0.00006616
PHASE1B_TRAIN_STEP step=8900 loss=0.00323697 continuous=0.00315221 gripper=0.00008475
PHASE1B_TRAIN_STEP step=8950 loss=0.00325412 continuous=0.00319836 gripper=0.00005576
PHASE1B_TRAIN_STEP step=9000 loss=0.00367104 continuous=0.00347663 gripper=0.00019440
PHASE1B_CALIBRATION step=9000 macro_total=4.19269109 stale=7
PHASE1B_TRAIN_STEP step=9050 loss=0.00343833 continuous=0.00336690 gripper=0.00007143
PHASE1B_TRAIN_STEP step=9100 loss=0.00338413 continuous=0.00322170 gripper=0.00016243
PHASE1B_TRAIN_STEP step=9150 loss=0.00336861 continuous=0.00325454 gripper=0.00011406
PHASE1B_TRAIN_STEP step=9200 loss=0.00309805 continuous=0.00303808 gripper=0.00005997
PHASE1B_TRAIN_STEP step=9250 loss=0.00346245 continuous=0.00340854 gripper=0.00005392
PHASE1B_TRAIN_STEP step=9300 loss=0.00334712 continuous=0.00324616 gripper=0.00010095
PHASE1B_TRAIN_STEP step=9350 loss=0.00336260 continuous=0.00327276 gripper=0.00008984
PHASE1B_TRAIN_STEP step=9400 loss=0.00306089 continuous=0.00298000 gripper=0.00008088
PHASE1B_TRAIN_STEP step=9450 loss=0.00348198 continuous=0.00340704 gripper=0.00007494
PHASE1B_TRAIN_STEP step=9500 loss=0.00311816 continuous=0.00295397 gripper=0.00016418
PHASE1B_CALIBRATION step=9500 macro_total=4.20810461 stale=8
CHECKPOINT_COMPLETE component=phase1b_actor step=9500 path=/mnt/cpfs/zbl-cpfs-new/CKPT/leon/torch/r16p19_libero_phase1b/v2/fallback_per_effect/MOKA_RELEASED_ON_STOVE/step_000009500
PHASE1B_TRAIN_STEP step=1 loss=1.57104337 continuous=0.48125303 gripper=1.08979034
PHASE1B_TRAIN_STEP step=50 loss=0.35130566 continuous=0.17470142 gripper=0.17660424
PHASE1B_TRAIN_STEP step=100 loss=0.29345402 continuous=0.16903311 gripper=0.12442091
PHASE1B_TRAIN_STEP step=150 loss=0.24912134 continuous=0.14691940 gripper=0.10220194
PHASE1B_TRAIN_STEP step=200 loss=0.18727560 continuous=0.12909733 gripper=0.05817828
PHASE1B_TRAIN_STEP step=250 loss=0.18729079 continuous=0.10269664 gripper=0.08459415
PHASE1B_TRAIN_STEP step=300 loss=0.14001907 continuous=0.10499560 gripper=0.03502347
PHASE1B_TRAIN_STEP step=350 loss=0.19029307 continuous=0.10039636 gripper=0.08989671
PHASE1B_TRAIN_STEP step=400 loss=0.14005113 continuous=0.07487720 gripper=0.06517393
PHASE1B_TRAIN_STEP step=450 loss=0.14694849 continuous=0.10136046 gripper=0.04558803
PHASE1B_TRAIN_STEP step=500 loss=0.15434970 continuous=0.08479799 gripper=0.06955171
PHASE1B_CALIBRATION step=500 macro_total=0.70198500 stale=0
PHASE1B_TRAIN_STEP step=550 loss=0.11101791 continuous=0.08603188 gripper=0.02498603
PHASE1B_TRAIN_STEP step=600 loss=0.11597350 continuous=0.07234819 gripper=0.04362531
PHASE1B_TRAIN_STEP step=650 loss=0.12881756 continuous=0.07723852 gripper=0.05157904
PHASE1B_TRAIN_STEP step=700 loss=0.14551482 continuous=0.06402090 gripper=0.08149391
PHASE1B_TRAIN_STEP step=750 loss=0.10396707 continuous=0.07206685 gripper=0.03190022
PHASE1B_TRAIN_STEP step=800 loss=0.07958637 continuous=0.07177328 gripper=0.00781309
PHASE1B_TRAIN_STEP step=850 loss=0.16482612 continuous=0.07198691 gripper=0.09283921
PHASE1B_TRAIN_STEP step=900 loss=0.08589055 continuous=0.06962447 gripper=0.01626608
PHASE1B_TRAIN_STEP step=950 loss=0.14752585 continuous=0.05127132 gripper=0.09625453
PHASE1B_TRAIN_STEP step=1000 loss=0.05774717 continuous=0.05149914 gripper=0.00624804
PHASE1B_CALIBRATION step=1000 macro_total=0.72717300 stale=0
PHASE1B_TRAIN_STEP step=1050 loss=0.06737943 continuous=0.05246051 gripper=0.01491892
PHASE1B_TRAIN_STEP step=1100 loss=0.08334595 continuous=0.05581067 gripper=0.02753528
PHASE1B_TRAIN_STEP step=1150 loss=0.06207404 continuous=0.04990081 gripper=0.01217323
PHASE1B_TRAIN_STEP step=1200 loss=0.08964843 continuous=0.04356746 gripper=0.04608097
PHASE1B_TRAIN_STEP step=1250 loss=0.10011156 continuous=0.04371281 gripper=0.05639875
PHASE1B_TRAIN_STEP step=1300 loss=0.08479144 continuous=0.05794699 gripper=0.02684444
PHASE1B_TRAIN_STEP step=1350 loss=0.08372520 continuous=0.04326705 gripper=0.04045814
PHASE1B_TRAIN_STEP step=1400 loss=0.08555248 continuous=0.05071715 gripper=0.03483533
PHASE1B_TRAIN_STEP step=1450 loss=0.06121962 continuous=0.04827826 gripper=0.01294136
PHASE1B_TRAIN_STEP step=1500 loss=0.06121866 continuous=0.03871594 gripper=0.02250272
PHASE1B_CALIBRATION step=1500 macro_total=0.90234256 stale=0
PHASE1B_TRAIN_STEP step=1550 loss=0.06330796 continuous=0.03910442 gripper=0.02420354
PHASE1B_TRAIN_STEP step=1600 loss=0.05765358 continuous=0.04426101 gripper=0.01339257
PHASE1B_TRAIN_STEP step=1650 loss=0.06793988 continuous=0.03790256 gripper=0.03003731
PHASE1B_TRAIN_STEP step=1700 loss=0.07255934 continuous=0.04239041 gripper=0.03016893
PHASE1B_TRAIN_STEP step=1750 loss=0.09032504 continuous=0.04254635 gripper=0.04777869
PHASE1B_TRAIN_STEP step=1800 loss=0.05702142 continuous=0.04058538 gripper=0.01643605
PHASE1B_TRAIN_STEP step=1850 loss=0.07467854 continuous=0.03589790 gripper=0.03878064
PHASE1B_TRAIN_STEP step=1900 loss=0.07696433 continuous=0.03497029 gripper=0.04199404
PHASE1B_TRAIN_STEP step=1950 loss=0.07371695 continuous=0.03747007 gripper=0.03624688
PHASE1B_TRAIN_STEP step=2000 loss=0.04731816 continuous=0.03659246 gripper=0.01072570
PHASE1B_CALIBRATION step=2000 macro_total=0.95573454 stale=0
PHASE1B_TRAIN_STEP step=2050 loss=0.05825450 continuous=0.03142390 gripper=0.02683060
PHASE1B_TRAIN_STEP step=2100 loss=0.04964749 continuous=0.03828885 gripper=0.01135864
PHASE1B_TRAIN_STEP step=2150 loss=0.05447594 continuous=0.03514802 gripper=0.01932792
PHASE1B_TRAIN_STEP step=2200 loss=0.04555165 continuous=0.03338249 gripper=0.01216916
PHASE1B_TRAIN_STEP step=2250 loss=0.05997973 continuous=0.03630649 gripper=0.02367324
PHASE1B_TRAIN_STEP step=2300 loss=0.05553846 continuous=0.03288766 gripper=0.02265080
PHASE1B_TRAIN_STEP step=2350 loss=0.05369660 continuous=0.03640237 gripper=0.01729422
PHASE1B_TRAIN_STEP step=2400 loss=0.04441038 continuous=0.02984056 gripper=0.01456982
PHASE1B_TRAIN_STEP step=2450 loss=0.03935374 continuous=0.03065526 gripper=0.00869847
PHASE1B_TRAIN_STEP step=2500 loss=0.04867487 continuous=0.02754070 gripper=0.02113417
PHASE1B_CALIBRATION step=2500 macro_total=0.87944929 stale=0
CHECKPOINT_COMPLETE component=phase1b_actor step=2500 path=/mnt/cpfs/zbl-cpfs-new/CKPT/leon/torch/r16p19_libero_phase1b/v2/fallback_per_effect/BOWL_GRASPED/step_000002500
PHASE1B_TRAIN_STEP step=2550 loss=0.04264945 continuous=0.03144283 gripper=0.01120662
PHASE1B_TRAIN_STEP step=2600 loss=0.06213546 continuous=0.02747164 gripper=0.03466382
PHASE1B_TRAIN_STEP step=2650 loss=0.04278076 continuous=0.02732220 gripper=0.01545856
PHASE1B_TRAIN_STEP step=2700 loss=0.06322107 continuous=0.02860844 gripper=0.03461263
PHASE1B_TRAIN_STEP step=2750 loss=0.04392037 continuous=0.03258638 gripper=0.01133399
PHASE1B_TRAIN_STEP step=2800 loss=0.03529863 continuous=0.03009130 gripper=0.00520734
PHASE1B_TRAIN_STEP step=2850 loss=0.05355220 continuous=0.02706689 gripper=0.02648531
PHASE1B_TRAIN_STEP step=2900 loss=0.04371237 continuous=0.02691267 gripper=0.01679970
PHASE1B_TRAIN_STEP step=2950 loss=0.03293771 continuous=0.02811076 gripper=0.00482694
PHASE1B_TRAIN_STEP step=3000 loss=0.07048723 continuous=0.02540638 gripper=0.04508085
PHASE1B_CALIBRATION step=3000 macro_total=0.85760671 stale=0
PHASE1B_TRAIN_STEP step=3050 loss=0.04588619 continuous=0.02747018 gripper=0.01841601
PHASE1B_TRAIN_STEP step=3100 loss=0.04111831 continuous=0.02591670 gripper=0.01520161
PHASE1B_TRAIN_STEP step=3150 loss=0.03573735 continuous=0.02677022 gripper=0.00896713
PHASE1B_TRAIN_STEP step=3200 loss=0.04689738 continuous=0.02886422 gripper=0.01803316
PHASE1B_TRAIN_STEP step=3250 loss=0.03929672 continuous=0.02554678 gripper=0.01374994
PHASE1B_TRAIN_STEP step=3300 loss=0.04517907 continuous=0.02858189 gripper=0.01659718
PHASE1B_TRAIN_STEP step=3350 loss=0.06395087 continuous=0.02487322 gripper=0.03907765
PHASE1B_TRAIN_STEP step=3400 loss=0.05055305 continuous=0.02429502 gripper=0.02625803
PHASE1B_TRAIN_STEP step=3450 loss=0.03029582 continuous=0.02661090 gripper=0.00368492
PHASE1B_TRAIN_STEP step=3500 loss=0.08874895 continuous=0.02351691 gripper=0.06523205
PHASE1B_CALIBRATION step=3500 macro_total=0.84708818 stale=0
PHASE1B_TRAIN_STEP step=3550 loss=0.05709618 continuous=0.02594750 gripper=0.03114868
PHASE1B_TRAIN_STEP step=3600 loss=0.07393849 continuous=0.02325108 gripper=0.05068741
PHASE1B_TRAIN_STEP step=3650 loss=0.05536932 continuous=0.02560957 gripper=0.02975975
PHASE1B_TRAIN_STEP step=3700 loss=0.03528770 continuous=0.02516950 gripper=0.01011819
PHASE1B_TRAIN_STEP step=3750 loss=0.04522520 continuous=0.02546474 gripper=0.01976047
PHASE1B_TRAIN_STEP step=3800 loss=0.03270718 continuous=0.02079337 gripper=0.01191381
PHASE1B_TRAIN_STEP step=3850 loss=0.04546647 continuous=0.02491651 gripper=0.02054996
PHASE1B_TRAIN_STEP step=3900 loss=0.07605939 continuous=0.02450017 gripper=0.05155922
PHASE1B_TRAIN_STEP step=3950 loss=0.03598404 continuous=0.02496234 gripper=0.01102170
PHASE1B_TRAIN_STEP step=4000 loss=0.03083253 continuous=0.02383647 gripper=0.00699606
PHASE1B_CALIBRATION step=4000 macro_total=0.96987812 stale=0
PHASE1B_TRAIN_STEP step=4050 loss=0.05046125 continuous=0.02300805 gripper=0.02745319
PHASE1B_TRAIN_STEP step=4100 loss=0.05216905 continuous=0.02200508 gripper=0.03016396
PHASE1B_TRAIN_STEP step=4150 loss=0.05085337 continuous=0.02206179 gripper=0.02879158
PHASE1B_TRAIN_STEP step=4200 loss=0.03337179 continuous=0.01862621 gripper=0.01474558
PHASE1B_TRAIN_STEP step=4250 loss=0.04251563 continuous=0.02164060 gripper=0.02087503
PHASE1B_TRAIN_STEP step=4300 loss=0.04253420 continuous=0.02460546 gripper=0.01792874
PHASE1B_TRAIN_STEP step=4350 loss=0.04475074 continuous=0.02482302 gripper=0.01992772
PHASE1B_TRAIN_STEP step=4400 loss=0.03503599 continuous=0.02162623 gripper=0.01340976
PHASE1B_TRAIN_STEP step=4450 loss=0.02343815 continuous=0.02152838 gripper=0.00190977
PHASE1B_TRAIN_STEP step=4500 loss=0.02532795 continuous=0.02248287 gripper=0.00284508
PHASE1B_CALIBRATION step=4500 macro_total=0.90774191 stale=0
PHASE1B_TRAIN_STEP step=4550 loss=0.02899773 continuous=0.02127009 gripper=0.00772764
PHASE1B_TRAIN_STEP step=4600 loss=0.02989456 continuous=0.02137791 gripper=0.00851666
PHASE1B_TRAIN_STEP step=4650 loss=0.04468355 continuous=0.02110585 gripper=0.02357771
PHASE1B_TRAIN_STEP step=4700 loss=0.02865425 continuous=0.01827367 gripper=0.01038058
PHASE1B_TRAIN_STEP step=4750 loss=0.02692737 continuous=0.02344642 gripper=0.00348094
PHASE1B_TRAIN_STEP step=4800 loss=0.04114366 continuous=0.02239293 gripper=0.01875073
PHASE1B_TRAIN_STEP step=4850 loss=0.04099796 continuous=0.02036278 gripper=0.02063517
PHASE1B_TRAIN_STEP step=4900 loss=0.03714161 continuous=0.01861224 gripper=0.01852937
PHASE1B_TRAIN_STEP step=4950 loss=0.03315865 continuous=0.02069012 gripper=0.01246853
PHASE1B_TRAIN_STEP step=5000 loss=0.08466311 continuous=0.02050304 gripper=0.06416007
PHASE1B_CALIBRATION step=5000 macro_total=1.00821616 stale=0
CHECKPOINT_COMPLETE component=phase1b_actor step=5000 path=/mnt/cpfs/zbl-cpfs-new/CKPT/leon/torch/r16p19_libero_phase1b/v2/fallback_per_effect/BOWL_GRASPED/step_000005000
PHASE1B_TRAIN_STEP step=5050 loss=0.02606742 continuous=0.01987691 gripper=0.00619051
PHASE1B_TRAIN_STEP step=5100 loss=0.04464163 continuous=0.02048180 gripper=0.02415983
PHASE1B_TRAIN_STEP step=5150 loss=0.03060840 continuous=0.01776279 gripper=0.01284561
PHASE1B_TRAIN_STEP step=5200 loss=0.02560966 continuous=0.01894417 gripper=0.00666549
PHASE1B_TRAIN_STEP step=5250 loss=0.02243800 continuous=0.02096309 gripper=0.00147491
PHASE1B_TRAIN_STEP step=5300 loss=0.05121257 continuous=0.01866128 gripper=0.03255129
PHASE1B_TRAIN_STEP step=5350 loss=0.04367345 continuous=0.01920315 gripper=0.02447030
PHASE1B_TRAIN_STEP step=5400 loss=0.02171907 continuous=0.02085197 gripper=0.00086710
PHASE1B_TRAIN_STEP step=5450 loss=0.02799109 continuous=0.02247745 gripper=0.00551364
PHASE1B_TRAIN_STEP step=5500 loss=0.06587543 continuous=0.01960458 gripper=0.04627086
PHASE1B_CALIBRATION step=5500 macro_total=1.02800059 stale=1
PHASE1B_TRAIN_STEP step=5550 loss=0.03906138 continuous=0.01699945 gripper=0.02206194
PHASE1B_TRAIN_STEP step=5600 loss=0.05844563 continuous=0.01815365 gripper=0.04029198
PHASE1B_TRAIN_STEP step=5650 loss=0.04420441 continuous=0.02041737 gripper=0.02378705
PHASE1B_TRAIN_STEP step=5700 loss=0.03000088 continuous=0.01918766 gripper=0.01081322
PHASE1B_TRAIN_STEP step=5750 loss=0.02609161 continuous=0.01994716 gripper=0.00614445
PHASE1B_TRAIN_STEP step=5800 loss=0.02145412 continuous=0.01644354 gripper=0.00501058
PHASE1B_TRAIN_STEP step=5850 loss=0.02213329 continuous=0.02189292 gripper=0.00024036
PHASE1B_TRAIN_STEP step=5900 loss=0.04290517 continuous=0.02002919 gripper=0.02287597
PHASE1B_TRAIN_STEP step=5950 loss=0.02283624 continuous=0.02097452 gripper=0.00186172
PHASE1B_TRAIN_STEP step=6000 loss=0.02367037 continuous=0.01766251 gripper=0.00600786
PHASE1B_CALIBRATION step=6000 macro_total=1.01679465 stale=2
PHASE1B_TRAIN_STEP step=6050 loss=0.02373150 continuous=0.01804739 gripper=0.00568411
PHASE1B_TRAIN_STEP step=6100 loss=0.02445908 continuous=0.01906146 gripper=0.00539762
PHASE1B_TRAIN_STEP step=6150 loss=0.02896157 continuous=0.02059830 gripper=0.00836327
PHASE1B_TRAIN_STEP step=6200 loss=0.03593214 continuous=0.02261919 gripper=0.01331295
PHASE1B_TRAIN_STEP step=6250 loss=0.02633865 continuous=0.01739043 gripper=0.00894822
PHASE1B_TRAIN_STEP step=6300 loss=0.03573046 continuous=0.02068062 gripper=0.01504984
PHASE1B_TRAIN_STEP step=6350 loss=0.04004408 continuous=0.01781386 gripper=0.02223022
PHASE1B_TRAIN_STEP step=6400 loss=0.02170252 continuous=0.01924969 gripper=0.00245284
PHASE1B_TRAIN_STEP step=6450 loss=0.02069004 continuous=0.01863336 gripper=0.00205669
PHASE1B_TRAIN_STEP step=6500 loss=0.02474044 continuous=0.01904224 gripper=0.00569820
PHASE1B_CALIBRATION step=6500 macro_total=1.01978714 stale=3
PHASE1B_TRAIN_STEP step=6550 loss=0.05833960 continuous=0.01867009 gripper=0.03966951
PHASE1B_TRAIN_STEP step=6600 loss=0.03373772 continuous=0.01874211 gripper=0.01499561
PHASE1B_TRAIN_STEP step=6650 loss=0.04375925 continuous=0.01651706 gripper=0.02724219
PHASE1B_TRAIN_STEP step=6700 loss=0.04056843 continuous=0.01770557 gripper=0.02286286
PHASE1B_TRAIN_STEP step=6750 loss=0.02555312 continuous=0.01861770 gripper=0.00693542
PHASE1B_TRAIN_STEP step=6800 loss=0.02423976 continuous=0.01768022 gripper=0.00655955
PHASE1B_TRAIN_STEP step=6850 loss=0.02753834 continuous=0.01718635 gripper=0.01035199
PHASE1B_TRAIN_STEP step=6900 loss=0.02398209 continuous=0.01937186 gripper=0.00461022
PHASE1B_TRAIN_STEP step=6950 loss=0.02441179 continuous=0.01653299 gripper=0.00787880
PHASE1B_TRAIN_STEP step=7000 loss=0.03376418 continuous=0.01594558 gripper=0.01781859
PHASE1B_CALIBRATION step=7000 macro_total=1.05597093 stale=4
PHASE1B_TRAIN_STEP step=7050 loss=0.02846690 continuous=0.01710750 gripper=0.01135940
PHASE1B_TRAIN_STEP step=7100 loss=0.02641042 continuous=0.01876484 gripper=0.00764558
PHASE1B_TRAIN_STEP step=7150 loss=0.03364658 continuous=0.01711630 gripper=0.01653028
PHASE1B_TRAIN_STEP step=7200 loss=0.02159593 continuous=0.01981068 gripper=0.00178525
PHASE1B_TRAIN_STEP step=7250 loss=0.01818076 continuous=0.01794163 gripper=0.00023913
PHASE1B_TRAIN_STEP step=7300 loss=0.02224965 continuous=0.01868969 gripper=0.00355995
PHASE1B_TRAIN_STEP step=7350 loss=0.03556425 continuous=0.01416845 gripper=0.02139580
PHASE1B_TRAIN_STEP step=7400 loss=0.02276387 continuous=0.01979670 gripper=0.00296717
PHASE1B_TRAIN_STEP step=7450 loss=0.02820162 continuous=0.01638294 gripper=0.01181868
PHASE1B_TRAIN_STEP step=7500 loss=0.03891535 continuous=0.02178932 gripper=0.01712603
PHASE1B_CALIBRATION step=7500 macro_total=1.13989975 stale=5
CHECKPOINT_COMPLETE component=phase1b_actor step=7500 path=/mnt/cpfs/zbl-cpfs-new/CKPT/leon/torch/r16p19_libero_phase1b/v2/fallback_per_effect/BOWL_GRASPED/step_000007500
PHASE1B_TRAIN_STEP step=7550 loss=0.04095675 continuous=0.01852374 gripper=0.02243301
PHASE1B_TRAIN_STEP step=7600 loss=0.02035604 continuous=0.01802086 gripper=0.00233518
PHASE1B_TRAIN_STEP step=7650 loss=0.01704970 continuous=0.01615801 gripper=0.00089169
PHASE1B_TRAIN_STEP step=7700 loss=0.02370680 continuous=0.01695916 gripper=0.00674764
PHASE1B_TRAIN_STEP step=7750 loss=0.02201780 continuous=0.01855614 gripper=0.00346166
PHASE1B_TRAIN_STEP step=7800 loss=0.02925723 continuous=0.01766620 gripper=0.01159102
PHASE1B_TRAIN_STEP step=7850 loss=0.02155727 continuous=0.01726225 gripper=0.00429502
PHASE1B_TRAIN_STEP step=7900 loss=0.01879339 continuous=0.01779752 gripper=0.00099586
PHASE1B_TRAIN_STEP step=7950 loss=0.01776785 continuous=0.01623187 gripper=0.00153597
PHASE1B_TRAIN_STEP step=8000 loss=0.02075307 continuous=0.01664474 gripper=0.00410833
PHASE1B_CALIBRATION step=8000 macro_total=1.13346644 stale=6
PHASE1B_TRAIN_STEP step=8050 loss=0.01808607 continuous=0.01650896 gripper=0.00157711
PHASE1B_TRAIN_STEP step=8100 loss=0.02286189 continuous=0.01919482 gripper=0.00366707
PHASE1B_TRAIN_STEP step=8150 loss=0.02203101 continuous=0.01533390 gripper=0.00669711
PHASE1B_TRAIN_STEP step=8200 loss=0.02159207 continuous=0.01581943 gripper=0.00577265
PHASE1B_TRAIN_STEP step=8250 loss=0.02224558 continuous=0.01770475 gripper=0.00454083
PHASE1B_TRAIN_STEP step=8300 loss=0.02728200 continuous=0.01770366 gripper=0.00957835
PHASE1B_TRAIN_STEP step=8350 loss=0.02023901 continuous=0.01624445 gripper=0.00399456
PHASE1B_TRAIN_STEP step=8400 loss=0.01698600 continuous=0.01663077 gripper=0.00035523
PHASE1B_TRAIN_STEP step=8450 loss=0.01882462 continuous=0.01793923 gripper=0.00088539
PHASE1B_TRAIN_STEP step=8500 loss=0.01902870 continuous=0.01775273 gripper=0.00127597
PHASE1B_CALIBRATION step=8500 macro_total=1.13121905 stale=7
PHASE1B_TRAIN_STEP step=8550 loss=0.01791582 continuous=0.01641642 gripper=0.00149940
PHASE1B_TRAIN_STEP step=8600 loss=0.02462006 continuous=0.01665421 gripper=0.00796585
PHASE1B_TRAIN_STEP step=8650 loss=0.01770774 continuous=0.01736853 gripper=0.00033921
PHASE1B_TRAIN_STEP step=8700 loss=0.01750162 continuous=0.01731410 gripper=0.00018753
PHASE1B_TRAIN_STEP step=8750 loss=0.01776806 continuous=0.01765493 gripper=0.00011313
PHASE1B_TRAIN_STEP step=8800 loss=0.02852719 continuous=0.01621153 gripper=0.01231565
PHASE1B_TRAIN_STEP step=8850 loss=0.01885073 continuous=0.01755450 gripper=0.00129624
PHASE1B_TRAIN_STEP step=8900 loss=0.01985158 continuous=0.01629070 gripper=0.00356089
PHASE1B_TRAIN_STEP step=8950 loss=0.02101092 continuous=0.01662747 gripper=0.00438345
PHASE1B_TRAIN_STEP step=9000 loss=0.02114416 continuous=0.01902627 gripper=0.00211789
PHASE1B_CALIBRATION step=9000 macro_total=1.16135160 stale=8
CHECKPOINT_COMPLETE component=phase1b_actor step=9000 path=/mnt/cpfs/zbl-cpfs-new/CKPT/leon/torch/r16p19_libero_phase1b/v2/fallback_per_effect/BOWL_GRASPED/step_000009000
PHASE1B_TRAIN_STEP step=1 loss=1.36849141 continuous=0.46335196 gripper=0.90513945
PHASE1B_TRAIN_STEP step=50 loss=0.14669490 continuous=0.14243433 gripper=0.00426056
PHASE1B_TRAIN_STEP step=100 loss=0.11830918 continuous=0.11542708 gripper=0.00288211
PHASE1B_TRAIN_STEP step=150 loss=0.09629884 continuous=0.09431275 gripper=0.00198609
PHASE1B_TRAIN_STEP step=200 loss=0.06704792 continuous=0.06551059 gripper=0.00153733
PHASE1B_TRAIN_STEP step=250 loss=0.05759944 continuous=0.05651174 gripper=0.00108770
PHASE1B_TRAIN_STEP step=300 loss=0.05504731 continuous=0.05405506 gripper=0.00099224
PHASE1B_TRAIN_STEP step=350 loss=0.04719547 continuous=0.04620109 gripper=0.00099437
PHASE1B_TRAIN_STEP step=400 loss=0.04355796 continuous=0.04260542 gripper=0.00095254
PHASE1B_TRAIN_STEP step=450 loss=0.03493872 continuous=0.03433846 gripper=0.00060026
PHASE1B_TRAIN_STEP step=500 loss=0.02853175 continuous=0.02776770 gripper=0.00076404
PHASE1B_CALIBRATION step=500 macro_total=0.28382827 stale=0
PHASE1B_TRAIN_STEP step=550 loss=0.02684536 continuous=0.02637897 gripper=0.00046639
PHASE1B_TRAIN_STEP step=600 loss=0.02855151 continuous=0.02809100 gripper=0.00046052
PHASE1B_TRAIN_STEP step=650 loss=0.02382638 continuous=0.02338703 gripper=0.00043936
PHASE1B_TRAIN_STEP step=700 loss=0.02602251 continuous=0.02564004 gripper=0.00038247
PHASE1B_TRAIN_STEP step=750 loss=0.02279852 continuous=0.02240107 gripper=0.00039745
PHASE1B_TRAIN_STEP step=800 loss=0.02569019 continuous=0.02542562 gripper=0.00026457
PHASE1B_TRAIN_STEP step=850 loss=0.02086047 continuous=0.02058320 gripper=0.00027727
PHASE1B_TRAIN_STEP step=900 loss=0.02004176 continuous=0.01976518 gripper=0.00027658
PHASE1B_TRAIN_STEP step=950 loss=0.02228398 continuous=0.02198832 gripper=0.00029566
PHASE1B_TRAIN_STEP step=1000 loss=0.02282534 continuous=0.02245945 gripper=0.00036590
PHASE1B_CALIBRATION step=1000 macro_total=0.29569272 stale=0
PHASE1B_TRAIN_STEP step=1050 loss=0.02069218 continuous=0.02041137 gripper=0.00028081
PHASE1B_TRAIN_STEP step=1100 loss=0.01819109 continuous=0.01793106 gripper=0.00026003
PHASE1B_TRAIN_STEP step=1150 loss=0.01837785 continuous=0.01818382 gripper=0.00019403
PHASE1B_TRAIN_STEP step=1200 loss=0.01617611 continuous=0.01600919 gripper=0.00016692
PHASE1B_TRAIN_STEP step=1250 loss=0.01860226 continuous=0.01837174 gripper=0.00023052
PHASE1B_TRAIN_STEP step=1300 loss=0.01663171 continuous=0.01644059 gripper=0.00019112
PHASE1B_TRAIN_STEP step=1350 loss=0.01759716 continuous=0.01736595 gripper=0.00023121
PHASE1B_TRAIN_STEP step=1400 loss=0.01567710 continuous=0.01544574 gripper=0.00023136
PHASE1B_TRAIN_STEP step=1450 loss=0.01685662 continuous=0.01659957 gripper=0.00025704
PHASE1B_TRAIN_STEP step=1500 loss=0.01298661 continuous=0.01284243 gripper=0.00014418
PHASE1B_CALIBRATION step=1500 macro_total=0.29909870 stale=0
PHASE1B_TRAIN_STEP step=1550 loss=0.01639562 continuous=0.01622908 gripper=0.00016655
PHASE1B_TRAIN_STEP step=1600 loss=0.01433635 continuous=0.01420486 gripper=0.00013149
PHASE1B_TRAIN_STEP step=1650 loss=0.01494116 continuous=0.01476683 gripper=0.00017432
PHASE1B_TRAIN_STEP step=1700 loss=0.01539593 continuous=0.01523773 gripper=0.00015820
PHASE1B_TRAIN_STEP step=1750 loss=0.01222409 continuous=0.01211378 gripper=0.00011031
PHASE1B_TRAIN_STEP step=1800 loss=0.01394011 continuous=0.01379378 gripper=0.00014632
PHASE1B_TRAIN_STEP step=1850 loss=0.01287875 continuous=0.01274932 gripper=0.00012942
PHASE1B_TRAIN_STEP step=1900 loss=0.01550473 continuous=0.01535316 gripper=0.00015157
PHASE1B_TRAIN_STEP step=1950 loss=0.01204442 continuous=0.01192687 gripper=0.00011755
PHASE1B_TRAIN_STEP step=2000 loss=0.01268519 continuous=0.01255530 gripper=0.00012989
PHASE1B_CALIBRATION step=2000 macro_total=0.30980957 stale=0
PHASE1B_TRAIN_STEP step=2050 loss=0.01331470 continuous=0.01326043 gripper=0.00005427
PHASE1B_TRAIN_STEP step=2100 loss=0.01270687 continuous=0.01259377 gripper=0.00011311
PHASE1B_TRAIN_STEP step=2150 loss=0.01228210 continuous=0.01221857 gripper=0.00006353
PHASE1B_TRAIN_STEP step=2200 loss=0.01381094 continuous=0.01368537 gripper=0.00012557
PHASE1B_TRAIN_STEP step=2250 loss=0.01177647 continuous=0.01169048 gripper=0.00008599
PHASE1B_TRAIN_STEP step=2300 loss=0.01206742 continuous=0.01199982 gripper=0.00006760
PHASE1B_TRAIN_STEP step=2350 loss=0.01271785 continuous=0.01262107 gripper=0.00009678
PHASE1B_TRAIN_STEP step=2400 loss=0.01222879 continuous=0.01214180 gripper=0.00008699
PHASE1B_TRAIN_STEP step=2450 loss=0.01265436 continuous=0.01258312 gripper=0.00007125
PHASE1B_TRAIN_STEP step=2500 loss=0.01105247 continuous=0.01099543 gripper=0.00005704
PHASE1B_CALIBRATION step=2500 macro_total=0.31007084 stale=0
CHECKPOINT_COMPLETE component=phase1b_actor step=2500 path=/mnt/cpfs/zbl-cpfs-new/CKPT/leon/torch/r16p19_libero_phase1b/v2/fallback_per_effect/BOWL_IN_BOTTOM_DRAWER/step_000002500
PHASE1B_TRAIN_STEP step=2550 loss=0.01061921 continuous=0.01055108 gripper=0.00006814
PHASE1B_TRAIN_STEP step=2600 loss=0.01001451 continuous=0.00995923 gripper=0.00005528
PHASE1B_TRAIN_STEP step=2650 loss=0.01092194 continuous=0.01083877 gripper=0.00008316
PHASE1B_TRAIN_STEP step=2700 loss=0.01083288 continuous=0.01077271 gripper=0.00006017
PHASE1B_TRAIN_STEP step=2750 loss=0.01019075 continuous=0.01008584 gripper=0.00010491
PHASE1B_TRAIN_STEP step=2800 loss=0.00981456 continuous=0.00973311 gripper=0.00008145
PHASE1B_TRAIN_STEP step=2850 loss=0.01099363 continuous=0.01091537 gripper=0.00007826
PHASE1B_TRAIN_STEP step=2900 loss=0.01014002 continuous=0.01008426 gripper=0.00005576
PHASE1B_TRAIN_STEP step=2950 loss=0.01045525 continuous=0.01040803 gripper=0.00004723
PHASE1B_TRAIN_STEP step=3000 loss=0.01091162 continuous=0.01084768 gripper=0.00006394
PHASE1B_CALIBRATION step=3000 macro_total=0.30441521 stale=0
PHASE1B_TRAIN_STEP step=3050 loss=0.01007017 continuous=0.01000494 gripper=0.00006524
PHASE1B_TRAIN_STEP step=3100 loss=0.00984972 continuous=0.00975860 gripper=0.00009112
PHASE1B_TRAIN_STEP step=3150 loss=0.00994084 continuous=0.00986974 gripper=0.00007110
PHASE1B_TRAIN_STEP step=3200 loss=0.00971757 continuous=0.00967190 gripper=0.00004567
PHASE1B_TRAIN_STEP step=3250 loss=0.00982747 continuous=0.00976856 gripper=0.00005891
PHASE1B_TRAIN_STEP step=3300 loss=0.00886190 continuous=0.00882116 gripper=0.00004074
PHASE1B_TRAIN_STEP step=3350 loss=0.00945512 continuous=0.00941467 gripper=0.00004046
PHASE1B_TRAIN_STEP step=3400 loss=0.00985891 continuous=0.00981607 gripper=0.00004284
PHASE1B_TRAIN_STEP step=3450 loss=0.00975806 continuous=0.00969820 gripper=0.00005986
PHASE1B_TRAIN_STEP step=3500 loss=0.00901557 continuous=0.00896839 gripper=0.00004717
PHASE1B_CALIBRATION step=3500 macro_total=0.31004453 stale=0
PHASE1B_TRAIN_STEP step=3550 loss=0.00911954 continuous=0.00909130 gripper=0.00002824
PHASE1B_TRAIN_STEP step=3600 loss=0.00875433 continuous=0.00870911 gripper=0.00004522
PHASE1B_TRAIN_STEP step=3650 loss=0.00880094 continuous=0.00876171 gripper=0.00003923
PHASE1B_TRAIN_STEP step=3700 loss=0.00893326 continuous=0.00889891 gripper=0.00003435
PHASE1B_TRAIN_STEP step=3750 loss=0.00968614 continuous=0.00965063 gripper=0.00003551
PHASE1B_TRAIN_STEP step=3800 loss=0.00941697 continuous=0.00934950 gripper=0.00006747
PHASE1B_TRAIN_STEP step=3850 loss=0.00877360 continuous=0.00873021 gripper=0.00004339
PHASE1B_TRAIN_STEP step=3900 loss=0.00889802 continuous=0.00885827 gripper=0.00003975
PHASE1B_TRAIN_STEP step=3950 loss=0.00827321 continuous=0.00823330 gripper=0.00003991
PHASE1B_TRAIN_STEP step=4000 loss=0.00899401 continuous=0.00893232 gripper=0.00006169
PHASE1B_CALIBRATION step=4000 macro_total=0.31527013 stale=0
PHASE1B_TRAIN_STEP step=4050 loss=0.00771574 continuous=0.00769347 gripper=0.00002227
PHASE1B_TRAIN_STEP step=4100 loss=0.00881292 continuous=0.00877165 gripper=0.00004127
PHASE1B_TRAIN_STEP step=4150 loss=0.00831267 continuous=0.00828437 gripper=0.00002830
PHASE1B_TRAIN_STEP step=4200 loss=0.00809651 continuous=0.00806434 gripper=0.00003217
PHASE1B_TRAIN_STEP step=4250 loss=0.00694737 continuous=0.00691945 gripper=0.00002792
PHASE1B_TRAIN_STEP step=4300 loss=0.00863068 continuous=0.00859617 gripper=0.00003451
PHASE1B_TRAIN_STEP step=4350 loss=0.00813400 continuous=0.00807475 gripper=0.00005925
PHASE1B_TRAIN_STEP step=4400 loss=0.00826298 continuous=0.00821740 gripper=0.00004558
PHASE1B_TRAIN_STEP step=4450 loss=0.00794246 continuous=0.00791226 gripper=0.00003020
PHASE1B_TRAIN_STEP step=4500 loss=0.00793103 continuous=0.00790502 gripper=0.00002600
PHASE1B_CALIBRATION step=4500 macro_total=0.31605552 stale=0
PHASE1B_TRAIN_STEP step=4550 loss=0.00906458 continuous=0.00901893 gripper=0.00004565
PHASE1B_TRAIN_STEP step=4600 loss=0.00745715 continuous=0.00742120 gripper=0.00003595
PHASE1B_TRAIN_STEP step=4650 loss=0.00724089 continuous=0.00719544 gripper=0.00004545
PHASE1B_TRAIN_STEP step=4700 loss=0.00716513 continuous=0.00714985 gripper=0.00001527
PHASE1B_TRAIN_STEP step=4750 loss=0.00731479 continuous=0.00729322 gripper=0.00002158
PHASE1B_TRAIN_STEP step=4800 loss=0.00769000 continuous=0.00765825 gripper=0.00003175
PHASE1B_TRAIN_STEP step=4850 loss=0.00759038 continuous=0.00755898 gripper=0.00003140
PHASE1B_TRAIN_STEP step=4900 loss=0.00784608 continuous=0.00780688 gripper=0.00003920
PHASE1B_TRAIN_STEP step=4950 loss=0.00761278 continuous=0.00758504 gripper=0.00002773
PHASE1B_TRAIN_STEP step=5000 loss=0.00769173 continuous=0.00766115 gripper=0.00003059
PHASE1B_CALIBRATION step=5000 macro_total=0.31664963 stale=0
CHECKPOINT_COMPLETE component=phase1b_actor step=5000 path=/mnt/cpfs/zbl-cpfs-new/CKPT/leon/torch/r16p19_libero_phase1b/v2/fallback_per_effect/BOWL_IN_BOTTOM_DRAWER/step_000005000
PHASE1B_TRAIN_STEP step=5050 loss=0.00803553 continuous=0.00800813 gripper=0.00002740
PHASE1B_TRAIN_STEP step=5100 loss=0.00651731 continuous=0.00648422 gripper=0.00003309
PHASE1B_TRAIN_STEP step=5150 loss=0.00727456 continuous=0.00724590 gripper=0.00002866
PHASE1B_TRAIN_STEP step=5200 loss=0.00763749 continuous=0.00761813 gripper=0.00001936
PHASE1B_TRAIN_STEP step=5250 loss=0.00678772 continuous=0.00676833 gripper=0.00001940
PHASE1B_TRAIN_STEP step=5300 loss=0.00659980 continuous=0.00658596 gripper=0.00001384
PHASE1B_TRAIN_STEP step=5350 loss=0.00622937 continuous=0.00619966 gripper=0.00002971
PHASE1B_TRAIN_STEP step=5400 loss=0.00690845 continuous=0.00688735 gripper=0.00002110
PHASE1B_TRAIN_STEP step=5450 loss=0.00713406 continuous=0.00710556 gripper=0.00002850
PHASE1B_TRAIN_STEP step=5500 loss=0.00729613 continuous=0.00726427 gripper=0.00003187
PHASE1B_CALIBRATION step=5500 macro_total=0.31740466 stale=1
PHASE1B_TRAIN_STEP step=5550 loss=0.00678120 continuous=0.00675833 gripper=0.00002287
PHASE1B_TRAIN_STEP step=5600 loss=0.00678862 continuous=0.00674759 gripper=0.00004103
PHASE1B_TRAIN_STEP step=5650 loss=0.00708354 continuous=0.00706893 gripper=0.00001461
PHASE1B_TRAIN_STEP step=5700 loss=0.00732693 continuous=0.00730847 gripper=0.00001847
PHASE1B_TRAIN_STEP step=5750 loss=0.00707008 continuous=0.00704579 gripper=0.00002429
PHASE1B_TRAIN_STEP step=5800 loss=0.00757499 continuous=0.00754362 gripper=0.00003137
PHASE1B_TRAIN_STEP step=5850 loss=0.00809570 continuous=0.00806085 gripper=0.00003485
PHASE1B_TRAIN_STEP step=5900 loss=0.00726217 continuous=0.00724746 gripper=0.00001471
PHASE1B_TRAIN_STEP step=5950 loss=0.00699212 continuous=0.00697345 gripper=0.00001868
PHASE1B_TRAIN_STEP step=6000 loss=0.00651396 continuous=0.00649646 gripper=0.00001750
PHASE1B_CALIBRATION step=6000 macro_total=0.32098008 stale=2
PHASE1B_TRAIN_STEP step=6050 loss=0.00640821 continuous=0.00638946 gripper=0.00001875
PHASE1B_TRAIN_STEP step=6100 loss=0.00652708 continuous=0.00651179 gripper=0.00001529
PHASE1B_TRAIN_STEP step=6150 loss=0.00601865 continuous=0.00597840 gripper=0.00004025
PHASE1B_TRAIN_STEP step=6200 loss=0.00670604 continuous=0.00668623 gripper=0.00001980
PHASE1B_TRAIN_STEP step=6250 loss=0.00661007 continuous=0.00659336 gripper=0.00001670
PHASE1B_TRAIN_STEP step=6300 loss=0.00636983 continuous=0.00635337 gripper=0.00001646
PHASE1B_TRAIN_STEP step=6350 loss=0.00657853 continuous=0.00655960 gripper=0.00001893
PHASE1B_TRAIN_STEP step=6400 loss=0.00627776 continuous=0.00626333 gripper=0.00001443
PHASE1B_TRAIN_STEP step=6450 loss=0.00539977 continuous=0.00538981 gripper=0.00000997
PHASE1B_TRAIN_STEP step=6500 loss=0.00734039 continuous=0.00731260 gripper=0.00002779
PHASE1B_CALIBRATION step=6500 macro_total=0.31639425 stale=0
PHASE1B_TRAIN_STEP step=6550 loss=0.00700144 continuous=0.00694441 gripper=0.00005703
PHASE1B_TRAIN_STEP step=6600 loss=0.00689043 continuous=0.00687574 gripper=0.00001469
PHASE1B_TRAIN_STEP step=6650 loss=0.00667661 continuous=0.00665775 gripper=0.00001886
PHASE1B_TRAIN_STEP step=6700 loss=0.00621686 continuous=0.00620432 gripper=0.00001254
PHASE1B_TRAIN_STEP step=6750 loss=0.00685050 continuous=0.00683531 gripper=0.00001519
PHASE1B_TRAIN_STEP step=6800 loss=0.00702385 continuous=0.00699818 gripper=0.00002567
PHASE1B_TRAIN_STEP step=6850 loss=0.00699444 continuous=0.00697384 gripper=0.00002060
PHASE1B_TRAIN_STEP step=6900 loss=0.00645769 continuous=0.00644237 gripper=0.00001532
PHASE1B_TRAIN_STEP step=6950 loss=0.00595009 continuous=0.00592395 gripper=0.00002614
PHASE1B_TRAIN_STEP step=7000 loss=0.00636425 continuous=0.00635183 gripper=0.00001242
PHASE1B_CALIBRATION step=7000 macro_total=0.31990691 stale=1
PHASE1B_TRAIN_STEP step=7050 loss=0.00583915 continuous=0.00581520 gripper=0.00002395
PHASE1B_TRAIN_STEP step=7100 loss=0.00616546 continuous=0.00615334 gripper=0.00001212
PHASE1B_TRAIN_STEP step=7150 loss=0.00606105 continuous=0.00604713 gripper=0.00001392
PHASE1B_TRAIN_STEP step=7200 loss=0.00568645 continuous=0.00567117 gripper=0.00001528
PHASE1B_TRAIN_STEP step=7250 loss=0.00615119 continuous=0.00614255 gripper=0.00000864
PHASE1B_TRAIN_STEP step=7300 loss=0.00601574 continuous=0.00600421 gripper=0.00001152
PHASE1B_TRAIN_STEP step=7350 loss=0.00651930 continuous=0.00649359 gripper=0.00002571
PHASE1B_TRAIN_STEP step=7400 loss=0.00616371 continuous=0.00615034 gripper=0.00001337
PHASE1B_TRAIN_STEP step=7450 loss=0.00611548 continuous=0.00609709 gripper=0.00001839
PHASE1B_TRAIN_STEP step=7500 loss=0.00648148 continuous=0.00645295 gripper=0.00002853
PHASE1B_CALIBRATION step=7500 macro_total=0.31962176 stale=2
CHECKPOINT_COMPLETE component=phase1b_actor step=7500 path=/mnt/cpfs/zbl-cpfs-new/CKPT/leon/torch/r16p19_libero_phase1b/v2/fallback_per_effect/BOWL_IN_BOTTOM_DRAWER/step_000007500
PHASE1B_TRAIN_STEP step=7550 loss=0.00600635 continuous=0.00599179 gripper=0.00001455
PHASE1B_TRAIN_STEP step=7600 loss=0.00606689 continuous=0.00604865 gripper=0.00001824
PHASE1B_TRAIN_STEP step=7650 loss=0.00647470 continuous=0.00645102 gripper=0.00002368
PHASE1B_TRAIN_STEP step=7700 loss=0.00532423 continuous=0.00531543 gripper=0.00000880
PHASE1B_TRAIN_STEP step=7750 loss=0.00619927 continuous=0.00619031 gripper=0.00000897
PHASE1B_TRAIN_STEP step=7800 loss=0.00655257 continuous=0.00653886 gripper=0.00001371
PHASE1B_TRAIN_STEP step=7850 loss=0.00561602 continuous=0.00560520 gripper=0.00001082
PHASE1B_TRAIN_STEP step=7900 loss=0.00575227 continuous=0.00574369 gripper=0.00000858
PHASE1B_TRAIN_STEP step=7950 loss=0.00581834 continuous=0.00579913 gripper=0.00001921
PHASE1B_TRAIN_STEP step=8000 loss=0.00586876 continuous=0.00585206 gripper=0.00001670
PHASE1B_CALIBRATION step=8000 macro_total=0.32109883 stale=3
PHASE1B_TRAIN_STEP step=8050 loss=0.00587321 continuous=0.00585210 gripper=0.00002111
PHASE1B_TRAIN_STEP step=8100 loss=0.00547523 continuous=0.00546073 gripper=0.00001450
PHASE1B_TRAIN_STEP step=8150 loss=0.00673225 continuous=0.00671564 gripper=0.00001661
PHASE1B_TRAIN_STEP step=8200 loss=0.00568053 continuous=0.00567133 gripper=0.00000920
PHASE1B_TRAIN_STEP step=8250 loss=0.00520297 continuous=0.00518476 gripper=0.00001821
PHASE1B_TRAIN_STEP step=8300 loss=0.00598119 continuous=0.00597154 gripper=0.00000965
PHASE1B_TRAIN_STEP step=8350 loss=0.00623566 continuous=0.00621186 gripper=0.00002380
PHASE1B_TRAIN_STEP step=8400 loss=0.00554361 continuous=0.00553511 gripper=0.00000850
PHASE1B_TRAIN_STEP step=8450 loss=0.00598544 continuous=0.00597577 gripper=0.00000967
PHASE1B_TRAIN_STEP step=8500 loss=0.00611274 continuous=0.00610330 gripper=0.00000944
PHASE1B_CALIBRATION step=8500 macro_total=0.32047021 stale=4
PHASE1B_TRAIN_STEP step=8550 loss=0.00603043 continuous=0.00601730 gripper=0.00001314
PHASE1B_TRAIN_STEP step=8600 loss=0.00575609 continuous=0.00574597 gripper=0.00001012
PHASE1B_TRAIN_STEP step=8650 loss=0.00553621 continuous=0.00552248 gripper=0.00001373
PHASE1B_TRAIN_STEP step=8700 loss=0.00564894 continuous=0.00563902 gripper=0.00000991
PHASE1B_TRAIN_STEP step=8750 loss=0.00607028 continuous=0.00604879 gripper=0.00002149
PHASE1B_TRAIN_STEP step=8800 loss=0.00597257 continuous=0.00596294 gripper=0.00000964
PHASE1B_TRAIN_STEP step=8850 loss=0.00587055 continuous=0.00585157 gripper=0.00001899
PHASE1B_TRAIN_STEP step=8900 loss=0.00602916 continuous=0.00602095 gripper=0.00000821
PHASE1B_TRAIN_STEP step=8950 loss=0.00591547 continuous=0.00590437 gripper=0.00001110
PHASE1B_TRAIN_STEP step=9000 loss=0.00565748 continuous=0.00564632 gripper=0.00001116
PHASE1B_CALIBRATION step=9000 macro_total=0.32055475 stale=5
PHASE1B_TRAIN_STEP step=9050 loss=0.00604442 continuous=0.00602999 gripper=0.00001443
PHASE1B_TRAIN_STEP step=9100 loss=0.00647803 continuous=0.00646526 gripper=0.00001277
PHASE1B_TRAIN_STEP step=9150 loss=0.00525049 continuous=0.00523604 gripper=0.00001445
PHASE1B_TRAIN_STEP step=9200 loss=0.00603722 continuous=0.00602633 gripper=0.00001089
PHASE1B_TRAIN_STEP step=9250 loss=0.00558789 continuous=0.00557148 gripper=0.00001641
PHASE1B_TRAIN_STEP step=9300 loss=0.00571975 continuous=0.00571043 gripper=0.00000932
PHASE1B_TRAIN_STEP step=9350 loss=0.00606349 continuous=0.00605345 gripper=0.00001003
PHASE1B_TRAIN_STEP step=9400 loss=0.00518779 continuous=0.00517764 gripper=0.00001015
PHASE1B_TRAIN_STEP step=9450 loss=0.00587657 continuous=0.00586800 gripper=0.00000857
PHASE1B_TRAIN_STEP step=9500 loss=0.00545376 continuous=0.00544381 gripper=0.00000995
PHASE1B_CALIBRATION step=9500 macro_total=0.31954958 stale=6
PHASE1B_TRAIN_STEP step=9550 loss=0.00613860 continuous=0.00612510 gripper=0.00001350
PHASE1B_TRAIN_STEP step=9600 loss=0.00585427 continuous=0.00583549 gripper=0.00001878
PHASE1B_TRAIN_STEP step=9650 loss=0.00547457 continuous=0.00546359 gripper=0.00001098
PHASE1B_TRAIN_STEP step=9700 loss=0.00553957 continuous=0.00552557 gripper=0.00001400
PHASE1B_TRAIN_STEP step=9750 loss=0.00613958 continuous=0.00612860 gripper=0.00001098
PHASE1B_TRAIN_STEP step=9800 loss=0.00534064 continuous=0.00533222 gripper=0.00000842
PHASE1B_TRAIN_STEP step=9850 loss=0.00612509 continuous=0.00610908 gripper=0.00001601
PHASE1B_TRAIN_STEP step=9900 loss=0.00573973 continuous=0.00572799 gripper=0.00001175
PHASE1B_TRAIN_STEP step=9950 loss=0.00596241 continuous=0.00594890 gripper=0.00001351
PHASE1B_TRAIN_STEP step=10000 loss=0.00530650 continuous=0.00528146 gripper=0.00002504
PHASE1B_CALIBRATION step=10000 macro_total=0.31944652 stale=7
CHECKPOINT_COMPLETE component=phase1b_actor step=10000 path=/mnt/cpfs/zbl-cpfs-new/CKPT/leon/torch/r16p19_libero_phase1b/v2/fallback_per_effect/BOWL_IN_BOTTOM_DRAWER/step_000010000
PHASE1B_TRAIN_STEP step=1 loss=0.66792428 continuous=0.47474307 gripper=0.19318119
PHASE1B_TRAIN_STEP step=50 loss=0.18217826 continuous=0.13216163 gripper=0.05001662
PHASE1B_TRAIN_STEP step=100 loss=0.09159902 continuous=0.07928225 gripper=0.01231676
PHASE1B_TRAIN_STEP step=150 loss=0.07643839 continuous=0.06538822 gripper=0.01105017
PHASE1B_TRAIN_STEP step=200 loss=0.05317797 continuous=0.04236021 gripper=0.01081776
PHASE1B_TRAIN_STEP step=250 loss=0.04526894 continuous=0.03836073 gripper=0.00690821
PHASE1B_TRAIN_STEP step=300 loss=0.04762817 continuous=0.03561453 gripper=0.01201364
PHASE1B_TRAIN_STEP step=350 loss=0.04544505 continuous=0.03419758 gripper=0.01124747
PHASE1B_TRAIN_STEP step=400 loss=0.03587597 continuous=0.03047905 gripper=0.00539691
PHASE1B_TRAIN_STEP step=450 loss=0.03371778 continuous=0.02816269 gripper=0.00555510
PHASE1B_TRAIN_STEP step=500 loss=0.03196521 continuous=0.02778155 gripper=0.00418367
PHASE1B_CALIBRATION step=500 macro_total=0.90360519 stale=0
PHASE1B_TRAIN_STEP step=550 loss=0.03034647 continuous=0.02405295 gripper=0.00629352
PHASE1B_TRAIN_STEP step=600 loss=0.03289277 continuous=0.02524690 gripper=0.00764586
PHASE1B_TRAIN_STEP step=650 loss=0.02600678 continuous=0.02207232 gripper=0.00393446
PHASE1B_TRAIN_STEP step=700 loss=0.02883943 continuous=0.02127213 gripper=0.00756730
PHASE1B_TRAIN_STEP step=750 loss=0.02456737 continuous=0.02161293 gripper=0.00295444
PHASE1B_TRAIN_STEP step=800 loss=0.02707901 continuous=0.02308603 gripper=0.00399298
PHASE1B_TRAIN_STEP step=850 loss=0.02461250 continuous=0.01984472 gripper=0.00476777
PHASE1B_TRAIN_STEP step=900 loss=0.02117506 continuous=0.01806544 gripper=0.00310962
PHASE1B_TRAIN_STEP step=950 loss=0.02399390 continuous=0.01945236 gripper=0.00454155
PHASE1B_TRAIN_STEP step=1000 loss=0.02168380 continuous=0.01671043 gripper=0.00497338
PHASE1B_CALIBRATION step=1000 macro_total=0.97493047 stale=0
PHASE1B_TRAIN_STEP step=1050 loss=0.02043109 continuous=0.01731910 gripper=0.00311198
PHASE1B_TRAIN_STEP step=1100 loss=0.02074327 continuous=0.01669985 gripper=0.00404342
PHASE1B_TRAIN_STEP step=1150 loss=0.01641421 continuous=0.01579967 gripper=0.00061455
PHASE1B_TRAIN_STEP step=1200 loss=0.01928911 continuous=0.01539384 gripper=0.00389527
PHASE1B_TRAIN_STEP step=1250 loss=0.02081234 continuous=0.01670871 gripper=0.00410363
PHASE1B_TRAIN_STEP step=1300 loss=0.02681460 continuous=0.01682442 gripper=0.00999018
PHASE1B_TRAIN_STEP step=1350 loss=0.01816234 continuous=0.01471336 gripper=0.00344898
PHASE1B_TRAIN_STEP step=1400 loss=0.01661544 continuous=0.01452900 gripper=0.00208644
PHASE1B_TRAIN_STEP step=1450 loss=0.02005035 continuous=0.01514926 gripper=0.00490109
PHASE1B_TRAIN_STEP step=1500 loss=0.02133353 continuous=0.01445562 gripper=0.00687791
PHASE1B_CALIBRATION step=1500 macro_total=1.07939303 stale=0
PHASE1B_TRAIN_STEP step=1550 loss=0.01695068 continuous=0.01503162 gripper=0.00191906
PHASE1B_TRAIN_STEP step=1600 loss=0.02047323 continuous=0.01547151 gripper=0.00500172
PHASE1B_TRAIN_STEP step=1650 loss=0.01497417 continuous=0.01335187 gripper=0.00162231
PHASE1B_TRAIN_STEP step=1700 loss=0.02071445 continuous=0.01442004 gripper=0.00629440
PHASE1B_TRAIN_STEP step=1750 loss=0.01470166 continuous=0.01331240 gripper=0.00138926
PHASE1B_TRAIN_STEP step=1800 loss=0.01520998 continuous=0.01190783 gripper=0.00330215
PHASE1B_TRAIN_STEP step=1850 loss=0.01965872 continuous=0.01380465 gripper=0.00585407
PHASE1B_TRAIN_STEP step=1900 loss=0.01489799 continuous=0.01298065 gripper=0.00191734
PHASE1B_TRAIN_STEP step=1950 loss=0.01959497 continuous=0.01411674 gripper=0.00547824
PHASE1B_TRAIN_STEP step=2000 loss=0.01338628 continuous=0.01203425 gripper=0.00135203
PHASE1B_CALIBRATION step=2000 macro_total=1.02634680 stale=0
PHASE1B_TRAIN_STEP step=2050 loss=0.02083019 continuous=0.01209081 gripper=0.00873938
PHASE1B_TRAIN_STEP step=2100 loss=0.01327686 continuous=0.01145925 gripper=0.00181761
PHASE1B_TRAIN_STEP step=2150 loss=0.01291801 continuous=0.01176336 gripper=0.00115465
PHASE1B_TRAIN_STEP step=2200 loss=0.01296698 continuous=0.01102580 gripper=0.00194118
PHASE1B_TRAIN_STEP step=2250 loss=0.02436892 continuous=0.01226851 gripper=0.01210041
PHASE1B_TRAIN_STEP step=2300 loss=0.01093464 continuous=0.01038293 gripper=0.00055170
PHASE1B_TRAIN_STEP step=2350 loss=0.01365856 continuous=0.01063045 gripper=0.00302811
PHASE1B_TRAIN_STEP step=2400 loss=0.01528909 continuous=0.01186262 gripper=0.00342646
PHASE1B_TRAIN_STEP step=2450 loss=0.01099534 continuous=0.01002675 gripper=0.00096860
PHASE1B_TRAIN_STEP step=2500 loss=0.01507853 continuous=0.01081965 gripper=0.00425888
PHASE1B_CALIBRATION step=2500 macro_total=1.10764837 stale=0
CHECKPOINT_COMPLETE component=phase1b_actor step=2500 path=/mnt/cpfs/zbl-cpfs-new/CKPT/leon/torch/r16p19_libero_phase1b/v2/fallback_per_effect/BOWL_RELEASED_IN_DRAWER/step_000002500
PHASE1B_TRAIN_STEP step=2550 loss=0.01544443 continuous=0.01101111 gripper=0.00443332
PHASE1B_TRAIN_STEP step=2600 loss=0.01241731 continuous=0.01082380 gripper=0.00159351
PHASE1B_TRAIN_STEP step=2650 loss=0.01263834 continuous=0.01010823 gripper=0.00253011
PHASE1B_TRAIN_STEP step=2700 loss=0.00993939 continuous=0.00947912 gripper=0.00046027
PHASE1B_TRAIN_STEP step=2750 loss=0.00994205 continuous=0.00948211 gripper=0.00045994
PHASE1B_TRAIN_STEP step=2800 loss=0.01206742 continuous=0.01058436 gripper=0.00148306
PHASE1B_TRAIN_STEP step=2850 loss=0.01363442 continuous=0.01126522 gripper=0.00236920
PHASE1B_TRAIN_STEP step=2900 loss=0.01056765 continuous=0.00878549 gripper=0.00178215
PHASE1B_TRAIN_STEP step=2950 loss=0.01381864 continuous=0.01034431 gripper=0.00347432
PHASE1B_TRAIN_STEP step=3000 loss=0.01041933 continuous=0.00994816 gripper=0.00047117
PHASE1B_CALIBRATION step=3000 macro_total=1.08051765 stale=0
PHASE1B_TRAIN_STEP step=3050 loss=0.01074151 continuous=0.00933408 gripper=0.00140744
PHASE1B_TRAIN_STEP step=3100 loss=0.01028657 continuous=0.00952182 gripper=0.00076476
PHASE1B_TRAIN_STEP step=3150 loss=0.01348666 continuous=0.01016695 gripper=0.00331971
PHASE1B_TRAIN_STEP step=3200 loss=0.01430153 continuous=0.01002168 gripper=0.00427985
PHASE1B_TRAIN_STEP step=3250 loss=0.00925017 continuous=0.00856302 gripper=0.00068715
PHASE1B_TRAIN_STEP step=3300 loss=0.01039222 continuous=0.00886895 gripper=0.00152327
PHASE1B_TRAIN_STEP step=3350 loss=0.01097495 continuous=0.00986159 gripper=0.00111336
PHASE1B_TRAIN_STEP step=3400 loss=0.00858730 continuous=0.00812663 gripper=0.00046067
PHASE1B_TRAIN_STEP step=3450 loss=0.01079357 continuous=0.00875241 gripper=0.00204117
PHASE1B_TRAIN_STEP step=3500 loss=0.00966381 continuous=0.00862335 gripper=0.00104046
PHASE1B_CALIBRATION step=3500 macro_total=1.25460654 stale=0
PHASE1B_TRAIN_STEP step=3550 loss=0.00994032 continuous=0.00854943 gripper=0.00139089
PHASE1B_TRAIN_STEP step=3600 loss=0.01206714 continuous=0.00982757 gripper=0.00223957
PHASE1B_TRAIN_STEP step=3650 loss=0.01039310 continuous=0.00897457 gripper=0.00141853
PHASE1B_TRAIN_STEP step=3700 loss=0.01012322 continuous=0.00891740 gripper=0.00120583
PHASE1B_TRAIN_STEP step=3750 loss=0.00859494 continuous=0.00809243 gripper=0.00050252
PHASE1B_TRAIN_STEP step=3800 loss=0.00822987 continuous=0.00792753 gripper=0.00030234
PHASE1B_TRAIN_STEP step=3850 loss=0.00877284 continuous=0.00863392 gripper=0.00013892
PHASE1B_TRAIN_STEP step=3900 loss=0.00873561 continuous=0.00844852 gripper=0.00028709
PHASE1B_TRAIN_STEP step=3950 loss=0.00891654 continuous=0.00787031 gripper=0.00104624
PHASE1B_TRAIN_STEP step=4000 loss=0.00841441 continuous=0.00752767 gripper=0.00088675
PHASE1B_CALIBRATION step=4000 macro_total=1.21363300 stale=0
PHASE1B_TRAIN_STEP step=4050 loss=0.00845317 continuous=0.00804072 gripper=0.00041246
PHASE1B_TRAIN_STEP step=4100 loss=0.00967630 continuous=0.00801855 gripper=0.00165775
PHASE1B_TRAIN_STEP step=4150 loss=0.00950151 continuous=0.00896968 gripper=0.00053183
PHASE1B_TRAIN_STEP step=4200 loss=0.00756777 continuous=0.00734414 gripper=0.00022363
PHASE1B_TRAIN_STEP step=4250 loss=0.00823241 continuous=0.00801375 gripper=0.00021866
PHASE1B_TRAIN_STEP step=4300 loss=0.01164018 continuous=0.00865487 gripper=0.00298531
PHASE1B_TRAIN_STEP step=4350 loss=0.00825111 continuous=0.00802500 gripper=0.00022611
PHASE1B_TRAIN_STEP step=4400 loss=0.00874885 continuous=0.00762324 gripper=0.00112561
PHASE1B_TRAIN_STEP step=4450 loss=0.00917724 continuous=0.00820192 gripper=0.00097532
PHASE1B_TRAIN_STEP step=4500 loss=0.00759954 continuous=0.00725824 gripper=0.00034130
PHASE1B_CALIBRATION step=4500 macro_total=1.23071605 stale=0
PHASE1B_TRAIN_STEP step=4550 loss=0.01019788 continuous=0.00799610 gripper=0.00220177
PHASE1B_TRAIN_STEP step=4600 loss=0.00983041 continuous=0.00816244 gripper=0.00166796
PHASE1B_TRAIN_STEP step=4650 loss=0.01119780 continuous=0.00741277 gripper=0.00378504
PHASE1B_TRAIN_STEP step=4700 loss=0.00808753 continuous=0.00737418 gripper=0.00071334
PHASE1B_TRAIN_STEP step=4750 loss=0.00690226 continuous=0.00671178 gripper=0.00019048
PHASE1B_TRAIN_STEP step=4800 loss=0.01026765 continuous=0.00707528 gripper=0.00319237
PHASE1B_TRAIN_STEP step=4850 loss=0.00700193 continuous=0.00664142 gripper=0.00036051
PHASE1B_TRAIN_STEP step=4900 loss=0.01051746 continuous=0.00810133 gripper=0.00241613
PHASE1B_TRAIN_STEP step=4950 loss=0.00806224 continuous=0.00753469 gripper=0.00052755
PHASE1B_TRAIN_STEP step=5000 loss=0.00895641 continuous=0.00776429 gripper=0.00119211
PHASE1B_CALIBRATION step=5000 macro_total=1.21206391 stale=0
CHECKPOINT_COMPLETE component=phase1b_actor step=5000 path=/mnt/cpfs/zbl-cpfs-new/CKPT/leon/torch/r16p19_libero_phase1b/v2/fallback_per_effect/BOWL_RELEASED_IN_DRAWER/step_000005000
PHASE1B_TRAIN_STEP step=5050 loss=0.00721357 continuous=0.00685744 gripper=0.00035613
PHASE1B_TRAIN_STEP step=5100 loss=0.00786380 continuous=0.00726189 gripper=0.00060191
PHASE1B_TRAIN_STEP step=5150 loss=0.00802399 continuous=0.00736296 gripper=0.00066102
PHASE1B_TRAIN_STEP step=5200 loss=0.00684383 continuous=0.00652350 gripper=0.00032033
PHASE1B_TRAIN_STEP step=5250 loss=0.00815953 continuous=0.00647473 gripper=0.00168480
PHASE1B_TRAIN_STEP step=5300 loss=0.00800298 continuous=0.00773040 gripper=0.00027258
PHASE1B_TRAIN_STEP step=5350 loss=0.00664995 continuous=0.00634986 gripper=0.00030009
PHASE1B_TRAIN_STEP step=5400 loss=0.00787152 continuous=0.00758968 gripper=0.00028183
PHASE1B_TRAIN_STEP step=5450 loss=0.00712574 continuous=0.00670584 gripper=0.00041990
PHASE1B_TRAIN_STEP step=5500 loss=0.00711629 continuous=0.00637658 gripper=0.00073971
PHASE1B_CALIBRATION step=5500 macro_total=1.23046863 stale=1
PHASE1B_TRAIN_STEP step=5550 loss=0.00622299 continuous=0.00615420 gripper=0.00006880
PHASE1B_TRAIN_STEP step=5600 loss=0.00718383 continuous=0.00704027 gripper=0.00014356
PHASE1B_TRAIN_STEP step=5650 loss=0.01208425 continuous=0.00788260 gripper=0.00420165
PHASE1B_TRAIN_STEP step=5700 loss=0.00764442 continuous=0.00716877 gripper=0.00047564
PHASE1B_TRAIN_STEP step=5750 loss=0.00798339 continuous=0.00781205 gripper=0.00017134
PHASE1B_TRAIN_STEP step=5800 loss=0.00879060 continuous=0.00686010 gripper=0.00193050
PHASE1B_TRAIN_STEP step=5850 loss=0.00633940 continuous=0.00614638 gripper=0.00019302
PHASE1B_TRAIN_STEP step=5900 loss=0.00652267 continuous=0.00640820 gripper=0.00011448
PHASE1B_TRAIN_STEP step=5950 loss=0.00835345 continuous=0.00679910 gripper=0.00155436
PHASE1B_TRAIN_STEP step=6000 loss=0.00658752 continuous=0.00623297 gripper=0.00035455
PHASE1B_CALIBRATION step=6000 macro_total=1.28406066 stale=2
PHASE1B_TRAIN_STEP step=6050 loss=0.00709005 continuous=0.00685461 gripper=0.00023544
PHASE1B_TRAIN_STEP step=6100 loss=0.00728098 continuous=0.00676789 gripper=0.00051309
PHASE1B_TRAIN_STEP step=6150 loss=0.00694499 continuous=0.00620779 gripper=0.00073720
PHASE1B_TRAIN_STEP step=6200 loss=0.00588144 continuous=0.00579424 gripper=0.00008720
PHASE1B_TRAIN_STEP step=6250 loss=0.00603907 continuous=0.00596555 gripper=0.00007352
PHASE1B_TRAIN_STEP step=6300 loss=0.00802809 continuous=0.00652727 gripper=0.00150083
PHASE1B_TRAIN_STEP step=6350 loss=0.00698729 continuous=0.00667531 gripper=0.00031198
PHASE1B_TRAIN_STEP step=6400 loss=0.00705681 continuous=0.00652142 gripper=0.00053539
PHASE1B_TRAIN_STEP step=6450 loss=0.00712526 continuous=0.00681756 gripper=0.00030770
PHASE1B_TRAIN_STEP step=6500 loss=0.00674292 continuous=0.00658480 gripper=0.00015812
PHASE1B_CALIBRATION step=6500 macro_total=1.28157163 stale=3
PHASE1B_TRAIN_STEP step=6550 loss=0.00569946 continuous=0.00558964 gripper=0.00010983
PHASE1B_TRAIN_STEP step=6600 loss=0.00613207 continuous=0.00588302 gripper=0.00024905
PHASE1B_TRAIN_STEP step=6650 loss=0.00636646 continuous=0.00575543 gripper=0.00061103
PHASE1B_TRAIN_STEP step=6700 loss=0.00561982 continuous=0.00552856 gripper=0.00009126
PHASE1B_TRAIN_STEP step=6750 loss=0.00579233 continuous=0.00570690 gripper=0.00008543
PHASE1B_TRAIN_STEP step=6800 loss=0.00632640 continuous=0.00621639 gripper=0.00011001
PHASE1B_TRAIN_STEP step=6850 loss=0.00609179 continuous=0.00594909 gripper=0.00014271
PHASE1B_TRAIN_STEP step=6900 loss=0.00975084 continuous=0.00677934 gripper=0.00297150
PHASE1B_TRAIN_STEP step=6950 loss=0.00646941 continuous=0.00590874 gripper=0.00056067
PHASE1B_TRAIN_STEP step=7000 loss=0.00699666 continuous=0.00660069 gripper=0.00039597
PHASE1B_CALIBRATION step=7000 macro_total=1.25755835 stale=4
PHASE1B_TRAIN_STEP step=7050 loss=0.00638525 continuous=0.00592585 gripper=0.00045940
PHASE1B_TRAIN_STEP step=7100 loss=0.00510206 continuous=0.00501168 gripper=0.00009038
PHASE1B_TRAIN_STEP step=7150 loss=0.00765477 continuous=0.00720819 gripper=0.00044659
PHASE1B_TRAIN_STEP step=7200 loss=0.00658692 continuous=0.00641279 gripper=0.00017413
PHASE1B_TRAIN_STEP step=7250 loss=0.00627215 continuous=0.00608417 gripper=0.00018798
PHASE1B_TRAIN_STEP step=7300 loss=0.00587837 continuous=0.00549353 gripper=0.00038484
PHASE1B_TRAIN_STEP step=7350 loss=0.00580924 continuous=0.00564056 gripper=0.00016869
PHASE1B_TRAIN_STEP step=7400 loss=0.00552108 continuous=0.00533706 gripper=0.00018402
PHASE1B_TRAIN_STEP step=7450 loss=0.00603852 continuous=0.00599546 gripper=0.00004306
PHASE1B_TRAIN_STEP step=7500 loss=0.00497583 continuous=0.00491485 gripper=0.00006098
PHASE1B_CALIBRATION step=7500 macro_total=1.33012098 stale=5
CHECKPOINT_COMPLETE component=phase1b_actor step=7500 path=/mnt/cpfs/zbl-cpfs-new/CKPT/leon/torch/r16p19_libero_phase1b/v2/fallback_per_effect/BOWL_RELEASED_IN_DRAWER/step_000007500
PHASE1B_TRAIN_STEP step=7550 loss=0.00525140 continuous=0.00521168 gripper=0.00003972
PHASE1B_TRAIN_STEP step=7600 loss=0.00547748 continuous=0.00536108 gripper=0.00011640
PHASE1B_TRAIN_STEP step=7650 loss=0.00615231 continuous=0.00608227 gripper=0.00007004
PHASE1B_TRAIN_STEP step=7700 loss=0.00611515 continuous=0.00586175 gripper=0.00025339
PHASE1B_TRAIN_STEP step=7750 loss=0.00578618 continuous=0.00563252 gripper=0.00015366
PHASE1B_TRAIN_STEP step=7800 loss=0.00551339 continuous=0.00544713 gripper=0.00006626
PHASE1B_TRAIN_STEP step=7850 loss=0.00596933 continuous=0.00587187 gripper=0.00009746
PHASE1B_TRAIN_STEP step=7900 loss=0.00581366 continuous=0.00568169 gripper=0.00013197
PHASE1B_TRAIN_STEP step=7950 loss=0.00678281 continuous=0.00607831 gripper=0.00070450
PHASE1B_TRAIN_STEP step=8000 loss=0.00540876 continuous=0.00525126 gripper=0.00015750
PHASE1B_CALIBRATION step=8000 macro_total=1.35733068 stale=6
PHASE1B_TRAIN_STEP step=8050 loss=0.00577285 continuous=0.00571474 gripper=0.00005811
PHASE1B_TRAIN_STEP step=8100 loss=0.00556707 continuous=0.00546611 gripper=0.00010096
PHASE1B_TRAIN_STEP step=8150 loss=0.00585441 continuous=0.00572940 gripper=0.00012501
PHASE1B_TRAIN_STEP step=8200 loss=0.00535898 continuous=0.00511892 gripper=0.00024007
PHASE1B_TRAIN_STEP step=8250 loss=0.00613211 continuous=0.00590392 gripper=0.00022819
PHASE1B_TRAIN_STEP step=8300 loss=0.01029227 continuous=0.00617658 gripper=0.00411568
PHASE1B_TRAIN_STEP step=8350 loss=0.00577205 continuous=0.00566513 gripper=0.00010692
PHASE1B_TRAIN_STEP step=8400 loss=0.00549187 continuous=0.00540575 gripper=0.00008611
PHASE1B_TRAIN_STEP step=8450 loss=0.00549118 continuous=0.00540287 gripper=0.00008831
PHASE1B_TRAIN_STEP step=8500 loss=0.00571213 continuous=0.00544505 gripper=0.00026708
PHASE1B_CALIBRATION step=8500 macro_total=1.33738178 stale=7
PHASE1B_TRAIN_STEP step=8550 loss=0.01014608 continuous=0.00509811 gripper=0.00504797
PHASE1B_TRAIN_STEP step=8600 loss=0.00524679 continuous=0.00519994 gripper=0.00004685
PHASE1B_TRAIN_STEP step=8650 loss=0.00691122 continuous=0.00599311 gripper=0.00091811
PHASE1B_TRAIN_STEP step=8700 loss=0.00610753 continuous=0.00600862 gripper=0.00009891
PHASE1B_TRAIN_STEP step=8750 loss=0.00519300 continuous=0.00494891 gripper=0.00024409
PHASE1B_TRAIN_STEP step=8800 loss=0.00579992 continuous=0.00548189 gripper=0.00031804
PHASE1B_TRAIN_STEP step=8850 loss=0.00583787 continuous=0.00573538 gripper=0.00010250
PHASE1B_TRAIN_STEP step=8900 loss=0.00616073 continuous=0.00598303 gripper=0.00017770
PHASE1B_TRAIN_STEP step=8950 loss=0.00521305 continuous=0.00516055 gripper=0.00005249
PHASE1B_TRAIN_STEP step=9000 loss=0.00528876 continuous=0.00521119 gripper=0.00007757
PHASE1B_CALIBRATION step=9000 macro_total=1.33538103 stale=8
CHECKPOINT_COMPLETE component=phase1b_actor step=9000 path=/mnt/cpfs/zbl-cpfs-new/CKPT/leon/torch/r16p19_libero_phase1b/v2/fallback_per_effect/BOWL_RELEASED_IN_DRAWER/step_000009000
PHASE1B_TRAIN_STEP step=1 loss=1.88491631 continuous=0.49785060 gripper=1.38706565
PHASE1B_TRAIN_STEP step=50 loss=0.40574408 continuous=0.15390304 gripper=0.25184104
PHASE1B_TRAIN_STEP step=100 loss=0.48680264 continuous=0.14768432 gripper=0.33911830
PHASE1B_TRAIN_STEP step=150 loss=0.24803792 continuous=0.12902257 gripper=0.11901535
PHASE1B_TRAIN_STEP step=200 loss=0.14450203 continuous=0.10424512 gripper=0.04025691
PHASE1B_TRAIN_STEP step=250 loss=0.10320191 continuous=0.08463778 gripper=0.01856413
PHASE1B_TRAIN_STEP step=300 loss=0.13164437 continuous=0.08947902 gripper=0.04216535
PHASE1B_TRAIN_STEP step=350 loss=0.14237162 continuous=0.08531228 gripper=0.05705935
PHASE1B_TRAIN_STEP step=400 loss=0.19988546 continuous=0.07323188 gripper=0.12665358
PHASE1B_TRAIN_STEP step=450 loss=0.14516763 continuous=0.06348927 gripper=0.08167836
PHASE1B_TRAIN_STEP step=500 loss=0.34370384 continuous=0.07502099 gripper=0.26868284
PHASE1B_CALIBRATION step=500 macro_total=0.67690099 stale=0
PHASE1B_TRAIN_STEP step=550 loss=0.16331486 continuous=0.05587440 gripper=0.10744046
PHASE1B_TRAIN_STEP step=600 loss=0.16352506 continuous=0.06425913 gripper=0.09926593
PHASE1B_TRAIN_STEP step=650 loss=0.15494961 continuous=0.05179084 gripper=0.10315876
PHASE1B_TRAIN_STEP step=700 loss=0.09568345 continuous=0.05546778 gripper=0.04021566
PHASE1B_TRAIN_STEP step=750 loss=0.06079479 continuous=0.04547689 gripper=0.01531790
PHASE1B_TRAIN_STEP step=800 loss=0.06962256 continuous=0.05025979 gripper=0.01936277
PHASE1B_TRAIN_STEP step=850 loss=0.09428620 continuous=0.04679725 gripper=0.04748895
PHASE1B_TRAIN_STEP step=900 loss=0.10902019 continuous=0.05359021 gripper=0.05542998
PHASE1B_TRAIN_STEP step=950 loss=0.07555315 continuous=0.04104097 gripper=0.03451218
PHASE1B_TRAIN_STEP step=1000 loss=0.07092457 continuous=0.04114014 gripper=0.02978443
PHASE1B_CALIBRATION step=1000 macro_total=1.06979139 stale=0
PHASE1B_TRAIN_STEP step=1050 loss=0.07080156 continuous=0.04274981 gripper=0.02805174
PHASE1B_TRAIN_STEP step=1100 loss=0.07671249 continuous=0.04068533 gripper=0.03602716
PHASE1B_TRAIN_STEP step=1150 loss=0.05950205 continuous=0.03929088 gripper=0.02021118
PHASE1B_TRAIN_STEP step=1200 loss=0.05695057 continuous=0.04051735 gripper=0.01643322
PHASE1B_TRAIN_STEP step=1250 loss=0.03907866 continuous=0.03311281 gripper=0.00596586
PHASE1B_TRAIN_STEP step=1300 loss=0.09854086 continuous=0.03833615 gripper=0.06020470
PHASE1B_TRAIN_STEP step=1350 loss=0.22008044 continuous=0.03712729 gripper=0.18295315
PHASE1B_TRAIN_STEP step=1400 loss=0.04974674 continuous=0.03457053 gripper=0.01517621
PHASE1B_TRAIN_STEP step=1450 loss=0.06858132 continuous=0.03588272 gripper=0.03269860
PHASE1B_TRAIN_STEP step=1500 loss=0.06651805 continuous=0.03442084 gripper=0.03209722
PHASE1B_CALIBRATION step=1500 macro_total=1.21277596 stale=0
PHASE1B_TRAIN_STEP step=1550 loss=0.03919194 continuous=0.03183830 gripper=0.00735364
PHASE1B_TRAIN_STEP step=1600 loss=0.04407002 continuous=0.03209258 gripper=0.01197744
PHASE1B_TRAIN_STEP step=1650 loss=0.03979596 continuous=0.02662106 gripper=0.01317490
PHASE1B_TRAIN_STEP step=1700 loss=0.07933865 continuous=0.03095550 gripper=0.04838315
PHASE1B_TRAIN_STEP step=1750 loss=0.03058422 continuous=0.02928654 gripper=0.00129768
PHASE1B_TRAIN_STEP step=1800 loss=0.07418072 continuous=0.03175865 gripper=0.04242207
PHASE1B_TRAIN_STEP step=1850 loss=0.07225946 continuous=0.02696135 gripper=0.04529811
PHASE1B_TRAIN_STEP step=1900 loss=0.22597256 continuous=0.02692203 gripper=0.19905053
PHASE1B_TRAIN_STEP step=1950 loss=0.04572531 continuous=0.02620667 gripper=0.01951863
PHASE1B_TRAIN_STEP step=2000 loss=0.07528041 continuous=0.02763254 gripper=0.04764787
PHASE1B_CALIBRATION step=2000 macro_total=0.99155126 stale=0
PHASE1B_TRAIN_STEP step=2050 loss=0.04045638 continuous=0.02570309 gripper=0.01475328
PHASE1B_TRAIN_STEP step=2100 loss=0.07586372 continuous=0.02554893 gripper=0.05031479
PHASE1B_TRAIN_STEP step=2150 loss=0.14057392 continuous=0.02376508 gripper=0.11680884
PHASE1B_TRAIN_STEP step=2200 loss=0.05341505 continuous=0.02690591 gripper=0.02650914
PHASE1B_TRAIN_STEP step=2250 loss=0.05173674 continuous=0.02573299 gripper=0.02600375
PHASE1B_TRAIN_STEP step=2300 loss=0.04717368 continuous=0.02569188 gripper=0.02148180
PHASE1B_TRAIN_STEP step=2350 loss=0.05973952 continuous=0.02633405 gripper=0.03340546
PHASE1B_TRAIN_STEP step=2400 loss=0.03075405 continuous=0.02653856 gripper=0.00421549
PHASE1B_TRAIN_STEP step=2450 loss=0.03198497 continuous=0.02382530 gripper=0.00815967
PHASE1B_TRAIN_STEP step=2500 loss=0.05433737 continuous=0.02704163 gripper=0.02729573
PHASE1B_CALIBRATION step=2500 macro_total=1.11550748 stale=0
CHECKPOINT_COMPLETE component=phase1b_actor step=2500 path=/mnt/cpfs/zbl-cpfs-new/CKPT/leon/torch/r16p19_libero_phase1b/v2/fallback_per_effect/BOTTOM_DRAWER_CLOSED/step_000002500
PHASE1B_TRAIN_STEP step=2550 loss=0.06296071 continuous=0.02288726 gripper=0.04007345
PHASE1B_TRAIN_STEP step=2600 loss=0.10806531 continuous=0.02310947 gripper=0.08495584
PHASE1B_TRAIN_STEP step=2650 loss=0.03382156 continuous=0.02128232 gripper=0.01253924
PHASE1B_TRAIN_STEP step=2700 loss=0.12678671 continuous=0.02243457 gripper=0.10435215
PHASE1B_TRAIN_STEP step=2750 loss=0.03021740 continuous=0.02566762 gripper=0.00454978
PHASE1B_TRAIN_STEP step=2800 loss=0.02534837 continuous=0.01978537 gripper=0.00556300
PHASE1B_TRAIN_STEP step=2850 loss=0.05154836 continuous=0.02317603 gripper=0.02837233
PHASE1B_TRAIN_STEP step=2900 loss=0.02863643 continuous=0.02208273 gripper=0.00655370
PHASE1B_TRAIN_STEP step=2950 loss=0.04067229 continuous=0.02280059 gripper=0.01787171
PHASE1B_TRAIN_STEP step=3000 loss=0.04128575 continuous=0.02371334 gripper=0.01757240
PHASE1B_CALIBRATION step=3000 macro_total=1.08907395 stale=0
PHASE1B_TRAIN_STEP step=3050 loss=0.03268538 continuous=0.02219812 gripper=0.01048726
PHASE1B_TRAIN_STEP step=3100 loss=0.10707352 continuous=0.02180725 gripper=0.08526626
PHASE1B_TRAIN_STEP step=3150 loss=0.08253083 continuous=0.02420716 gripper=0.05832367
PHASE1B_TRAIN_STEP step=3200 loss=0.03096508 continuous=0.01897452 gripper=0.01199056
PHASE1B_TRAIN_STEP step=3250 loss=0.03466934 continuous=0.02380950 gripper=0.01085984
PHASE1B_TRAIN_STEP step=3300 loss=0.04452658 continuous=0.02211001 gripper=0.02241657
PHASE1B_TRAIN_STEP step=3350 loss=0.02459792 continuous=0.02234289 gripper=0.00225503
PHASE1B_TRAIN_STEP step=3400 loss=0.02456685 continuous=0.02100893 gripper=0.00355791
PHASE1B_TRAIN_STEP step=3450 loss=0.03297808 continuous=0.01992471 gripper=0.01305337
PHASE1B_TRAIN_STEP step=3500 loss=0.02461121 continuous=0.02178252 gripper=0.00282869
PHASE1B_CALIBRATION step=3500 macro_total=1.27226761 stale=0
PHASE1B_TRAIN_STEP step=3550 loss=0.05243586 continuous=0.01808861 gripper=0.03434724
PHASE1B_TRAIN_STEP step=3600 loss=0.02512551 continuous=0.01798076 gripper=0.00714475
PHASE1B_TRAIN_STEP step=3650 loss=0.03227136 continuous=0.01952175 gripper=0.01274961
PHASE1B_TRAIN_STEP step=3700 loss=0.05227116 continuous=0.02019205 gripper=0.03207912
PHASE1B_TRAIN_STEP step=3750 loss=0.03383738 continuous=0.01934144 gripper=0.01449594
PHASE1B_TRAIN_STEP step=3800 loss=0.05201168 continuous=0.01984992 gripper=0.03216176
PHASE1B_TRAIN_STEP step=3850 loss=0.04719244 continuous=0.01866052 gripper=0.02853192
PHASE1B_TRAIN_STEP step=3900 loss=0.02461726 continuous=0.01897311 gripper=0.00564415
PHASE1B_TRAIN_STEP step=3950 loss=0.03736616 continuous=0.02019795 gripper=0.01716821
PHASE1B_TRAIN_STEP step=4000 loss=0.01867167 continuous=0.01668382 gripper=0.00198784
PHASE1B_CALIBRATION step=4000 macro_total=0.82241277 stale=0
PHASE1B_TRAIN_STEP step=4050 loss=0.01847314 continuous=0.01738703 gripper=0.00108611
PHASE1B_TRAIN_STEP step=4100 loss=0.02107657 continuous=0.01850562 gripper=0.00257095
PHASE1B_TRAIN_STEP step=4150 loss=0.10448349 continuous=0.01704203 gripper=0.08744146
PHASE1B_TRAIN_STEP step=4200 loss=0.01874451 continuous=0.01800382 gripper=0.00074069
PHASE1B_TRAIN_STEP step=4250 loss=0.01893246 continuous=0.01642092 gripper=0.00251154
PHASE1B_TRAIN_STEP step=4300 loss=0.01745146 continuous=0.01714566 gripper=0.00030580
PHASE1B_TRAIN_STEP step=4350 loss=0.02694430 continuous=0.01820210 gripper=0.00874220
PHASE1B_TRAIN_STEP step=4400 loss=0.02463514 continuous=0.01948933 gripper=0.00514582
PHASE1B_TRAIN_STEP step=4450 loss=0.02185312 continuous=0.01800174 gripper=0.00385139
PHASE1B_TRAIN_STEP step=4500 loss=0.02027592 continuous=0.01731145 gripper=0.00296446
PHASE1B_CALIBRATION step=4500 macro_total=1.25579940 stale=0
PHASE1B_TRAIN_STEP step=4550 loss=0.02235019 continuous=0.01785334 gripper=0.00449685
PHASE1B_TRAIN_STEP step=4600 loss=0.01845535 continuous=0.01619116 gripper=0.00226419
PHASE1B_TRAIN_STEP step=4650 loss=0.01563788 continuous=0.01522771 gripper=0.00041017
PHASE1B_TRAIN_STEP step=4700 loss=0.05189008 continuous=0.01846216 gripper=0.03342792
PHASE1B_TRAIN_STEP step=4750 loss=0.06871390 continuous=0.01699517 gripper=0.05171872
PHASE1B_TRAIN_STEP step=4800 loss=0.05496113 continuous=0.01686594 gripper=0.03809519
PHASE1B_TRAIN_STEP step=4850 loss=0.02022519 continuous=0.01786764 gripper=0.00235754
PHASE1B_TRAIN_STEP step=4900 loss=0.01945768 continuous=0.01675842 gripper=0.00269926
PHASE1B_TRAIN_STEP step=4950 loss=0.03321833 continuous=0.01807879 gripper=0.01513954
PHASE1B_TRAIN_STEP step=5000 loss=0.03596162 continuous=0.01893125 gripper=0.01703037
PHASE1B_CALIBRATION step=5000 macro_total=1.10261334 stale=0
CHECKPOINT_COMPLETE component=phase1b_actor step=5000 path=/mnt/cpfs/zbl-cpfs-new/CKPT/leon/torch/r16p19_libero_phase1b/v2/fallback_per_effect/BOTTOM_DRAWER_CLOSED/step_000005000
PHASE1B_TRAIN_STEP step=5050 loss=0.02214903 continuous=0.01662567 gripper=0.00552336
PHASE1B_TRAIN_STEP step=5100 loss=0.03157635 continuous=0.01772242 gripper=0.01385393
PHASE1B_TRAIN_STEP step=5150 loss=0.01747784 continuous=0.01648996 gripper=0.00098788
PHASE1B_TRAIN_STEP step=5200 loss=0.02925283 continuous=0.01672419 gripper=0.01252863
PHASE1B_TRAIN_STEP step=5250 loss=0.11219164 continuous=0.01700354 gripper=0.09518810
PHASE1B_TRAIN_STEP step=5300 loss=0.02034861 continuous=0.01562382 gripper=0.00472479
PHASE1B_TRAIN_STEP step=5350 loss=0.02879179 continuous=0.01703001 gripper=0.01176178
PHASE1B_TRAIN_STEP step=5400 loss=0.03033626 continuous=0.01562630 gripper=0.01470996
PHASE1B_TRAIN_STEP step=5450 loss=0.02153959 continuous=0.01660179 gripper=0.00493780
PHASE1B_TRAIN_STEP step=5500 loss=0.04152942 continuous=0.01488362 gripper=0.02664580
PHASE1B_CALIBRATION step=5500 macro_total=1.29460373 stale=1
PHASE1B_TRAIN_STEP step=5550 loss=0.01618276 continuous=0.01471151 gripper=0.00147125
PHASE1B_TRAIN_STEP step=5600 loss=0.01876036 continuous=0.01435802 gripper=0.00440234
PHASE1B_TRAIN_STEP step=5650 loss=0.01621238 continuous=0.01463203 gripper=0.00158035
PHASE1B_TRAIN_STEP step=5700 loss=0.02266400 continuous=0.01558568 gripper=0.00707832
PHASE1B_TRAIN_STEP step=5750 loss=0.02488979 continuous=0.01532258 gripper=0.00956721
PHASE1B_TRAIN_STEP step=5800 loss=0.02300347 continuous=0.01595009 gripper=0.00705338
PHASE1B_TRAIN_STEP step=5850 loss=0.01616724 continuous=0.01491940 gripper=0.00124784
PHASE1B_TRAIN_STEP step=5900 loss=0.01404877 continuous=0.01372818 gripper=0.00032059
PHASE1B_TRAIN_STEP step=5950 loss=0.01360061 continuous=0.01340495 gripper=0.00019566
PHASE1B_TRAIN_STEP step=6000 loss=0.02910710 continuous=0.01499900 gripper=0.01410811
PHASE1B_CALIBRATION step=6000 macro_total=1.01321414 stale=0
PHASE1B_TRAIN_STEP step=6050 loss=0.01406387 continuous=0.01382847 gripper=0.00023541
PHASE1B_TRAIN_STEP step=6100 loss=0.01853168 continuous=0.01466741 gripper=0.00386427
PHASE1B_TRAIN_STEP step=6150 loss=0.01730901 continuous=0.01492786 gripper=0.00238115
PHASE1B_TRAIN_STEP step=6200 loss=0.01502499 continuous=0.01466327 gripper=0.00036172
PHASE1B_TRAIN_STEP step=6250 loss=0.02174762 continuous=0.01511407 gripper=0.00663355
PHASE1B_TRAIN_STEP step=6300 loss=0.01753109 continuous=0.01342288 gripper=0.00410821
PHASE1B_TRAIN_STEP step=6350 loss=0.01484033 continuous=0.01465957 gripper=0.00018076
PHASE1B_TRAIN_STEP step=6400 loss=0.01586427 continuous=0.01550221 gripper=0.00036206
PHASE1B_TRAIN_STEP step=6450 loss=0.01738973 continuous=0.01419562 gripper=0.00319411
PHASE1B_TRAIN_STEP step=6500 loss=0.01491760 continuous=0.01476974 gripper=0.00014786
PHASE1B_CALIBRATION step=6500 macro_total=1.22025479 stale=1
PHASE1B_TRAIN_STEP step=6550 loss=0.01623565 continuous=0.01553439 gripper=0.00070126
PHASE1B_TRAIN_STEP step=6600 loss=0.02782116 continuous=0.01441868 gripper=0.01340248
PHASE1B_TRAIN_STEP step=6650 loss=0.01366874 continuous=0.01352313 gripper=0.00014562
PHASE1B_TRAIN_STEP step=6700 loss=0.02577419 continuous=0.01340577 gripper=0.01236843
PHASE1B_TRAIN_STEP step=6750 loss=0.01492834 continuous=0.01341195 gripper=0.00151639
PHASE1B_TRAIN_STEP step=6800 loss=0.01462098 continuous=0.01429061 gripper=0.00033036
PHASE1B_TRAIN_STEP step=6850 loss=0.01450694 continuous=0.01422894 gripper=0.00027800
PHASE1B_TRAIN_STEP step=6900 loss=0.01448489 continuous=0.01427922 gripper=0.00020567
PHASE1B_TRAIN_STEP step=6950 loss=0.01460821 continuous=0.01447168 gripper=0.00013653
PHASE1B_TRAIN_STEP step=7000 loss=0.02133437 continuous=0.01546486 gripper=0.00586951
PHASE1B_CALIBRATION step=7000 macro_total=1.24182275 stale=2
PHASE1B_TRAIN_STEP step=7050 loss=0.01324234 continuous=0.01315910 gripper=0.00008324
PHASE1B_TRAIN_STEP step=7100 loss=0.01299787 continuous=0.01261465 gripper=0.00038321
PHASE1B_TRAIN_STEP step=7150 loss=0.01381595 continuous=0.01362060 gripper=0.00019536
PHASE1B_TRAIN_STEP step=7200 loss=0.01313091 continuous=0.01294934 gripper=0.00018157
PHASE1B_TRAIN_STEP step=7250 loss=0.01398874 continuous=0.01381859 gripper=0.00017015
PHASE1B_TRAIN_STEP step=7300 loss=0.01289801 continuous=0.01275413 gripper=0.00014389
PHASE1B_TRAIN_STEP step=7350 loss=0.01512815 continuous=0.01445160 gripper=0.00067656
PHASE1B_TRAIN_STEP step=7400 loss=0.01905390 continuous=0.01323250 gripper=0.00582140
PHASE1B_TRAIN_STEP step=7450 loss=0.01391506 continuous=0.01350114 gripper=0.00041392
PHASE1B_TRAIN_STEP step=7500 loss=0.01750789 continuous=0.01521254 gripper=0.00229534
PHASE1B_CALIBRATION step=7500 macro_total=1.18333319 stale=3
CHECKPOINT_COMPLETE component=phase1b_actor step=7500 path=/mnt/cpfs/zbl-cpfs-new/CKPT/leon/torch/r16p19_libero_phase1b/v2/fallback_per_effect/BOTTOM_DRAWER_CLOSED/step_000007500
PHASE1B_TRAIN_STEP step=7550 loss=0.01344880 continuous=0.01309122 gripper=0.00035758
PHASE1B_TRAIN_STEP step=7600 loss=0.01248532 continuous=0.01220361 gripper=0.00028171
PHASE1B_TRAIN_STEP step=7650 loss=0.01480549 continuous=0.01446076 gripper=0.00034473
PHASE1B_TRAIN_STEP step=7700 loss=0.02023696 continuous=0.01249084 gripper=0.00774611
PHASE1B_TRAIN_STEP step=7750 loss=0.01422301 continuous=0.01387442 gripper=0.00034859
PHASE1B_TRAIN_STEP step=7800 loss=0.01178404 continuous=0.01169907 gripper=0.00008497
PHASE1B_TRAIN_STEP step=7850 loss=0.04697163 continuous=0.01398185 gripper=0.03298978
PHASE1B_TRAIN_STEP step=7900 loss=0.01235187 continuous=0.01223148 gripper=0.00012039
PHASE1B_TRAIN_STEP step=7950 loss=0.01370043 continuous=0.01294576 gripper=0.00075467
PHASE1B_TRAIN_STEP step=8000 loss=0.01411853 continuous=0.01325546 gripper=0.00086307
PHASE1B_CALIBRATION step=8000 macro_total=1.22216966 stale=4
PHASE1B_TRAIN_STEP step=8050 loss=0.01294917 continuous=0.01281140 gripper=0.00013777
PHASE1B_TRAIN_STEP step=8100 loss=0.02799197 continuous=0.01386509 gripper=0.01412688
PHASE1B_TRAIN_STEP step=8150 loss=0.01542786 continuous=0.01248110 gripper=0.00294676
PHASE1B_TRAIN_STEP step=8200 loss=0.01473080 continuous=0.01392820 gripper=0.00080260
PHASE1B_TRAIN_STEP step=8250 loss=0.02253688 continuous=0.01291911 gripper=0.00961777
PHASE1B_TRAIN_STEP step=8300 loss=0.01350851 continuous=0.01295821 gripper=0.00055029
PHASE1B_TRAIN_STEP step=8350 loss=0.01370176 continuous=0.01361400 gripper=0.00008776
PHASE1B_TRAIN_STEP step=8400 loss=0.01713126 continuous=0.01388516 gripper=0.00324609
PHASE1B_TRAIN_STEP step=8450 loss=0.01368398 continuous=0.01359223 gripper=0.00009174
PHASE1B_TRAIN_STEP step=8500 loss=0.01168999 continuous=0.01134297 gripper=0.00034702
PHASE1B_CALIBRATION step=8500 macro_total=1.27753744 stale=5
PHASE1B_TRAIN_STEP step=8550 loss=0.01365646 continuous=0.01324541 gripper=0.00041105
PHASE1B_TRAIN_STEP step=8600 loss=0.01355575 continuous=0.01335287 gripper=0.00020288
PHASE1B_TRAIN_STEP step=8650 loss=0.01247271 continuous=0.01220024 gripper=0.00027247
PHASE1B_TRAIN_STEP step=8700 loss=0.01302848 continuous=0.01288896 gripper=0.00013952
PHASE1B_TRAIN_STEP step=8750 loss=0.01218837 continuous=0.01207210 gripper=0.00011627
PHASE1B_TRAIN_STEP step=8800 loss=0.01269074 continuous=0.01258332 gripper=0.00010742
PHASE1B_TRAIN_STEP step=8850 loss=0.01281762 continuous=0.01273217 gripper=0.00008545
PHASE1B_TRAIN_STEP step=8900 loss=0.01260713 continuous=0.01245122 gripper=0.00015592
PHASE1B_TRAIN_STEP step=8950 loss=0.01500321 continuous=0.01488781 gripper=0.00011540
PHASE1B_TRAIN_STEP step=9000 loss=0.01249992 continuous=0.01189608 gripper=0.00060384
PHASE1B_CALIBRATION step=9000 macro_total=1.23900462 stale=6
PHASE1B_TRAIN_STEP step=9050 loss=0.01235170 continuous=0.01211515 gripper=0.00023655
PHASE1B_TRAIN_STEP step=9100 loss=0.01213845 continuous=0.01204726 gripper=0.00009120
PHASE1B_TRAIN_STEP step=9150 loss=0.01313134 continuous=0.01303458 gripper=0.00009676
PHASE1B_TRAIN_STEP step=9200 loss=0.01202148 continuous=0.01193160 gripper=0.00008988
PHASE1B_TRAIN_STEP step=9250 loss=0.01697353 continuous=0.01341721 gripper=0.00355632
PHASE1B_TRAIN_STEP step=9300 loss=0.01153569 continuous=0.01139410 gripper=0.00014159
PHASE1B_TRAIN_STEP step=9350 loss=0.01819181 continuous=0.01394005 gripper=0.00425177
PHASE1B_TRAIN_STEP step=9400 loss=0.01512018 continuous=0.01404544 gripper=0.00107474
PHASE1B_TRAIN_STEP step=9450 loss=0.01331967 continuous=0.01317475 gripper=0.00014491
PHASE1B_TRAIN_STEP step=9500 loss=0.01242947 continuous=0.01233778 gripper=0.00009169
PHASE1B_CALIBRATION step=9500 macro_total=1.20627214 stale=7
PHASE1B_TRAIN_STEP step=9550 loss=0.01544571 continuous=0.01339397 gripper=0.00205174
PHASE1B_TRAIN_STEP step=9600 loss=0.01233861 continuous=0.01207545 gripper=0.00026316
PHASE1B_TRAIN_STEP step=9650 loss=0.02583460 continuous=0.01186519 gripper=0.01396940
PHASE1B_TRAIN_STEP step=9700 loss=0.01302886 continuous=0.01291094 gripper=0.00011792
PHASE1B_TRAIN_STEP step=9750 loss=0.02471881 continuous=0.01267711 gripper=0.01204170
PHASE1B_TRAIN_STEP step=9800 loss=0.01254801 continuous=0.01236712 gripper=0.00018088
PHASE1B_TRAIN_STEP step=9850 loss=0.01251547 continuous=0.01242975 gripper=0.00008572
PHASE1B_TRAIN_STEP step=9900 loss=0.01297383 continuous=0.01287599 gripper=0.00009784
PHASE1B_TRAIN_STEP step=9950 loss=0.01140528 continuous=0.01132879 gripper=0.00007649
PHASE1B_TRAIN_STEP step=10000 loss=0.01406544 continuous=0.01394014 gripper=0.00012531
PHASE1B_CALIBRATION step=10000 macro_total=1.21688087 stale=8
CHECKPOINT_COMPLETE component=phase1b_actor step=10000 path=/mnt/cpfs/zbl-cpfs-new/CKPT/leon/torch/r16p19_libero_phase1b/v2/fallback_per_effect/BOTTOM_DRAWER_CLOSED/step_000010000
wandb: Waiting for W&B process to finish... (success).
wandb: - 0.001 MB of 0.001 MB uploaded (0.000 MB deduped)wandb: \ 0.001 MB of 0.001 MB uploaded (0.000 MB deduped)wandb: | 0.001 MB of 0.001 MB uploaded (0.000 MB deduped)wandb: / 0.001 MB of 0.142 MB uploaded (0.000 MB deduped)wandb: - 0.001 MB of 0.142 MB uploaded (0.000 MB deduped)wandb: \ 0.001 MB of 0.142 MB uploaded (0.000 MB deduped)wandb: | 0.001 MB of 0.142 MB uploaded (0.000 MB deduped)wandb: / 0.001 MB of 0.142 MB uploaded (0.000 MB deduped)wandb: - 0.001 MB of 0.142 MB uploaded (0.000 MB deduped)wandb: \ 0.001 MB of 0.142 MB uploaded (0.000 MB deduped)wandb: | 0.001 MB of 0.142 MB uploaded (0.000 MB deduped)wandb: / 0.001 MB of 0.142 MB uploaded (0.000 MB deduped)wandb: - 0.001 MB of 0.142 MB uploaded (0.000 MB deduped)wandb: \ 0.001 MB of 0.142 MB uploaded (0.000 MB deduped)wandb: | 0.081 MB of 0.142 MB uploaded (0.000 MB deduped)wandb: / 0.081 MB of 0.142 MB uploaded (0.000 MB deduped)wandb: - 0.082 MB of 0.142 MB uploaded (0.000 MB deduped)wandb: \ 0.082 MB of 0.142 MB uploaded (0.000 MB deduped)wandb: | 0.082 MB of 0.142 MB uploaded (0.000 MB deduped)wandb: / 0.082 MB of 0.142 MB uploaded (0.000 MB deduped)wandb: - 0.082 MB of 0.142 MB uploaded (0.000 MB deduped)wandb: \ 0.082 MB of 0.142 MB uploaded (0.000 MB deduped)wandb: | 0.082 MB of 0.142 MB uploaded (0.000 MB deduped)wandb: / 0.082 MB of 0.142 MB uploaded (0.000 MB deduped)wandb: - 0.082 MB of 0.142 MB uploaded (0.000 MB deduped)wandb: \ 0.082 MB of 0.142 MB uploaded (0.000 MB deduped)wandb: | 0.082 MB of 0.142 MB uploaded (0.000 MB deduped)wandb: / 0.082 MB of 0.142 MB uploaded (0.000 MB deduped)wandb: - 0.082 MB of 0.142 MB uploaded (0.000 MB deduped)wandb: \ 0.114 MB of 0.142 MB uploaded (0.000 MB deduped)wandb: | 0.114 MB of 0.142 MB uploaded (0.000 MB deduped)wandb: / 0.114 MB of 0.142 MB uploaded (0.000 MB deduped)wandb: - 0.114 MB of 0.142 MB uploaded (0.000 MB deduped)wandb: \ 0.114 MB of 0.142 MB uploaded (0.000 MB deduped)wandb: | 0.114 MB of 0.142 MB uploaded (0.000 MB deduped)wandb: / 0.114 MB of 0.142 MB uploaded (0.000 MB deduped)wandb: - 0.114 MB of 0.142 MB uploaded (0.000 MB deduped)wandb: \ 0.114 MB of 0.142 MB uploaded (0.000 MB deduped)wandb: | 0.114 MB of 0.142 MB uploaded (0.000 MB deduped)wandb: / 0.114 MB of 0.142 MB uploaded (0.000 MB deduped)wandb: - 0.114 MB of 0.142 MB uploaded (0.000 MB deduped)wandb: \ 0.114 MB of 0.142 MB uploaded (0.000 MB deduped)wandb: | 0.142 MB of 0.142 MB uploaded (0.000 MB deduped)wandb: / 0.142 MB of 0.142 MB uploaded (0.000 MB deduped)wandb: - 0.142 MB of 0.142 MB uploaded (0.000 MB deduped)wandb: \ 0.142 MB of 0.142 MB uploaded (0.000 MB deduped)wandb: | 0.142 MB of 0.142 MB uploaded (0.000 MB deduped)wandb: / 0.142 MB of 0.142 MB uploaded (0.000 MB deduped)wandb: - 0.142 MB of 0.142 MB uploaded (0.000 MB deduped)wandb: \ 0.142 MB of 0.142 MB uploaded (0.000 MB deduped)wandb: | 0.142 MB of 0.142 MB uploaded (0.000 MB deduped)wandb: / 0.142 MB of 0.142 MB uploaded (0.000 MB deduped)wandb: - 0.142 MB of 0.142 MB uploaded (0.000 MB deduped)wandb: \ 0.142 MB of 0.142 MB uploaded (0.000 MB deduped)wandb: | 0.142 MB of 0.142 MB uploaded (0.000 MB deduped)wandb: / 0.142 MB of 0.142 MB uploaded (0.000 MB deduped)wandb: - 0.142 MB of 0.142 MB uploaded (0.000 MB deduped)wandb: \ 0.142 MB of 0.142 MB uploaded (0.000 MB deduped)wandb: | 0.142 MB of 0.142 MB uploaded (0.000 MB deduped)wandb: / 0.142 MB of 0.142 MB uploaded (0.000 MB deduped)wandb: - 0.142 MB of 0.142 MB uploaded (0.000 MB deduped)wandb: \ 0.142 MB of 0.142 MB uploaded (0.000 MB deduped)wandb: | 0.142 MB of 0.142 MB uploaded (0.000 MB deduped)wandb: / 0.142 MB of 0.142 MB uploaded (0.000 MB deduped)wandb: - 0.142 MB of 0.142 MB uploaded (0.000 MB deduped)wandb: \ 0.142 MB of 0.142 MB uploaded (0.000 MB deduped)wandb: | 0.142 MB of 0.142 MB uploaded (0.000 MB deduped)wandb: / 0.142 MB of 0.142 MB uploaded (0.000 MB deduped)wandb: - 0.142 MB of 0.142 MB uploaded (0.000 MB deduped)wandb: \ 0.142 MB of 0.142 MB uploaded (0.000 MB deduped)wandb: | 0.142 MB of 0.142 MB uploaded (0.000 MB deduped)wandb: / 0.142 MB of 0.142 MB uploaded (0.000 MB deduped)wandb: - 0.142 MB of 0.142 MB uploaded (0.000 MB deduped)wandb: \ 0.142 MB of 0.142 MB uploaded (0.000 MB deduped)wandb: | 0.142 MB of 0.142 MB uploaded (0.000 MB deduped)wandb: / 0.142 MB of 0.142 MB uploaded (0.000 MB deduped)wandb: - 0.142 MB of 0.142 MB uploaded (0.000 MB deduped)wandb: \ 0.142 MB of 0.142 MB uploaded (0.000 MB deduped)wandb: | 0.142 MB of 0.142 MB uploaded (0.000 MB deduped)wandb: / 0.142 MB of 0.142 MB uploaded (0.000 MB deduped)wandb: - 0.142 MB of 0.142 MB uploaded (0.000 MB deduped)wandb: \ 0.142 MB of 0.142 MB uploaded (0.000 MB deduped)wandb: | 0.142 MB of 0.142 MB uploaded (0.000 MB deduped)wandb: / 0.142 MB of 0.142 MB uploaded (0.000 MB deduped)wandb: - 0.142 MB of 0.142 MB uploaded (0.000 MB deduped)wandb: \ 0.142 MB of 0.142 MB uploaded (0.000 MB deduped)wandb: | 0.142 MB of 0.142 MB uploaded (0.000 MB deduped)wandb: / 0.142 MB of 0.142 MB uploaded (0.000 MB deduped)wandb: - 0.142 MB of 0.142 MB uploaded (0.000 MB deduped)wandb: \ 0.142 MB of 0.142 MB uploaded (0.000 MB deduped)wandb: | 0.142 MB of 0.142 MB uploaded (0.000 MB deduped)wandb: / 0.142 MB of 0.142 MB uploaded (0.000 MB deduped)wandb: - 0.142 MB of 0.142 MB uploaded (0.000 MB deduped)wandb: \ 0.142 MB of 0.142 MB uploaded (0.000 MB deduped)wandb: | 0.142 MB of 0.142 MB uploaded (0.000 MB deduped)wandb: / 0.142 MB of 0.142 MB uploaded (0.000 MB deduped)wandb: - 0.142 MB of 0.142 MB uploaded (0.000 MB deduped)wandb: \ 0.142 MB of 0.142 MB uploaded (0.000 MB deduped)wandb: | 0.142 MB of 0.142 MB uploaded (0.000 MB deduped)wandb: / 0.142 MB of 0.142 MB uploaded (0.000 MB deduped)wandb: - 0.142 MB of 0.142 MB uploaded (0.000 MB deduped)wandb: \ 0.142 MB of 0.142 MB uploaded (0.000 MB deduped)wandb: | 0.142 MB of 0.142 MB uploaded (0.000 MB deduped)wandb: / 0.142 MB of 0.142 MB uploaded (0.000 MB deduped)wandb: - 0.142 MB of 0.142 MB uploaded (0.000 MB deduped)wandb: \ 0.142 MB of 0.142 MB uploaded (0.000 MB deduped)wandb: | 0.142 MB of 0.142 MB uploaded (0.000 MB deduped)wandb: / 0.142 MB of 0.142 MB uploaded (0.000 MB deduped)wandb:                                                                                
wandb: 
wandb: Run history:
wandb: actor/calibration_macro_continuous ▁▁▁▁▁▁▂▂▁▂▁▁▁▁▁▁▁▁█▄
wandb:    actor/calibration_macro_gripper ▂▃▂▃▃▃▃▃▃▃▃▄▄▄▄▄▄▄▁█
wandb:      actor/calibration_macro_total ▂▂▂▂▂▂▂▂▃▃▃▃▃▃▃▃▃▃▁█
wandb:                actor/learning_rate ███████▇▇▇▇▇▇▆▆▆▆▅▅▅▄▄▄▄▃▃▃▃▂▂▂▂▂▁▁▁▁▁▁▁
wandb:             actor/train_continuous █▅▄▃▃▂▃▂▂▂▂▂▂▂▂▂▂▂▂▂▂▂▂▂▂▂▂▂▂▂▂▂▁▁▂▁▁▁▁▁
wandb:                actor/train_gripper █▄▂▂▂▂▁▄▁▁▂▂▂▂▂▁▂▂▂▂▁▂▁▂▁▁▁▁▁▁▂▁▁▂▁▁▂▁▁▁
wandb:                  actor/train_total █▅▃▃▃▂▂▃▂▂▂▂▂▂▂▁▂▂▂▂▁▂▂▂▁▁▁▁▁▁▂▁▁▂▁▁▂▁▁▁
wandb: 
wandb: Run summary:
wandb: actor/calibration_macro_continuous 0.25688
wandb:    actor/calibration_macro_gripper 0.96
wandb:      actor/calibration_macro_total 1.21688
wandb:                actor/learning_rate 0.0
wandb:             actor/train_continuous 0.01394
wandb:                actor/train_gripper 0.00013
wandb:                  actor/train_total 0.01407
wandb: 
wandb: Synced r16p19-phase1b-train-fallback-fix1-20260813-161800-train-fallback: https://wandb.ai/chen_jian-cj-workspace/r16p19-libero-phase1b/runs/8kdfiu08
wandb: Synced 5 W&B file(s), 0 media file(s), 0 artifact file(s) and 0 other file(s)
wandb: Find logs at: /mnt/cpfs/zbl-cpfs-new/USERS/leon/logs/r16p19_libero_phase1b/v2/experiment/wandb/wandb/run-20260813_161735-8kdfiu08/logs
PHASE1B_FALLBACK_TRAINING_COMPLETE actors=8
PHASE1B_STAGE_COMPLETE stage=train-fallback completion=/mnt/cpfs/zbl-cpfs-new/USERS/leon/logs/r16p19_libero_phase1b/v2/pai/r16p19-phase1b-train-fallback-fix1-20260813-161800/RUN_COMPLETE.json
