...................................                                      [100%]
35 passed in 2.40s
Gym has been unmaintained since 2022 and does not support NumPy 2.0 amongst other critical functionality.
Please upgrade to Gymnasium, the maintained drop-in replacement of Gym, or contact the authors of your software and request that they upgrade.
See the migration guide at https://gymnasium.farama.org/introduction/migration_guide/ for additional information.
PHASE3_SNAPSHOT_CELL split=development task=stove_moka episode=demo_0 valid=1/4
PHASE3_SNAPSHOT_CELL split=development task=stove_moka episode=demo_1 valid=3/4
PHASE3_SNAPSHOT_CELL split=development task=stove_moka episode=demo_2 valid=1/4
PHASE3_SNAPSHOT_CELL split=development task=stove_moka episode=demo_3 valid=3/4
PHASE3_SNAPSHOT_CELL split=development task=stove_moka episode=demo_4 valid=3/4
PHASE3_SNAPSHOT_CELL split=development task=stove_moka episode=demo_5 valid=3/4
PHASE3_SNAPSHOT_CELL split=development task=stove_moka episode=demo_6 valid=3/4
PHASE3_SNAPSHOT_CELL split=development task=stove_moka episode=demo_7 valid=1/4
PHASE3_SNAPSHOT_CELL split=development task=stove_moka episode=demo_8 valid=3/4
PHASE3_SNAPSHOT_CELL split=development task=stove_moka episode=demo_9 valid=4/4
PHASE3_SNAPSHOT_CELL split=development task=stove_moka episode=demo_10 valid=1/4
PHASE3_SNAPSHOT_CELL split=development task=stove_moka episode=demo_11 valid=3/4
PHASE3_SNAPSHOT_CELL split=development task=stove_moka episode=demo_12 valid=3/4
PHASE3_SNAPSHOT_CELL split=development task=stove_moka episode=demo_13 valid=3/4
PHASE3_SNAPSHOT_CELL split=development task=stove_moka episode=demo_14 valid=3/4
PHASE3_SNAPSHOT_CELL split=development task=stove_moka episode=demo_15 valid=3/4
PHASE3_SNAPSHOT_CELL split=development task=stove_moka episode=demo_16 valid=3/4
PHASE3_SNAPSHOT_CELL split=development task=stove_moka episode=demo_17 valid=1/4
PHASE3_SNAPSHOT_CELL split=development task=stove_moka episode=demo_18 valid=1/4
PHASE3_SNAPSHOT_CELL split=development task=stove_moka episode=demo_19 valid=3/4
PHASE3_SNAPSHOT_CELL split=development task=bowl_drawer episode=demo_0 valid=2/4
PHASE3_SNAPSHOT_CELL split=development task=bowl_drawer episode=demo_1 valid=3/4
PHASE3_SNAPSHOT_CELL split=development task=bowl_drawer episode=demo_2 valid=2/4
PHASE3_SNAPSHOT_CELL split=development task=bowl_drawer episode=demo_3 valid=3/4
PHASE3_SNAPSHOT_CELL split=development task=bowl_drawer episode=demo_4 valid=2/4
PHASE3_SNAPSHOT_CELL split=development task=bowl_drawer episode=demo_5 valid=2/4
PHASE3_SNAPSHOT_CELL split=development task=bowl_drawer episode=demo_6 valid=2/4
PHASE3_SNAPSHOT_CELL split=development task=bowl_drawer episode=demo_7 valid=2/4
PHASE3_SNAPSHOT_CELL split=development task=bowl_drawer episode=demo_8 valid=3/4
PHASE3_SNAPSHOT_CELL split=development task=bowl_drawer episode=demo_9 valid=2/4
PHASE3_SNAPSHOT_CELL split=development task=bowl_drawer episode=demo_10 valid=3/4
PHASE3_SNAPSHOT_CELL split=development task=bowl_drawer episode=demo_11 valid=2/4
PHASE3_SNAPSHOT_CELL split=development task=bowl_drawer episode=demo_12 valid=2/4
PHASE3_SNAPSHOT_CELL split=development task=bowl_drawer episode=demo_13 valid=3/4
PHASE3_SNAPSHOT_CELL split=development task=bowl_drawer episode=demo_14 valid=0/4
PHASE3_SNAPSHOT_CELL split=development task=bowl_drawer episode=demo_15 valid=3/4
PHASE3_SNAPSHOT_CELL split=development task=bowl_drawer episode=demo_16 valid=3/4
PHASE3_SNAPSHOT_CELL split=development task=bowl_drawer episode=demo_17 valid=2/4
PHASE3_SNAPSHOT_CELL split=development task=bowl_drawer episode=demo_18 valid=2/4
PHASE3_SNAPSHOT_CELL split=development task=bowl_drawer episode=demo_19 valid=3/4
PHASE3_SNAPSHOT_CELL split=calibration task=stove_moka episode=demo_20 valid=3/4
PHASE3_SNAPSHOT_CELL split=calibration task=stove_moka episode=demo_21 valid=3/4
PHASE3_SNAPSHOT_CELL split=calibration task=stove_moka episode=demo_22 valid=3/4
PHASE3_SNAPSHOT_CELL split=calibration task=stove_moka episode=demo_23 valid=1/4
PHASE3_SNAPSHOT_CELL split=calibration task=stove_moka episode=demo_24 valid=3/4
PHASE3_SNAPSHOT_CELL split=calibration task=stove_moka episode=demo_25 valid=4/4
PHASE3_SNAPSHOT_CELL split=calibration task=stove_moka episode=demo_26 valid=3/4
PHASE3_SNAPSHOT_CELL split=calibration task=stove_moka episode=demo_27 valid=3/4
PHASE3_SNAPSHOT_CELL split=calibration task=stove_moka episode=demo_28 valid=2/4
PHASE3_SNAPSHOT_CELL split=calibration task=stove_moka episode=demo_29 valid=3/4
PHASE3_SNAPSHOT_CELL split=calibration task=bowl_drawer episode=demo_20 valid=2/4
PHASE3_SNAPSHOT_CELL split=calibration task=bowl_drawer episode=demo_21 valid=3/4
PHASE3_SNAPSHOT_CELL split=calibration task=bowl_drawer episode=demo_22 valid=2/4
PHASE3_SNAPSHOT_CELL split=calibration task=bowl_drawer episode=demo_23 valid=2/4
PHASE3_SNAPSHOT_CELL split=calibration task=bowl_drawer episode=demo_24 valid=3/4
PHASE3_SNAPSHOT_CELL split=calibration task=bowl_drawer episode=demo_25 valid=3/4
PHASE3_SNAPSHOT_CELL split=calibration task=bowl_drawer episode=demo_26 valid=2/4
PHASE3_SNAPSHOT_CELL split=calibration task=bowl_drawer episode=demo_27 valid=2/4
PHASE3_SNAPSHOT_CELL split=calibration task=bowl_drawer episode=demo_28 valid=2/4
PHASE3_SNAPSHOT_CELL split=calibration task=bowl_drawer episode=demo_29 valid=2/4
PHASE3_SNAPSHOT_CELL split=qualification task=stove_moka episode=demo_30 valid=3/4
PHASE3_SNAPSHOT_CELL split=qualification task=stove_moka episode=demo_31 valid=3/4
PHASE3_SNAPSHOT_CELL split=qualification task=stove_moka episode=demo_32 valid=1/4
PHASE3_SNAPSHOT_CELL split=qualification task=stove_moka episode=demo_33 valid=3/4
PHASE3_SNAPSHOT_CELL split=qualification task=stove_moka episode=demo_34 valid=3/4
PHASE3_SNAPSHOT_CELL split=qualification task=stove_moka episode=demo_35 valid=3/4
PHASE3_SNAPSHOT_CELL split=qualification task=stove_moka episode=demo_36 valid=3/4
PHASE3_SNAPSHOT_CELL split=qualification task=stove_moka episode=demo_37 valid=3/4
PHASE3_SNAPSHOT_CELL split=qualification task=stove_moka episode=demo_38 valid=4/4
PHASE3_SNAPSHOT_CELL split=qualification task=stove_moka episode=demo_39 valid=3/4
PHASE3_SNAPSHOT_CELL split=qualification task=bowl_drawer episode=demo_30 valid=0/4
PHASE3_SNAPSHOT_CELL split=qualification task=bowl_drawer episode=demo_31 valid=3/4
PHASE3_SNAPSHOT_CELL split=qualification task=bowl_drawer episode=demo_32 valid=2/4
PHASE3_SNAPSHOT_CELL split=qualification task=bowl_drawer episode=demo_33 valid=2/4
PHASE3_SNAPSHOT_CELL split=qualification task=bowl_drawer episode=demo_34 valid=1/4
PHASE3_SNAPSHOT_CELL split=qualification task=bowl_drawer episode=demo_35 valid=3/4
PHASE3_SNAPSHOT_CELL split=qualification task=bowl_drawer episode=demo_36 valid=3/4
PHASE3_SNAPSHOT_CELL split=qualification task=bowl_drawer episode=demo_37 valid=3/4
PHASE3_SNAPSHOT_CELL split=qualification task=bowl_drawer episode=demo_38 valid=2/4
PHASE3_SNAPSHOT_CELL split=qualification task=bowl_drawer episode=demo_39 valid=3/4
PHASE3_REPLAY_CELL split=qualification task=stove_moka episode=demo_30 effect=STOVE_TURNED_ON rep=0 success=True
PHASE3_REPLAY_CELL split=qualification task=stove_moka episode=demo_30 effect=STOVE_TURNED_ON rep=1 success=True
PHASE3_REPLAY_CELL split=qualification task=stove_moka episode=demo_30 effect=STOVE_TURNED_ON rep=2 success=True
PHASE3_REPLAY_CELL split=qualification task=stove_moka episode=demo_30 effect=STOVE_TURNED_ON rep=3 success=False
PHASE3_REPLAY_CELL split=qualification task=stove_moka episode=demo_30 effect=STOVE_TURNED_ON rep=4 success=True
PHASE3_REPLAY_CELL split=qualification task=stove_moka episode=demo_31 effect=STOVE_TURNED_ON rep=0 success=False
PHASE3_REPLAY_CELL split=qualification task=stove_moka episode=demo_31 effect=STOVE_TURNED_ON rep=1 success=False
PHASE3_REPLAY_CELL split=qualification task=stove_moka episode=demo_31 effect=STOVE_TURNED_ON rep=2 success=True
PHASE3_REPLAY_CELL split=qualification task=stove_moka episode=demo_31 effect=STOVE_TURNED_ON rep=3 success=False
PHASE3_REPLAY_CELL split=qualification task=stove_moka episode=demo_31 effect=STOVE_TURNED_ON rep=4 success=False
PHASE3_REPLAY_CELL split=qualification task=stove_moka episode=demo_32 effect=STOVE_TURNED_ON rep=0 success=False
PHASE3_REPLAY_CELL split=qualification task=stove_moka episode=demo_32 effect=STOVE_TURNED_ON rep=1 success=False
PHASE3_REPLAY_CELL split=qualification task=stove_moka episode=demo_32 effect=STOVE_TURNED_ON rep=2 success=False
PHASE3_REPLAY_CELL split=qualification task=stove_moka episode=demo_32 effect=STOVE_TURNED_ON rep=3 success=True
PHASE3_REPLAY_CELL split=qualification task=stove_moka episode=demo_32 effect=STOVE_TURNED_ON rep=4 success=False
PHASE3_REPLAY_CELL split=qualification task=stove_moka episode=demo_33 effect=STOVE_TURNED_ON rep=0 success=False
PHASE3_REPLAY_CELL split=qualification task=stove_moka episode=demo_33 effect=STOVE_TURNED_ON rep=1 success=False
PHASE3_REPLAY_CELL split=qualification task=stove_moka episode=demo_33 effect=STOVE_TURNED_ON rep=2 success=True
PHASE3_REPLAY_CELL split=qualification task=stove_moka episode=demo_33 effect=STOVE_TURNED_ON rep=3 success=False
PHASE3_REPLAY_CELL split=qualification task=stove_moka episode=demo_33 effect=STOVE_TURNED_ON rep=4 success=False
PHASE3_REPLAY_CELL split=qualification task=stove_moka episode=demo_34 effect=STOVE_TURNED_ON rep=0 success=False
PHASE3_REPLAY_CELL split=qualification task=stove_moka episode=demo_34 effect=STOVE_TURNED_ON rep=1 success=False
PHASE3_REPLAY_CELL split=qualification task=stove_moka episode=demo_34 effect=STOVE_TURNED_ON rep=2 success=True
PHASE3_REPLAY_CELL split=qualification task=stove_moka episode=demo_34 effect=STOVE_TURNED_ON rep=3 success=False
PHASE3_REPLAY_CELL split=qualification task=stove_moka episode=demo_34 effect=STOVE_TURNED_ON rep=4 success=False
PHASE3_REPLAY_CELL split=qualification task=stove_moka episode=demo_35 effect=STOVE_TURNED_ON rep=0 success=True
PHASE3_REPLAY_CELL split=qualification task=stove_moka episode=demo_35 effect=STOVE_TURNED_ON rep=1 success=True
PHASE3_REPLAY_CELL split=qualification task=stove_moka episode=demo_35 effect=STOVE_TURNED_ON rep=2 success=True
PHASE3_REPLAY_CELL split=qualification task=stove_moka episode=demo_35 effect=STOVE_TURNED_ON rep=3 success=True
PHASE3_REPLAY_CELL split=qualification task=stove_moka episode=demo_35 effect=STOVE_TURNED_ON rep=4 success=True
PHASE3_REPLAY_CELL split=qualification task=stove_moka episode=demo_36 effect=STOVE_TURNED_ON rep=0 success=True
PHASE3_REPLAY_CELL split=qualification task=stove_moka episode=demo_36 effect=STOVE_TURNED_ON rep=1 success=True
PHASE3_REPLAY_CELL split=qualification task=stove_moka episode=demo_36 effect=STOVE_TURNED_ON rep=2 success=True
PHASE3_REPLAY_CELL split=qualification task=stove_moka episode=demo_36 effect=STOVE_TURNED_ON rep=3 success=True
PHASE3_REPLAY_CELL split=qualification task=stove_moka episode=demo_36 effect=STOVE_TURNED_ON rep=4 success=True
PHASE3_REPLAY_CELL split=qualification task=stove_moka episode=demo_37 effect=STOVE_TURNED_ON rep=0 success=False
PHASE3_REPLAY_CELL split=qualification task=stove_moka episode=demo_37 effect=STOVE_TURNED_ON rep=1 success=False
PHASE3_REPLAY_CELL split=qualification task=stove_moka episode=demo_37 effect=STOVE_TURNED_ON rep=2 success=True
PHASE3_REPLAY_CELL split=qualification task=stove_moka episode=demo_37 effect=STOVE_TURNED_ON rep=3 success=False
PHASE3_REPLAY_CELL split=qualification task=stove_moka episode=demo_37 effect=STOVE_TURNED_ON rep=4 success=False
PHASE3_REPLAY_CELL split=qualification task=stove_moka episode=demo_38 effect=STOVE_TURNED_ON rep=0 success=True
PHASE3_REPLAY_CELL split=qualification task=stove_moka episode=demo_38 effect=STOVE_TURNED_ON rep=1 success=True
PHASE3_REPLAY_CELL split=qualification task=stove_moka episode=demo_38 effect=STOVE_TURNED_ON rep=2 success=True
PHASE3_REPLAY_CELL split=qualification task=stove_moka episode=demo_38 effect=STOVE_TURNED_ON rep=3 success=False
PHASE3_REPLAY_CELL split=qualification task=stove_moka episode=demo_38 effect=STOVE_TURNED_ON rep=4 success=True
PHASE3_REPLAY_CELL split=qualification task=stove_moka episode=demo_39 effect=STOVE_TURNED_ON rep=0 success=True
PHASE3_REPLAY_CELL split=qualification task=stove_moka episode=demo_39 effect=STOVE_TURNED_ON rep=1 success=True
PHASE3_REPLAY_CELL split=qualification task=stove_moka episode=demo_39 effect=STOVE_TURNED_ON rep=2 success=True
PHASE3_REPLAY_CELL split=qualification task=stove_moka episode=demo_39 effect=STOVE_TURNED_ON rep=3 success=True
PHASE3_REPLAY_CELL split=qualification task=stove_moka episode=demo_39 effect=STOVE_TURNED_ON rep=4 success=True
PHASE3_REPLAY_CELL split=qualification task=stove_moka episode=demo_30 effect=MOKA_GRASPED rep=0 success=True
PHASE3_REPLAY_CELL split=qualification task=stove_moka episode=demo_30 effect=MOKA_GRASPED rep=1 success=True
PHASE3_REPLAY_CELL split=qualification task=stove_moka episode=demo_30 effect=MOKA_GRASPED rep=2 success=False
PHASE3_REPLAY_CELL split=qualification task=stove_moka episode=demo_30 effect=MOKA_GRASPED rep=3 success=True
PHASE3_REPLAY_CELL split=qualification task=stove_moka episode=demo_30 effect=MOKA_GRASPED rep=4 success=True
PHASE3_REPLAY_CELL split=qualification task=stove_moka episode=demo_31 effect=MOKA_GRASPED rep=0 success=False
PHASE3_REPLAY_CELL split=qualification task=stove_moka episode=demo_31 effect=MOKA_GRASPED rep=1 success=False
PHASE3_REPLAY_CELL split=qualification task=stove_moka episode=demo_31 effect=MOKA_GRASPED rep=2 success=False
PHASE3_REPLAY_CELL split=qualification task=stove_moka episode=demo_31 effect=MOKA_GRASPED rep=3 success=False
PHASE3_REPLAY_CELL split=qualification task=stove_moka episode=demo_31 effect=MOKA_GRASPED rep=4 success=False
PHASE3_REPLAY_CELL split=qualification task=stove_moka episode=demo_32 effect=MOKA_GRASPED rep=0 success=False
PHASE3_REPLAY_CELL split=qualification task=stove_moka episode=demo_32 effect=MOKA_GRASPED rep=1 success=False
PHASE3_REPLAY_CELL split=qualification task=stove_moka episode=demo_32 effect=MOKA_GRASPED rep=2 success=False
PHASE3_REPLAY_CELL split=qualification task=stove_moka episode=demo_32 effect=MOKA_GRASPED rep=3 success=False
PHASE3_REPLAY_CELL split=qualification task=stove_moka episode=demo_32 effect=MOKA_GRASPED rep=4 success=False
PHASE3_REPLAY_CELL split=qualification task=stove_moka episode=demo_33 effect=MOKA_GRASPED rep=0 success=False
PHASE3_REPLAY_CELL split=qualification task=stove_moka episode=demo_33 effect=MOKA_GRASPED rep=1 success=False
PHASE3_REPLAY_CELL split=qualification task=stove_moka episode=demo_33 effect=MOKA_GRASPED rep=2 success=True
PHASE3_REPLAY_CELL split=qualification task=stove_moka episode=demo_33 effect=MOKA_GRASPED rep=3 success=False
PHASE3_REPLAY_CELL split=qualification task=stove_moka episode=demo_33 effect=MOKA_GRASPED rep=4 success=False
PHASE3_REPLAY_CELL split=qualification task=stove_moka episode=demo_34 effect=MOKA_GRASPED rep=0 success=False
PHASE3_REPLAY_CELL split=qualification task=stove_moka episode=demo_34 effect=MOKA_GRASPED rep=1 success=False
PHASE3_REPLAY_CELL split=qualification task=stove_moka episode=demo_34 effect=MOKA_GRASPED rep=2 success=True
PHASE3_REPLAY_CELL split=qualification task=stove_moka episode=demo_34 effect=MOKA_GRASPED rep=3 success=True
PHASE3_REPLAY_CELL split=qualification task=stove_moka episode=demo_34 effect=MOKA_GRASPED rep=4 success=False
PHASE3_REPLAY_CELL split=qualification task=stove_moka episode=demo_35 effect=MOKA_GRASPED rep=0 success=True
PHASE3_REPLAY_CELL split=qualification task=stove_moka episode=demo_35 effect=MOKA_GRASPED rep=1 success=True
PHASE3_REPLAY_CELL split=qualification task=stove_moka episode=demo_35 effect=MOKA_GRASPED rep=2 success=False
PHASE3_REPLAY_CELL split=qualification task=stove_moka episode=demo_35 effect=MOKA_GRASPED rep=3 success=False
PHASE3_REPLAY_CELL split=qualification task=stove_moka episode=demo_35 effect=MOKA_GRASPED rep=4 success=True
PHASE3_REPLAY_CELL split=qualification task=stove_moka episode=demo_36 effect=MOKA_GRASPED rep=0 success=True
PHASE3_REPLAY_CELL split=qualification task=stove_moka episode=demo_36 effect=MOKA_GRASPED rep=1 success=True
PHASE3_REPLAY_CELL split=qualification task=stove_moka episode=demo_36 effect=MOKA_GRASPED rep=2 success=False
PHASE3_REPLAY_CELL split=qualification task=stove_moka episode=demo_36 effect=MOKA_GRASPED rep=3 success=False
PHASE3_REPLAY_CELL split=qualification task=stove_moka episode=demo_36 effect=MOKA_GRASPED rep=4 success=True
PHASE3_REPLAY_CELL split=qualification task=stove_moka episode=demo_37 effect=MOKA_GRASPED rep=0 success=True
PHASE3_REPLAY_CELL split=qualification task=stove_moka episode=demo_37 effect=MOKA_GRASPED rep=1 success=True
PHASE3_REPLAY_CELL split=qualification task=stove_moka episode=demo_37 effect=MOKA_GRASPED rep=2 success=False
PHASE3_REPLAY_CELL split=qualification task=stove_moka episode=demo_37 effect=MOKA_GRASPED rep=3 success=True
PHASE3_REPLAY_CELL split=qualification task=stove_moka episode=demo_37 effect=MOKA_GRASPED rep=4 success=True
PHASE3_REPLAY_CELL split=qualification task=stove_moka episode=demo_38 effect=MOKA_GRASPED rep=0 success=True
PHASE3_REPLAY_CELL split=qualification task=stove_moka episode=demo_38 effect=MOKA_GRASPED rep=1 success=True
PHASE3_REPLAY_CELL split=qualification task=stove_moka episode=demo_38 effect=MOKA_GRASPED rep=2 success=False
PHASE3_REPLAY_CELL split=qualification task=stove_moka episode=demo_38 effect=MOKA_GRASPED rep=3 success=True
PHASE3_REPLAY_CELL split=qualification task=stove_moka episode=demo_38 effect=MOKA_GRASPED rep=4 success=True
PHASE3_REPLAY_CELL split=qualification task=stove_moka episode=demo_39 effect=MOKA_GRASPED rep=0 success=False
PHASE3_REPLAY_CELL split=qualification task=stove_moka episode=demo_39 effect=MOKA_GRASPED rep=1 success=False
PHASE3_REPLAY_CELL split=qualification task=stove_moka episode=demo_39 effect=MOKA_GRASPED rep=2 success=True
PHASE3_REPLAY_CELL split=qualification task=stove_moka episode=demo_39 effect=MOKA_GRASPED rep=3 success=False
PHASE3_REPLAY_CELL split=qualification task=stove_moka episode=demo_39 effect=MOKA_GRASPED rep=4 success=False
PHASE3_REPLAY_CELL split=qualification task=stove_moka episode=demo_30 effect=MOKA_ON_STOVE rep=0 success=True
PHASE3_REPLAY_CELL split=qualification task=stove_moka episode=demo_30 effect=MOKA_ON_STOVE rep=1 success=True
PHASE3_REPLAY_CELL split=qualification task=stove_moka episode=demo_30 effect=MOKA_ON_STOVE rep=2 success=True
PHASE3_REPLAY_CELL split=qualification task=stove_moka episode=demo_30 effect=MOKA_ON_STOVE rep=3 success=True
PHASE3_REPLAY_CELL split=qualification task=stove_moka episode=demo_30 effect=MOKA_ON_STOVE rep=4 success=True
PHASE3_REPLAY_CELL split=qualification task=stove_moka episode=demo_31 effect=MOKA_ON_STOVE rep=0 success=True
PHASE3_REPLAY_CELL split=qualification task=stove_moka episode=demo_31 effect=MOKA_ON_STOVE rep=1 success=True
PHASE3_REPLAY_CELL split=qualification task=stove_moka episode=demo_31 effect=MOKA_ON_STOVE rep=2 success=True
PHASE3_REPLAY_CELL split=qualification task=stove_moka episode=demo_31 effect=MOKA_ON_STOVE rep=3 success=True
PHASE3_REPLAY_CELL split=qualification task=stove_moka episode=demo_31 effect=MOKA_ON_STOVE rep=4 success=True
PHASE3_REPLAY_CELL split=qualification task=stove_moka episode=demo_32 effect=MOKA_ON_STOVE rep=0 success=False
PHASE3_REPLAY_CELL split=qualification task=stove_moka episode=demo_32 effect=MOKA_ON_STOVE rep=1 success=False
PHASE3_REPLAY_CELL split=qualification task=stove_moka episode=demo_32 effect=MOKA_ON_STOVE rep=2 success=False
PHASE3_REPLAY_CELL split=qualification task=stove_moka episode=demo_32 effect=MOKA_ON_STOVE rep=3 success=False
PHASE3_REPLAY_CELL split=qualification task=stove_moka episode=demo_32 effect=MOKA_ON_STOVE rep=4 success=False
PHASE3_REPLAY_CELL split=qualification task=stove_moka episode=demo_33 effect=MOKA_ON_STOVE rep=0 success=False
PHASE3_REPLAY_CELL split=qualification task=stove_moka episode=demo_33 effect=MOKA_ON_STOVE rep=1 success=True
PHASE3_REPLAY_CELL split=qualification task=stove_moka episode=demo_33 effect=MOKA_ON_STOVE rep=2 success=True
PHASE3_REPLAY_CELL split=qualification task=stove_moka episode=demo_33 effect=MOKA_ON_STOVE rep=3 success=True
PHASE3_REPLAY_CELL split=qualification task=stove_moka episode=demo_33 effect=MOKA_ON_STOVE rep=4 success=True
PHASE3_REPLAY_CELL split=qualification task=stove_moka episode=demo_34 effect=MOKA_ON_STOVE rep=0 success=True
PHASE3_REPLAY_CELL split=qualification task=stove_moka episode=demo_34 effect=MOKA_ON_STOVE rep=1 success=True
PHASE3_REPLAY_CELL split=qualification task=stove_moka episode=demo_34 effect=MOKA_ON_STOVE rep=2 success=True
PHASE3_REPLAY_CELL split=qualification task=stove_moka episode=demo_34 effect=MOKA_ON_STOVE rep=3 success=True
PHASE3_REPLAY_CELL split=qualification task=stove_moka episode=demo_34 effect=MOKA_ON_STOVE rep=4 success=True
PHASE3_REPLAY_CELL split=qualification task=stove_moka episode=demo_35 effect=MOKA_ON_STOVE rep=0 success=True
PHASE3_REPLAY_CELL split=qualification task=stove_moka episode=demo_35 effect=MOKA_ON_STOVE rep=1 success=True
PHASE3_REPLAY_CELL split=qualification task=stove_moka episode=demo_35 effect=MOKA_ON_STOVE rep=2 success=True
PHASE3_REPLAY_CELL split=qualification task=stove_moka episode=demo_35 effect=MOKA_ON_STOVE rep=3 success=True
PHASE3_REPLAY_CELL split=qualification task=stove_moka episode=demo_35 effect=MOKA_ON_STOVE rep=4 success=True
PHASE3_REPLAY_CELL split=qualification task=stove_moka episode=demo_36 effect=MOKA_ON_STOVE rep=0 success=True
PHASE3_REPLAY_CELL split=qualification task=stove_moka episode=demo_36 effect=MOKA_ON_STOVE rep=1 success=True
PHASE3_REPLAY_CELL split=qualification task=stove_moka episode=demo_36 effect=MOKA_ON_STOVE rep=2 success=True
PHASE3_REPLAY_CELL split=qualification task=stove_moka episode=demo_36 effect=MOKA_ON_STOVE rep=3 success=True
PHASE3_REPLAY_CELL split=qualification task=stove_moka episode=demo_36 effect=MOKA_ON_STOVE rep=4 success=True
PHASE3_REPLAY_CELL split=qualification task=stove_moka episode=demo_37 effect=MOKA_ON_STOVE rep=0 success=True
PHASE3_REPLAY_CELL split=qualification task=stove_moka episode=demo_37 effect=MOKA_ON_STOVE rep=1 success=True
PHASE3_REPLAY_CELL split=qualification task=stove_moka episode=demo_37 effect=MOKA_ON_STOVE rep=2 success=True
PHASE3_REPLAY_CELL split=qualification task=stove_moka episode=demo_37 effect=MOKA_ON_STOVE rep=3 success=True
PHASE3_REPLAY_CELL split=qualification task=stove_moka episode=demo_37 effect=MOKA_ON_STOVE rep=4 success=True
PHASE3_REPLAY_CELL split=qualification task=stove_moka episode=demo_38 effect=MOKA_ON_STOVE rep=0 success=True
PHASE3_REPLAY_CELL split=qualification task=stove_moka episode=demo_38 effect=MOKA_ON_STOVE rep=1 success=True
PHASE3_REPLAY_CELL split=qualification task=stove_moka episode=demo_38 effect=MOKA_ON_STOVE rep=2 success=True
PHASE3_REPLAY_CELL split=qualification task=stove_moka episode=demo_38 effect=MOKA_ON_STOVE rep=3 success=True
PHASE3_REPLAY_CELL split=qualification task=stove_moka episode=demo_38 effect=MOKA_ON_STOVE rep=4 success=True
PHASE3_REPLAY_CELL split=qualification task=stove_moka episode=demo_39 effect=MOKA_ON_STOVE rep=0 success=True
PHASE3_REPLAY_CELL split=qualification task=stove_moka episode=demo_39 effect=MOKA_ON_STOVE rep=1 success=True
PHASE3_REPLAY_CELL split=qualification task=stove_moka episode=demo_39 effect=MOKA_ON_STOVE rep=2 success=True
PHASE3_REPLAY_CELL split=qualification task=stove_moka episode=demo_39 effect=MOKA_ON_STOVE rep=3 success=True
PHASE3_REPLAY_CELL split=qualification task=stove_moka episode=demo_39 effect=MOKA_ON_STOVE rep=4 success=True
PHASE3_REPLAY_CELL split=qualification task=stove_moka episode=demo_30 effect=MOKA_RELEASED_ON_STOVE rep=0 success=False
PHASE3_REPLAY_CELL split=qualification task=stove_moka episode=demo_30 effect=MOKA_RELEASED_ON_STOVE rep=1 success=False
PHASE3_REPLAY_CELL split=qualification task=stove_moka episode=demo_30 effect=MOKA_RELEASED_ON_STOVE rep=2 success=False
PHASE3_REPLAY_CELL split=qualification task=stove_moka episode=demo_30 effect=MOKA_RELEASED_ON_STOVE rep=3 success=False
PHASE3_REPLAY_CELL split=qualification task=stove_moka episode=demo_30 effect=MOKA_RELEASED_ON_STOVE rep=4 success=False
PHASE3_REPLAY_CELL split=qualification task=stove_moka episode=demo_31 effect=MOKA_RELEASED_ON_STOVE rep=0 success=False
PHASE3_REPLAY_CELL split=qualification task=stove_moka episode=demo_31 effect=MOKA_RELEASED_ON_STOVE rep=1 success=False
PHASE3_REPLAY_CELL split=qualification task=stove_moka episode=demo_31 effect=MOKA_RELEASED_ON_STOVE rep=2 success=False
PHASE3_REPLAY_CELL split=qualification task=stove_moka episode=demo_31 effect=MOKA_RELEASED_ON_STOVE rep=3 success=False
PHASE3_REPLAY_CELL split=qualification task=stove_moka episode=demo_31 effect=MOKA_RELEASED_ON_STOVE rep=4 success=False
PHASE3_REPLAY_CELL split=qualification task=stove_moka episode=demo_32 effect=MOKA_RELEASED_ON_STOVE rep=0 success=False
PHASE3_REPLAY_CELL split=qualification task=stove_moka episode=demo_32 effect=MOKA_RELEASED_ON_STOVE rep=1 success=False
PHASE3_REPLAY_CELL split=qualification task=stove_moka episode=demo_32 effect=MOKA_RELEASED_ON_STOVE rep=2 success=False
PHASE3_REPLAY_CELL split=qualification task=stove_moka episode=demo_32 effect=MOKA_RELEASED_ON_STOVE rep=3 success=False
PHASE3_REPLAY_CELL split=qualification task=stove_moka episode=demo_32 effect=MOKA_RELEASED_ON_STOVE rep=4 success=False
PHASE3_REPLAY_CELL split=qualification task=stove_moka episode=demo_33 effect=MOKA_RELEASED_ON_STOVE rep=0 success=False
PHASE3_REPLAY_CELL split=qualification task=stove_moka episode=demo_33 effect=MOKA_RELEASED_ON_STOVE rep=1 success=False
PHASE3_REPLAY_CELL split=qualification task=stove_moka episode=demo_33 effect=MOKA_RELEASED_ON_STOVE rep=2 success=False
PHASE3_REPLAY_CELL split=qualification task=stove_moka episode=demo_33 effect=MOKA_RELEASED_ON_STOVE rep=3 success=False
PHASE3_REPLAY_CELL split=qualification task=stove_moka episode=demo_33 effect=MOKA_RELEASED_ON_STOVE rep=4 success=False
PHASE3_REPLAY_CELL split=qualification task=stove_moka episode=demo_34 effect=MOKA_RELEASED_ON_STOVE rep=0 success=False
PHASE3_REPLAY_CELL split=qualification task=stove_moka episode=demo_34 effect=MOKA_RELEASED_ON_STOVE rep=1 success=False
PHASE3_REPLAY_CELL split=qualification task=stove_moka episode=demo_34 effect=MOKA_RELEASED_ON_STOVE rep=2 success=False
PHASE3_REPLAY_CELL split=qualification task=stove_moka episode=demo_34 effect=MOKA_RELEASED_ON_STOVE rep=3 success=False
PHASE3_REPLAY_CELL split=qualification task=stove_moka episode=demo_34 effect=MOKA_RELEASED_ON_STOVE rep=4 success=False
PHASE3_REPLAY_CELL split=qualification task=stove_moka episode=demo_35 effect=MOKA_RELEASED_ON_STOVE rep=0 success=False
PHASE3_REPLAY_CELL split=qualification task=stove_moka episode=demo_35 effect=MOKA_RELEASED_ON_STOVE rep=1 success=False
PHASE3_REPLAY_CELL split=qualification task=stove_moka episode=demo_35 effect=MOKA_RELEASED_ON_STOVE rep=2 success=False
PHASE3_REPLAY_CELL split=qualification task=stove_moka episode=demo_35 effect=MOKA_RELEASED_ON_STOVE rep=3 success=False
PHASE3_REPLAY_CELL split=qualification task=stove_moka episode=demo_35 effect=MOKA_RELEASED_ON_STOVE rep=4 success=False
PHASE3_REPLAY_CELL split=qualification task=stove_moka episode=demo_36 effect=MOKA_RELEASED_ON_STOVE rep=0 success=False
PHASE3_REPLAY_CELL split=qualification task=stove_moka episode=demo_36 effect=MOKA_RELEASED_ON_STOVE rep=1 success=False
PHASE3_REPLAY_CELL split=qualification task=stove_moka episode=demo_36 effect=MOKA_RELEASED_ON_STOVE rep=2 success=False
PHASE3_REPLAY_CELL split=qualification task=stove_moka episode=demo_36 effect=MOKA_RELEASED_ON_STOVE rep=3 success=False
PHASE3_REPLAY_CELL split=qualification task=stove_moka episode=demo_36 effect=MOKA_RELEASED_ON_STOVE rep=4 success=False
PHASE3_REPLAY_CELL split=qualification task=stove_moka episode=demo_37 effect=MOKA_RELEASED_ON_STOVE rep=0 success=False
PHASE3_REPLAY_CELL split=qualification task=stove_moka episode=demo_37 effect=MOKA_RELEASED_ON_STOVE rep=1 success=False
PHASE3_REPLAY_CELL split=qualification task=stove_moka episode=demo_37 effect=MOKA_RELEASED_ON_STOVE rep=2 success=False
PHASE3_REPLAY_CELL split=qualification task=stove_moka episode=demo_37 effect=MOKA_RELEASED_ON_STOVE rep=3 success=False
PHASE3_REPLAY_CELL split=qualification task=stove_moka episode=demo_37 effect=MOKA_RELEASED_ON_STOVE rep=4 success=False
PHASE3_REPLAY_CELL split=qualification task=stove_moka episode=demo_38 effect=MOKA_RELEASED_ON_STOVE rep=0 success=True
PHASE3_REPLAY_CELL split=qualification task=stove_moka episode=demo_38 effect=MOKA_RELEASED_ON_STOVE rep=1 success=True
PHASE3_REPLAY_CELL split=qualification task=stove_moka episode=demo_38 effect=MOKA_RELEASED_ON_STOVE rep=2 success=True
PHASE3_REPLAY_CELL split=qualification task=stove_moka episode=demo_38 effect=MOKA_RELEASED_ON_STOVE rep=3 success=True
PHASE3_REPLAY_CELL split=qualification task=stove_moka episode=demo_38 effect=MOKA_RELEASED_ON_STOVE rep=4 success=True
PHASE3_REPLAY_CELL split=qualification task=stove_moka episode=demo_39 effect=MOKA_RELEASED_ON_STOVE rep=0 success=False
PHASE3_REPLAY_CELL split=qualification task=stove_moka episode=demo_39 effect=MOKA_RELEASED_ON_STOVE rep=1 success=False
PHASE3_REPLAY_CELL split=qualification task=stove_moka episode=demo_39 effect=MOKA_RELEASED_ON_STOVE rep=2 success=False
PHASE3_REPLAY_CELL split=qualification task=stove_moka episode=demo_39 effect=MOKA_RELEASED_ON_STOVE rep=3 success=False
PHASE3_REPLAY_CELL split=qualification task=stove_moka episode=demo_39 effect=MOKA_RELEASED_ON_STOVE rep=4 success=False
PHASE3_REPLAY_CELL split=qualification task=bowl_drawer episode=demo_30 effect=BOWL_GRASPED rep=0 success=False
PHASE3_REPLAY_CELL split=qualification task=bowl_drawer episode=demo_30 effect=BOWL_GRASPED rep=1 success=False
PHASE3_REPLAY_CELL split=qualification task=bowl_drawer episode=demo_30 effect=BOWL_GRASPED rep=2 success=False
PHASE3_REPLAY_CELL split=qualification task=bowl_drawer episode=demo_30 effect=BOWL_GRASPED rep=3 success=False
PHASE3_REPLAY_CELL split=qualification task=bowl_drawer episode=demo_30 effect=BOWL_GRASPED rep=4 success=False
PHASE3_REPLAY_CELL split=qualification task=bowl_drawer episode=demo_31 effect=BOWL_GRASPED rep=0 success=True
PHASE3_REPLAY_CELL split=qualification task=bowl_drawer episode=demo_31 effect=BOWL_GRASPED rep=1 success=True
PHASE3_REPLAY_CELL split=qualification task=bowl_drawer episode=demo_31 effect=BOWL_GRASPED rep=2 success=True
PHASE3_REPLAY_CELL split=qualification task=bowl_drawer episode=demo_31 effect=BOWL_GRASPED rep=3 success=True
PHASE3_REPLAY_CELL split=qualification task=bowl_drawer episode=demo_31 effect=BOWL_GRASPED rep=4 success=True
PHASE3_REPLAY_CELL split=qualification task=bowl_drawer episode=demo_32 effect=BOWL_GRASPED rep=0 success=True
PHASE3_REPLAY_CELL split=qualification task=bowl_drawer episode=demo_32 effect=BOWL_GRASPED rep=1 success=True
PHASE3_REPLAY_CELL split=qualification task=bowl_drawer episode=demo_32 effect=BOWL_GRASPED rep=2 success=True
PHASE3_REPLAY_CELL split=qualification task=bowl_drawer episode=demo_32 effect=BOWL_GRASPED rep=3 success=True
PHASE3_REPLAY_CELL split=qualification task=bowl_drawer episode=demo_32 effect=BOWL_GRASPED rep=4 success=True
PHASE3_REPLAY_CELL split=qualification task=bowl_drawer episode=demo_33 effect=BOWL_GRASPED rep=0 success=True
PHASE3_REPLAY_CELL split=qualification task=bowl_drawer episode=demo_33 effect=BOWL_GRASPED rep=1 success=True
PHASE3_REPLAY_CELL split=qualification task=bowl_drawer episode=demo_33 effect=BOWL_GRASPED rep=2 success=True
PHASE3_REPLAY_CELL split=qualification task=bowl_drawer episode=demo_33 effect=BOWL_GRASPED rep=3 success=True
PHASE3_REPLAY_CELL split=qualification task=bowl_drawer episode=demo_33 effect=BOWL_GRASPED rep=4 success=True
PHASE3_REPLAY_CELL split=qualification task=bowl_drawer episode=demo_34 effect=BOWL_GRASPED rep=0 success=True
PHASE3_REPLAY_CELL split=qualification task=bowl_drawer episode=demo_34 effect=BOWL_GRASPED rep=1 success=True
PHASE3_REPLAY_CELL split=qualification task=bowl_drawer episode=demo_34 effect=BOWL_GRASPED rep=2 success=True
PHASE3_REPLAY_CELL split=qualification task=bowl_drawer episode=demo_34 effect=BOWL_GRASPED rep=3 success=True
PHASE3_REPLAY_CELL split=qualification task=bowl_drawer episode=demo_34 effect=BOWL_GRASPED rep=4 success=True
PHASE3_REPLAY_CELL split=qualification task=bowl_drawer episode=demo_35 effect=BOWL_GRASPED rep=0 success=True
PHASE3_REPLAY_CELL split=qualification task=bowl_drawer episode=demo_35 effect=BOWL_GRASPED rep=1 success=True
PHASE3_REPLAY_CELL split=qualification task=bowl_drawer episode=demo_35 effect=BOWL_GRASPED rep=2 success=True
PHASE3_REPLAY_CELL split=qualification task=bowl_drawer episode=demo_35 effect=BOWL_GRASPED rep=3 success=True
PHASE3_REPLAY_CELL split=qualification task=bowl_drawer episode=demo_35 effect=BOWL_GRASPED rep=4 success=True
PHASE3_REPLAY_CELL split=qualification task=bowl_drawer episode=demo_36 effect=BOWL_GRASPED rep=0 success=True
PHASE3_REPLAY_CELL split=qualification task=bowl_drawer episode=demo_36 effect=BOWL_GRASPED rep=1 success=True
PHASE3_REPLAY_CELL split=qualification task=bowl_drawer episode=demo_36 effect=BOWL_GRASPED rep=2 success=True
PHASE3_REPLAY_CELL split=qualification task=bowl_drawer episode=demo_36 effect=BOWL_GRASPED rep=3 success=True
PHASE3_REPLAY_CELL split=qualification task=bowl_drawer episode=demo_36 effect=BOWL_GRASPED rep=4 success=True
PHASE3_REPLAY_CELL split=qualification task=bowl_drawer episode=demo_37 effect=BOWL_GRASPED rep=0 success=True
PHASE3_REPLAY_CELL split=qualification task=bowl_drawer episode=demo_37 effect=BOWL_GRASPED rep=1 success=True
PHASE3_REPLAY_CELL split=qualification task=bowl_drawer episode=demo_37 effect=BOWL_GRASPED rep=2 success=True
PHASE3_REPLAY_CELL split=qualification task=bowl_drawer episode=demo_37 effect=BOWL_GRASPED rep=3 success=True
PHASE3_REPLAY_CELL split=qualification task=bowl_drawer episode=demo_37 effect=BOWL_GRASPED rep=4 success=True
PHASE3_REPLAY_CELL split=qualification task=bowl_drawer episode=demo_38 effect=BOWL_GRASPED rep=0 success=True
PHASE3_REPLAY_CELL split=qualification task=bowl_drawer episode=demo_38 effect=BOWL_GRASPED rep=1 success=True
PHASE3_REPLAY_CELL split=qualification task=bowl_drawer episode=demo_38 effect=BOWL_GRASPED rep=2 success=True
PHASE3_REPLAY_CELL split=qualification task=bowl_drawer episode=demo_38 effect=BOWL_GRASPED rep=3 success=True
PHASE3_REPLAY_CELL split=qualification task=bowl_drawer episode=demo_38 effect=BOWL_GRASPED rep=4 success=True
PHASE3_REPLAY_CELL split=qualification task=bowl_drawer episode=demo_39 effect=BOWL_GRASPED rep=0 success=True
PHASE3_REPLAY_CELL split=qualification task=bowl_drawer episode=demo_39 effect=BOWL_GRASPED rep=1 success=True
PHASE3_REPLAY_CELL split=qualification task=bowl_drawer episode=demo_39 effect=BOWL_GRASPED rep=2 success=True
PHASE3_REPLAY_CELL split=qualification task=bowl_drawer episode=demo_39 effect=BOWL_GRASPED rep=3 success=True
PHASE3_REPLAY_CELL split=qualification task=bowl_drawer episode=demo_39 effect=BOWL_GRASPED rep=4 success=True
PHASE3_REPLAY_CELL split=qualification task=bowl_drawer episode=demo_30 effect=BOWL_IN_BOTTOM_DRAWER rep=0 success=False
PHASE3_REPLAY_CELL split=qualification task=bowl_drawer episode=demo_30 effect=BOWL_IN_BOTTOM_DRAWER rep=1 success=False
PHASE3_REPLAY_CELL split=qualification task=bowl_drawer episode=demo_30 effect=BOWL_IN_BOTTOM_DRAWER rep=2 success=False
PHASE3_REPLAY_CELL split=qualification task=bowl_drawer episode=demo_30 effect=BOWL_IN_BOTTOM_DRAWER rep=3 success=False
PHASE3_REPLAY_CELL split=qualification task=bowl_drawer episode=demo_30 effect=BOWL_IN_BOTTOM_DRAWER rep=4 success=False
PHASE3_REPLAY_CELL split=qualification task=bowl_drawer episode=demo_31 effect=BOWL_IN_BOTTOM_DRAWER rep=0 success=True
PHASE3_REPLAY_CELL split=qualification task=bowl_drawer episode=demo_31 effect=BOWL_IN_BOTTOM_DRAWER rep=1 success=True
PHASE3_REPLAY_CELL split=qualification task=bowl_drawer episode=demo_31 effect=BOWL_IN_BOTTOM_DRAWER rep=2 success=True
PHASE3_REPLAY_CELL split=qualification task=bowl_drawer episode=demo_31 effect=BOWL_IN_BOTTOM_DRAWER rep=3 success=True
PHASE3_REPLAY_CELL split=qualification task=bowl_drawer episode=demo_31 effect=BOWL_IN_BOTTOM_DRAWER rep=4 success=True
PHASE3_REPLAY_CELL split=qualification task=bowl_drawer episode=demo_32 effect=BOWL_IN_BOTTOM_DRAWER rep=0 success=True
PHASE3_REPLAY_CELL split=qualification task=bowl_drawer episode=demo_32 effect=BOWL_IN_BOTTOM_DRAWER rep=1 success=True
PHASE3_REPLAY_CELL split=qualification task=bowl_drawer episode=demo_32 effect=BOWL_IN_BOTTOM_DRAWER rep=2 success=True
PHASE3_REPLAY_CELL split=qualification task=bowl_drawer episode=demo_32 effect=BOWL_IN_BOTTOM_DRAWER rep=3 success=True
PHASE3_REPLAY_CELL split=qualification task=bowl_drawer episode=demo_32 effect=BOWL_IN_BOTTOM_DRAWER rep=4 success=True
PHASE3_REPLAY_CELL split=qualification task=bowl_drawer episode=demo_33 effect=BOWL_IN_BOTTOM_DRAWER rep=0 success=True
PHASE3_REPLAY_CELL split=qualification task=bowl_drawer episode=demo_33 effect=BOWL_IN_BOTTOM_DRAWER rep=1 success=True
PHASE3_REPLAY_CELL split=qualification task=bowl_drawer episode=demo_33 effect=BOWL_IN_BOTTOM_DRAWER rep=2 success=True
PHASE3_REPLAY_CELL split=qualification task=bowl_drawer episode=demo_33 effect=BOWL_IN_BOTTOM_DRAWER rep=3 success=True
PHASE3_REPLAY_CELL split=qualification task=bowl_drawer episode=demo_33 effect=BOWL_IN_BOTTOM_DRAWER rep=4 success=True
PHASE3_REPLAY_CELL split=qualification task=bowl_drawer episode=demo_34 effect=BOWL_IN_BOTTOM_DRAWER rep=0 success=False
PHASE3_REPLAY_CELL split=qualification task=bowl_drawer episode=demo_34 effect=BOWL_IN_BOTTOM_DRAWER rep=1 success=False
PHASE3_REPLAY_CELL split=qualification task=bowl_drawer episode=demo_34 effect=BOWL_IN_BOTTOM_DRAWER rep=2 success=False
PHASE3_REPLAY_CELL split=qualification task=bowl_drawer episode=demo_34 effect=BOWL_IN_BOTTOM_DRAWER rep=3 success=False
PHASE3_REPLAY_CELL split=qualification task=bowl_drawer episode=demo_34 effect=BOWL_IN_BOTTOM_DRAWER rep=4 success=False
PHASE3_REPLAY_CELL split=qualification task=bowl_drawer episode=demo_35 effect=BOWL_IN_BOTTOM_DRAWER rep=0 success=True
PHASE3_REPLAY_CELL split=qualification task=bowl_drawer episode=demo_35 effect=BOWL_IN_BOTTOM_DRAWER rep=1 success=True
PHASE3_REPLAY_CELL split=qualification task=bowl_drawer episode=demo_35 effect=BOWL_IN_BOTTOM_DRAWER rep=2 success=True
PHASE3_REPLAY_CELL split=qualification task=bowl_drawer episode=demo_35 effect=BOWL_IN_BOTTOM_DRAWER rep=3 success=True
PHASE3_REPLAY_CELL split=qualification task=bowl_drawer episode=demo_35 effect=BOWL_IN_BOTTOM_DRAWER rep=4 success=True
PHASE3_REPLAY_CELL split=qualification task=bowl_drawer episode=demo_36 effect=BOWL_IN_BOTTOM_DRAWER rep=0 success=True
PHASE3_REPLAY_CELL split=qualification task=bowl_drawer episode=demo_36 effect=BOWL_IN_BOTTOM_DRAWER rep=1 success=False
PHASE3_REPLAY_CELL split=qualification task=bowl_drawer episode=demo_36 effect=BOWL_IN_BOTTOM_DRAWER rep=2 success=True
PHASE3_REPLAY_CELL split=qualification task=bowl_drawer episode=demo_36 effect=BOWL_IN_BOTTOM_DRAWER rep=3 success=True
PHASE3_REPLAY_CELL split=qualification task=bowl_drawer episode=demo_36 effect=BOWL_IN_BOTTOM_DRAWER rep=4 success=True
PHASE3_REPLAY_CELL split=qualification task=bowl_drawer episode=demo_37 effect=BOWL_IN_BOTTOM_DRAWER rep=0 success=False
PHASE3_REPLAY_CELL split=qualification task=bowl_drawer episode=demo_37 effect=BOWL_IN_BOTTOM_DRAWER rep=1 success=True
PHASE3_REPLAY_CELL split=qualification task=bowl_drawer episode=demo_37 effect=BOWL_IN_BOTTOM_DRAWER rep=2 success=False
PHASE3_REPLAY_CELL split=qualification task=bowl_drawer episode=demo_37 effect=BOWL_IN_BOTTOM_DRAWER rep=3 success=False
PHASE3_REPLAY_CELL split=qualification task=bowl_drawer episode=demo_37 effect=BOWL_IN_BOTTOM_DRAWER rep=4 success=False
PHASE3_REPLAY_CELL split=qualification task=bowl_drawer episode=demo_38 effect=BOWL_IN_BOTTOM_DRAWER rep=0 success=True
PHASE3_REPLAY_CELL split=qualification task=bowl_drawer episode=demo_38 effect=BOWL_IN_BOTTOM_DRAWER rep=1 success=True
PHASE3_REPLAY_CELL split=qualification task=bowl_drawer episode=demo_38 effect=BOWL_IN_BOTTOM_DRAWER rep=2 success=True
PHASE3_REPLAY_CELL split=qualification task=bowl_drawer episode=demo_38 effect=BOWL_IN_BOTTOM_DRAWER rep=3 success=True
PHASE3_REPLAY_CELL split=qualification task=bowl_drawer episode=demo_38 effect=BOWL_IN_BOTTOM_DRAWER rep=4 success=True
PHASE3_REPLAY_CELL split=qualification task=bowl_drawer episode=demo_39 effect=BOWL_IN_BOTTOM_DRAWER rep=0 success=True
PHASE3_REPLAY_CELL split=qualification task=bowl_drawer episode=demo_39 effect=BOWL_IN_BOTTOM_DRAWER rep=1 success=False
PHASE3_REPLAY_CELL split=qualification task=bowl_drawer episode=demo_39 effect=BOWL_IN_BOTTOM_DRAWER rep=2 success=True
PHASE3_REPLAY_CELL split=qualification task=bowl_drawer episode=demo_39 effect=BOWL_IN_BOTTOM_DRAWER rep=3 success=True
PHASE3_REPLAY_CELL split=qualification task=bowl_drawer episode=demo_39 effect=BOWL_IN_BOTTOM_DRAWER rep=4 success=True
PHASE3_REPLAY_CELL split=qualification task=bowl_drawer episode=demo_30 effect=BOWL_RELEASED_IN_DRAWER rep=0 success=False
PHASE3_REPLAY_CELL split=qualification task=bowl_drawer episode=demo_30 effect=BOWL_RELEASED_IN_DRAWER rep=1 success=False
PHASE3_REPLAY_CELL split=qualification task=bowl_drawer episode=demo_30 effect=BOWL_RELEASED_IN_DRAWER rep=2 success=False
PHASE3_REPLAY_CELL split=qualification task=bowl_drawer episode=demo_30 effect=BOWL_RELEASED_IN_DRAWER rep=3 success=False
PHASE3_REPLAY_CELL split=qualification task=bowl_drawer episode=demo_30 effect=BOWL_RELEASED_IN_DRAWER rep=4 success=False
PHASE3_REPLAY_CELL split=qualification task=bowl_drawer episode=demo_31 effect=BOWL_RELEASED_IN_DRAWER rep=0 success=True
PHASE3_REPLAY_CELL split=qualification task=bowl_drawer episode=demo_31 effect=BOWL_RELEASED_IN_DRAWER rep=1 success=True
PHASE3_REPLAY_CELL split=qualification task=bowl_drawer episode=demo_31 effect=BOWL_RELEASED_IN_DRAWER rep=2 success=True
PHASE3_REPLAY_CELL split=qualification task=bowl_drawer episode=demo_31 effect=BOWL_RELEASED_IN_DRAWER rep=3 success=True
PHASE3_REPLAY_CELL split=qualification task=bowl_drawer episode=demo_31 effect=BOWL_RELEASED_IN_DRAWER rep=4 success=True
PHASE3_REPLAY_CELL split=qualification task=bowl_drawer episode=demo_32 effect=BOWL_RELEASED_IN_DRAWER rep=0 success=False
PHASE3_REPLAY_CELL split=qualification task=bowl_drawer episode=demo_32 effect=BOWL_RELEASED_IN_DRAWER rep=1 success=False
PHASE3_REPLAY_CELL split=qualification task=bowl_drawer episode=demo_32 effect=BOWL_RELEASED_IN_DRAWER rep=2 success=False
PHASE3_REPLAY_CELL split=qualification task=bowl_drawer episode=demo_32 effect=BOWL_RELEASED_IN_DRAWER rep=3 success=False
PHASE3_REPLAY_CELL split=qualification task=bowl_drawer episode=demo_32 effect=BOWL_RELEASED_IN_DRAWER rep=4 success=False
PHASE3_REPLAY_CELL split=qualification task=bowl_drawer episode=demo_33 effect=BOWL_RELEASED_IN_DRAWER rep=0 success=False
PHASE3_REPLAY_CELL split=qualification task=bowl_drawer episode=demo_33 effect=BOWL_RELEASED_IN_DRAWER rep=1 success=False
PHASE3_REPLAY_CELL split=qualification task=bowl_drawer episode=demo_33 effect=BOWL_RELEASED_IN_DRAWER rep=2 success=False
PHASE3_REPLAY_CELL split=qualification task=bowl_drawer episode=demo_33 effect=BOWL_RELEASED_IN_DRAWER rep=3 success=False
PHASE3_REPLAY_CELL split=qualification task=bowl_drawer episode=demo_33 effect=BOWL_RELEASED_IN_DRAWER rep=4 success=False
PHASE3_REPLAY_CELL split=qualification task=bowl_drawer episode=demo_34 effect=BOWL_RELEASED_IN_DRAWER rep=0 success=False
PHASE3_REPLAY_CELL split=qualification task=bowl_drawer episode=demo_34 effect=BOWL_RELEASED_IN_DRAWER rep=1 success=False
PHASE3_REPLAY_CELL split=qualification task=bowl_drawer episode=demo_34 effect=BOWL_RELEASED_IN_DRAWER rep=2 success=False
PHASE3_REPLAY_CELL split=qualification task=bowl_drawer episode=demo_34 effect=BOWL_RELEASED_IN_DRAWER rep=3 success=False
PHASE3_REPLAY_CELL split=qualification task=bowl_drawer episode=demo_34 effect=BOWL_RELEASED_IN_DRAWER rep=4 success=False
PHASE3_REPLAY_CELL split=qualification task=bowl_drawer episode=demo_35 effect=BOWL_RELEASED_IN_DRAWER rep=0 success=False
PHASE3_REPLAY_CELL split=qualification task=bowl_drawer episode=demo_35 effect=BOWL_RELEASED_IN_DRAWER rep=1 success=True
PHASE3_REPLAY_CELL split=qualification task=bowl_drawer episode=demo_35 effect=BOWL_RELEASED_IN_DRAWER rep=2 success=False
PHASE3_REPLAY_CELL split=qualification task=bowl_drawer episode=demo_35 effect=BOWL_RELEASED_IN_DRAWER rep=3 success=True
PHASE3_REPLAY_CELL split=qualification task=bowl_drawer episode=demo_35 effect=BOWL_RELEASED_IN_DRAWER rep=4 success=False
PHASE3_REPLAY_CELL split=qualification task=bowl_drawer episode=demo_36 effect=BOWL_RELEASED_IN_DRAWER rep=0 success=True
PHASE3_REPLAY_CELL split=qualification task=bowl_drawer episode=demo_36 effect=BOWL_RELEASED_IN_DRAWER rep=1 success=True
PHASE3_REPLAY_CELL split=qualification task=bowl_drawer episode=demo_36 effect=BOWL_RELEASED_IN_DRAWER rep=2 success=True
PHASE3_REPLAY_CELL split=qualification task=bowl_drawer episode=demo_36 effect=BOWL_RELEASED_IN_DRAWER rep=3 success=True
PHASE3_REPLAY_CELL split=qualification task=bowl_drawer episode=demo_36 effect=BOWL_RELEASED_IN_DRAWER rep=4 success=True
PHASE3_REPLAY_CELL split=qualification task=bowl_drawer episode=demo_37 effect=BOWL_RELEASED_IN_DRAWER rep=0 success=True
PHASE3_REPLAY_CELL split=qualification task=bowl_drawer episode=demo_37 effect=BOWL_RELEASED_IN_DRAWER rep=1 success=True
PHASE3_REPLAY_CELL split=qualification task=bowl_drawer episode=demo_37 effect=BOWL_RELEASED_IN_DRAWER rep=2 success=True
PHASE3_REPLAY_CELL split=qualification task=bowl_drawer episode=demo_37 effect=BOWL_RELEASED_IN_DRAWER rep=3 success=True
PHASE3_REPLAY_CELL split=qualification task=bowl_drawer episode=demo_37 effect=BOWL_RELEASED_IN_DRAWER rep=4 success=True
PHASE3_REPLAY_CELL split=qualification task=bowl_drawer episode=demo_38 effect=BOWL_RELEASED_IN_DRAWER rep=0 success=False
PHASE3_REPLAY_CELL split=qualification task=bowl_drawer episode=demo_38 effect=BOWL_RELEASED_IN_DRAWER rep=1 success=False
PHASE3_REPLAY_CELL split=qualification task=bowl_drawer episode=demo_38 effect=BOWL_RELEASED_IN_DRAWER rep=2 success=False
PHASE3_REPLAY_CELL split=qualification task=bowl_drawer episode=demo_38 effect=BOWL_RELEASED_IN_DRAWER rep=3 success=False
PHASE3_REPLAY_CELL split=qualification task=bowl_drawer episode=demo_38 effect=BOWL_RELEASED_IN_DRAWER rep=4 success=False
PHASE3_REPLAY_CELL split=qualification task=bowl_drawer episode=demo_39 effect=BOWL_RELEASED_IN_DRAWER rep=0 success=True
PHASE3_REPLAY_CELL split=qualification task=bowl_drawer episode=demo_39 effect=BOWL_RELEASED_IN_DRAWER rep=1 success=True
PHASE3_REPLAY_CELL split=qualification task=bowl_drawer episode=demo_39 effect=BOWL_RELEASED_IN_DRAWER rep=2 success=True
PHASE3_REPLAY_CELL split=qualification task=bowl_drawer episode=demo_39 effect=BOWL_RELEASED_IN_DRAWER rep=3 success=True
PHASE3_REPLAY_CELL split=qualification task=bowl_drawer episode=demo_39 effect=BOWL_RELEASED_IN_DRAWER rep=4 success=True
PHASE3_REPLAY_CELL split=qualification task=bowl_drawer episode=demo_30 effect=BOTTOM_DRAWER_CLOSED rep=0 success=False
PHASE3_REPLAY_CELL split=qualification task=bowl_drawer episode=demo_30 effect=BOTTOM_DRAWER_CLOSED rep=1 success=False
PHASE3_REPLAY_CELL split=qualification task=bowl_drawer episode=demo_30 effect=BOTTOM_DRAWER_CLOSED rep=2 success=False
PHASE3_REPLAY_CELL split=qualification task=bowl_drawer episode=demo_30 effect=BOTTOM_DRAWER_CLOSED rep=3 success=False
PHASE3_REPLAY_CELL split=qualification task=bowl_drawer episode=demo_30 effect=BOTTOM_DRAWER_CLOSED rep=4 success=False
PHASE3_REPLAY_CELL split=qualification task=bowl_drawer episode=demo_31 effect=BOTTOM_DRAWER_CLOSED rep=0 success=False
PHASE3_REPLAY_CELL split=qualification task=bowl_drawer episode=demo_31 effect=BOTTOM_DRAWER_CLOSED rep=1 success=False
PHASE3_REPLAY_CELL split=qualification task=bowl_drawer episode=demo_31 effect=BOTTOM_DRAWER_CLOSED rep=2 success=False
PHASE3_REPLAY_CELL split=qualification task=bowl_drawer episode=demo_31 effect=BOTTOM_DRAWER_CLOSED rep=3 success=False
PHASE3_REPLAY_CELL split=qualification task=bowl_drawer episode=demo_31 effect=BOTTOM_DRAWER_CLOSED rep=4 success=False
PHASE3_REPLAY_CELL split=qualification task=bowl_drawer episode=demo_32 effect=BOTTOM_DRAWER_CLOSED rep=0 success=False
PHASE3_REPLAY_CELL split=qualification task=bowl_drawer episode=demo_32 effect=BOTTOM_DRAWER_CLOSED rep=1 success=False
PHASE3_REPLAY_CELL split=qualification task=bowl_drawer episode=demo_32 effect=BOTTOM_DRAWER_CLOSED rep=2 success=False
PHASE3_REPLAY_CELL split=qualification task=bowl_drawer episode=demo_32 effect=BOTTOM_DRAWER_CLOSED rep=3 success=False
PHASE3_REPLAY_CELL split=qualification task=bowl_drawer episode=demo_32 effect=BOTTOM_DRAWER_CLOSED rep=4 success=False
PHASE3_REPLAY_CELL split=qualification task=bowl_drawer episode=demo_33 effect=BOTTOM_DRAWER_CLOSED rep=0 success=False
PHASE3_REPLAY_CELL split=qualification task=bowl_drawer episode=demo_33 effect=BOTTOM_DRAWER_CLOSED rep=1 success=False
PHASE3_REPLAY_CELL split=qualification task=bowl_drawer episode=demo_33 effect=BOTTOM_DRAWER_CLOSED rep=2 success=False
PHASE3_REPLAY_CELL split=qualification task=bowl_drawer episode=demo_33 effect=BOTTOM_DRAWER_CLOSED rep=3 success=False
PHASE3_REPLAY_CELL split=qualification task=bowl_drawer episode=demo_33 effect=BOTTOM_DRAWER_CLOSED rep=4 success=False
PHASE3_REPLAY_CELL split=qualification task=bowl_drawer episode=demo_34 effect=BOTTOM_DRAWER_CLOSED rep=0 success=False
PHASE3_REPLAY_CELL split=qualification task=bowl_drawer episode=demo_34 effect=BOTTOM_DRAWER_CLOSED rep=1 success=False
PHASE3_REPLAY_CELL split=qualification task=bowl_drawer episode=demo_34 effect=BOTTOM_DRAWER_CLOSED rep=2 success=False
PHASE3_REPLAY_CELL split=qualification task=bowl_drawer episode=demo_34 effect=BOTTOM_DRAWER_CLOSED rep=3 success=False
PHASE3_REPLAY_CELL split=qualification task=bowl_drawer episode=demo_34 effect=BOTTOM_DRAWER_CLOSED rep=4 success=False
PHASE3_REPLAY_CELL split=qualification task=bowl_drawer episode=demo_35 effect=BOTTOM_DRAWER_CLOSED rep=0 success=False
PHASE3_REPLAY_CELL split=qualification task=bowl_drawer episode=demo_35 effect=BOTTOM_DRAWER_CLOSED rep=1 success=False
PHASE3_REPLAY_CELL split=qualification task=bowl_drawer episode=demo_35 effect=BOTTOM_DRAWER_CLOSED rep=2 success=False
PHASE3_REPLAY_CELL split=qualification task=bowl_drawer episode=demo_35 effect=BOTTOM_DRAWER_CLOSED rep=3 success=False
PHASE3_REPLAY_CELL split=qualification task=bowl_drawer episode=demo_35 effect=BOTTOM_DRAWER_CLOSED rep=4 success=False
PHASE3_REPLAY_CELL split=qualification task=bowl_drawer episode=demo_36 effect=BOTTOM_DRAWER_CLOSED rep=0 success=False
PHASE3_REPLAY_CELL split=qualification task=bowl_drawer episode=demo_36 effect=BOTTOM_DRAWER_CLOSED rep=1 success=False
PHASE3_REPLAY_CELL split=qualification task=bowl_drawer episode=demo_36 effect=BOTTOM_DRAWER_CLOSED rep=2 success=False
PHASE3_REPLAY_CELL split=qualification task=bowl_drawer episode=demo_36 effect=BOTTOM_DRAWER_CLOSED rep=3 success=False
PHASE3_REPLAY_CELL split=qualification task=bowl_drawer episode=demo_36 effect=BOTTOM_DRAWER_CLOSED rep=4 success=False
PHASE3_REPLAY_CELL split=qualification task=bowl_drawer episode=demo_37 effect=BOTTOM_DRAWER_CLOSED rep=0 success=False
PHASE3_REPLAY_CELL split=qualification task=bowl_drawer episode=demo_37 effect=BOTTOM_DRAWER_CLOSED rep=1 success=False
PHASE3_REPLAY_CELL split=qualification task=bowl_drawer episode=demo_37 effect=BOTTOM_DRAWER_CLOSED rep=2 success=False
PHASE3_REPLAY_CELL split=qualification task=bowl_drawer episode=demo_37 effect=BOTTOM_DRAWER_CLOSED rep=3 success=False
PHASE3_REPLAY_CELL split=qualification task=bowl_drawer episode=demo_37 effect=BOTTOM_DRAWER_CLOSED rep=4 success=False
PHASE3_REPLAY_CELL split=qualification task=bowl_drawer episode=demo_38 effect=BOTTOM_DRAWER_CLOSED rep=0 success=False
PHASE3_REPLAY_CELL split=qualification task=bowl_drawer episode=demo_38 effect=BOTTOM_DRAWER_CLOSED rep=1 success=False
PHASE3_REPLAY_CELL split=qualification task=bowl_drawer episode=demo_38 effect=BOTTOM_DRAWER_CLOSED rep=2 success=False
PHASE3_REPLAY_CELL split=qualification task=bowl_drawer episode=demo_38 effect=BOTTOM_DRAWER_CLOSED rep=3 success=False
PHASE3_REPLAY_CELL split=qualification task=bowl_drawer episode=demo_38 effect=BOTTOM_DRAWER_CLOSED rep=4 success=False
PHASE3_REPLAY_CELL split=qualification task=bowl_drawer episode=demo_39 effect=BOTTOM_DRAWER_CLOSED rep=0 success=False
PHASE3_REPLAY_CELL split=qualification task=bowl_drawer episode=demo_39 effect=BOTTOM_DRAWER_CLOSED rep=1 success=False
PHASE3_REPLAY_CELL split=qualification task=bowl_drawer episode=demo_39 effect=BOTTOM_DRAWER_CLOSED rep=2 success=False
PHASE3_REPLAY_CELL split=qualification task=bowl_drawer episode=demo_39 effect=BOTTOM_DRAWER_CLOSED rep=3 success=False
PHASE3_REPLAY_CELL split=qualification task=bowl_drawer episode=demo_39 effect=BOTTOM_DRAWER_CLOSED rep=4 success=False
PHASE3_MATRIX_CELL chain=S2_MOKA_GRASP_TO_ON_STOVE episode=demo_30 condition=C0 arm=PERSISTENCE_RECOVERY success=True failure=None
PHASE3_MATRIX_CELL chain=S2_MOKA_GRASP_TO_ON_STOVE episode=demo_30 condition=C1 arm=PERSISTENCE_RECOVERY success=False failure=TIMEOUT
PHASE3_MATRIX_CELL chain=S2_MOKA_GRASP_TO_ON_STOVE episode=demo_30 condition=C3 arm=PERSISTENCE_RECOVERY success=False failure=TIMEOUT
PHASE3_MATRIX_CELL chain=S2_MOKA_GRASP_TO_ON_STOVE episode=demo_30 condition=C4 arm=PERSISTENCE_RECOVERY success=False failure=TIMEOUT
PHASE3_MATRIX_CELL chain=S2_MOKA_GRASP_TO_ON_STOVE episode=demo_30 condition=C7 arm=PERSISTENCE_RECOVERY success=False failure=TIMEOUT
PHASE3_MATRIX_CELL chain=S2_MOKA_GRASP_TO_ON_STOVE episode=demo_31 condition=C0 arm=PERSISTENCE_RECOVERY success=True failure=None
PHASE3_MATRIX_CELL chain=S2_MOKA_GRASP_TO_ON_STOVE episode=demo_31 condition=C1 arm=PERSISTENCE_RECOVERY success=True failure=None
PHASE3_MATRIX_CELL chain=S2_MOKA_GRASP_TO_ON_STOVE episode=demo_31 condition=C3 arm=PERSISTENCE_RECOVERY success=False failure=TIMEOUT
PHASE3_MATRIX_CELL chain=S2_MOKA_GRASP_TO_ON_STOVE episode=demo_31 condition=C4 arm=PERSISTENCE_RECOVERY success=True failure=None
PHASE3_MATRIX_CELL chain=S2_MOKA_GRASP_TO_ON_STOVE episode=demo_31 condition=C7 arm=PERSISTENCE_RECOVERY success=False failure=TIMEOUT
PHASE3_MATRIX_CELL chain=S2_MOKA_GRASP_TO_ON_STOVE episode=demo_32 condition=C0 arm=PERSISTENCE_RECOVERY success=False failure=REPLAY_BACKEND_FAILURE
PHASE3_MATRIX_CELL chain=S2_MOKA_GRASP_TO_ON_STOVE episode=demo_32 condition=C1 arm=PERSISTENCE_RECOVERY success=False failure=REPLAY_BACKEND_FAILURE
PHASE3_MATRIX_CELL chain=S2_MOKA_GRASP_TO_ON_STOVE episode=demo_32 condition=C3 arm=PERSISTENCE_RECOVERY success=False failure=REPLAY_BACKEND_FAILURE
PHASE3_MATRIX_CELL chain=S2_MOKA_GRASP_TO_ON_STOVE episode=demo_32 condition=C4 arm=PERSISTENCE_RECOVERY success=False failure=REPLAY_BACKEND_FAILURE
PHASE3_MATRIX_CELL chain=S2_MOKA_GRASP_TO_ON_STOVE episode=demo_32 condition=C7 arm=PERSISTENCE_RECOVERY success=False failure=REPLAY_BACKEND_FAILURE
PHASE3_MATRIX_CELL chain=S2_MOKA_GRASP_TO_ON_STOVE episode=demo_33 condition=C0 arm=PERSISTENCE_RECOVERY success=True failure=None
PHASE3_MATRIX_CELL chain=S2_MOKA_GRASP_TO_ON_STOVE episode=demo_33 condition=C1 arm=PERSISTENCE_RECOVERY success=False failure=TIMEOUT
PHASE3_MATRIX_CELL chain=S2_MOKA_GRASP_TO_ON_STOVE episode=demo_33 condition=C3 arm=PERSISTENCE_RECOVERY success=False failure=TIMEOUT
PHASE3_MATRIX_CELL chain=S2_MOKA_GRASP_TO_ON_STOVE episode=demo_33 condition=C4 arm=PERSISTENCE_RECOVERY success=False failure=TIMEOUT
PHASE3_MATRIX_CELL chain=S2_MOKA_GRASP_TO_ON_STOVE episode=demo_33 condition=C7 arm=PERSISTENCE_RECOVERY success=False failure=TIMEOUT
PHASE3_MATRIX_CELL chain=S2_MOKA_GRASP_TO_ON_STOVE episode=demo_34 condition=C0 arm=PERSISTENCE_RECOVERY success=True failure=None
PHASE3_MATRIX_CELL chain=S2_MOKA_GRASP_TO_ON_STOVE episode=demo_34 condition=C1 arm=PERSISTENCE_RECOVERY success=False failure=TIMEOUT
PHASE3_MATRIX_CELL chain=S2_MOKA_GRASP_TO_ON_STOVE episode=demo_34 condition=C3 arm=PERSISTENCE_RECOVERY success=False failure=TIMEOUT
PHASE3_MATRIX_CELL chain=S2_MOKA_GRASP_TO_ON_STOVE episode=demo_34 condition=C4 arm=PERSISTENCE_RECOVERY success=False failure=TIMEOUT
PHASE3_MATRIX_CELL chain=S2_MOKA_GRASP_TO_ON_STOVE episode=demo_34 condition=C7 arm=PERSISTENCE_RECOVERY success=False failure=TIMEOUT
PHASE3_MATRIX_CELL chain=S2_MOKA_GRASP_TO_ON_STOVE episode=demo_35 condition=C0 arm=PERSISTENCE_RECOVERY success=True failure=None
PHASE3_MATRIX_CELL chain=S2_MOKA_GRASP_TO_ON_STOVE episode=demo_35 condition=C1 arm=PERSISTENCE_RECOVERY success=False failure=TIMEOUT
PHASE3_MATRIX_CELL chain=S2_MOKA_GRASP_TO_ON_STOVE episode=demo_35 condition=C3 arm=PERSISTENCE_RECOVERY success=False failure=TIMEOUT
PHASE3_MATRIX_CELL chain=S2_MOKA_GRASP_TO_ON_STOVE episode=demo_35 condition=C4 arm=PERSISTENCE_RECOVERY success=False failure=TIMEOUT
PHASE3_MATRIX_CELL chain=S2_MOKA_GRASP_TO_ON_STOVE episode=demo_35 condition=C7 arm=PERSISTENCE_RECOVERY success=False failure=TIMEOUT
PHASE3_MATRIX_CELL chain=S2_MOKA_GRASP_TO_ON_STOVE episode=demo_36 condition=C0 arm=PERSISTENCE_RECOVERY success=True failure=None
PHASE3_MATRIX_CELL chain=S2_MOKA_GRASP_TO_ON_STOVE episode=demo_36 condition=C1 arm=PERSISTENCE_RECOVERY success=False failure=TIMEOUT
PHASE3_MATRIX_CELL chain=S2_MOKA_GRASP_TO_ON_STOVE episode=demo_36 condition=C3 arm=PERSISTENCE_RECOVERY success=False failure=TIMEOUT
PHASE3_MATRIX_CELL chain=S2_MOKA_GRASP_TO_ON_STOVE episode=demo_36 condition=C4 arm=PERSISTENCE_RECOVERY success=False failure=TIMEOUT
PHASE3_MATRIX_CELL chain=S2_MOKA_GRASP_TO_ON_STOVE episode=demo_36 condition=C7 arm=PERSISTENCE_RECOVERY success=False failure=TIMEOUT
PHASE3_MATRIX_CELL chain=S2_MOKA_GRASP_TO_ON_STOVE episode=demo_37 condition=C0 arm=PERSISTENCE_RECOVERY success=True failure=None
PHASE3_MATRIX_CELL chain=S2_MOKA_GRASP_TO_ON_STOVE episode=demo_37 condition=C1 arm=PERSISTENCE_RECOVERY success=False failure=TIMEOUT
PHASE3_MATRIX_CELL chain=S2_MOKA_GRASP_TO_ON_STOVE episode=demo_37 condition=C3 arm=PERSISTENCE_RECOVERY success=False failure=TIMEOUT
PHASE3_MATRIX_CELL chain=S2_MOKA_GRASP_TO_ON_STOVE episode=demo_37 condition=C4 arm=PERSISTENCE_RECOVERY success=False failure=TIMEOUT
PHASE3_MATRIX_CELL chain=S2_MOKA_GRASP_TO_ON_STOVE episode=demo_37 condition=C7 arm=PERSISTENCE_RECOVERY success=False failure=TIMEOUT
PHASE3_MATRIX_CELL chain=S2_MOKA_GRASP_TO_ON_STOVE episode=demo_38 condition=C0 arm=PERSISTENCE_RECOVERY success=False failure=TIMEOUT
PHASE3_MATRIX_CELL chain=S2_MOKA_GRASP_TO_ON_STOVE episode=demo_38 condition=C1 arm=PERSISTENCE_RECOVERY success=True failure=None
PHASE3_MATRIX_CELL chain=S2_MOKA_GRASP_TO_ON_STOVE episode=demo_38 condition=C3 arm=PERSISTENCE_RECOVERY success=False failure=TIMEOUT
PHASE3_MATRIX_CELL chain=S2_MOKA_GRASP_TO_ON_STOVE episode=demo_38 condition=C4 arm=PERSISTENCE_RECOVERY success=True failure=None
PHASE3_MATRIX_CELL chain=S2_MOKA_GRASP_TO_ON_STOVE episode=demo_38 condition=C7 arm=PERSISTENCE_RECOVERY success=False failure=TIMEOUT
PHASE3_MATRIX_CELL chain=S2_MOKA_GRASP_TO_ON_STOVE episode=demo_39 condition=C0 arm=PERSISTENCE_RECOVERY success=True failure=None
PHASE3_MATRIX_CELL chain=S2_MOKA_GRASP_TO_ON_STOVE episode=demo_39 condition=C1 arm=PERSISTENCE_RECOVERY success=False failure=TIMEOUT
PHASE3_MATRIX_CELL chain=S2_MOKA_GRASP_TO_ON_STOVE episode=demo_39 condition=C3 arm=PERSISTENCE_RECOVERY success=False failure=TIMEOUT
PHASE3_MATRIX_CELL chain=S2_MOKA_GRASP_TO_ON_STOVE episode=demo_39 condition=C4 arm=PERSISTENCE_RECOVERY success=False failure=TIMEOUT
PHASE3_MATRIX_CELL chain=S2_MOKA_GRASP_TO_ON_STOVE episode=demo_39 condition=C7 arm=PERSISTENCE_RECOVERY success=False failure=TIMEOUT
PHASE3_MATRIX_CELL chain=B1_BOWL_GRASP_TO_DRAWER episode=demo_30 condition=C0 arm=PERSISTENCE_RECOVERY success=False failure=REPLAY_BACKEND_FAILURE
PHASE3_MATRIX_CELL chain=B1_BOWL_GRASP_TO_DRAWER episode=demo_30 condition=C1 arm=PERSISTENCE_RECOVERY success=False failure=REPLAY_BACKEND_FAILURE
PHASE3_MATRIX_CELL chain=B1_BOWL_GRASP_TO_DRAWER episode=demo_30 condition=C3 arm=PERSISTENCE_RECOVERY success=False failure=REPLAY_BACKEND_FAILURE
PHASE3_MATRIX_CELL chain=B1_BOWL_GRASP_TO_DRAWER episode=demo_30 condition=C4 arm=PERSISTENCE_RECOVERY success=False failure=REPLAY_BACKEND_FAILURE
PHASE3_MATRIX_CELL chain=B1_BOWL_GRASP_TO_DRAWER episode=demo_30 condition=C7 arm=PERSISTENCE_RECOVERY success=False failure=REPLAY_BACKEND_FAILURE
PHASE3_MATRIX_CELL chain=B1_BOWL_GRASP_TO_DRAWER episode=demo_31 condition=C0 arm=PERSISTENCE_RECOVERY success=True failure=None
PHASE3_MATRIX_CELL chain=B1_BOWL_GRASP_TO_DRAWER episode=demo_31 condition=C1 arm=PERSISTENCE_RECOVERY success=False failure=TIMEOUT
PHASE3_MATRIX_CELL chain=B1_BOWL_GRASP_TO_DRAWER episode=demo_31 condition=C3 arm=PERSISTENCE_RECOVERY success=False failure=TIMEOUT
PHASE3_MATRIX_CELL chain=B1_BOWL_GRASP_TO_DRAWER episode=demo_31 condition=C4 arm=PERSISTENCE_RECOVERY success=False failure=TIMEOUT
PHASE3_MATRIX_CELL chain=B1_BOWL_GRASP_TO_DRAWER episode=demo_31 condition=C7 arm=PERSISTENCE_RECOVERY success=False failure=TIMEOUT
PHASE3_MATRIX_CELL chain=B1_BOWL_GRASP_TO_DRAWER episode=demo_32 condition=C0 arm=PERSISTENCE_RECOVERY success=True failure=None
PHASE3_MATRIX_CELL chain=B1_BOWL_GRASP_TO_DRAWER episode=demo_32 condition=C1 arm=PERSISTENCE_RECOVERY success=False failure=TIMEOUT
PHASE3_MATRIX_CELL chain=B1_BOWL_GRASP_TO_DRAWER episode=demo_32 condition=C3 arm=PERSISTENCE_RECOVERY success=False failure=TIMEOUT
PHASE3_MATRIX_CELL chain=B1_BOWL_GRASP_TO_DRAWER episode=demo_32 condition=C4 arm=PERSISTENCE_RECOVERY success=False failure=TIMEOUT
PHASE3_MATRIX_CELL chain=B1_BOWL_GRASP_TO_DRAWER episode=demo_32 condition=C7 arm=PERSISTENCE_RECOVERY success=False failure=TIMEOUT
PHASE3_MATRIX_CELL chain=B1_BOWL_GRASP_TO_DRAWER episode=demo_33 condition=C0 arm=PERSISTENCE_RECOVERY success=True failure=None
PHASE3_MATRIX_CELL chain=B1_BOWL_GRASP_TO_DRAWER episode=demo_33 condition=C1 arm=PERSISTENCE_RECOVERY success=False failure=TIMEOUT
PHASE3_MATRIX_CELL chain=B1_BOWL_GRASP_TO_DRAWER episode=demo_33 condition=C3 arm=PERSISTENCE_RECOVERY success=False failure=TIMEOUT
PHASE3_MATRIX_CELL chain=B1_BOWL_GRASP_TO_DRAWER episode=demo_33 condition=C4 arm=PERSISTENCE_RECOVERY success=False failure=TIMEOUT
PHASE3_MATRIX_CELL chain=B1_BOWL_GRASP_TO_DRAWER episode=demo_33 condition=C7 arm=PERSISTENCE_RECOVERY success=False failure=TIMEOUT
PHASE3_MATRIX_CELL chain=B1_BOWL_GRASP_TO_DRAWER episode=demo_34 condition=C0 arm=PERSISTENCE_RECOVERY success=False failure=REPLAY_BACKEND_FAILURE
PHASE3_MATRIX_CELL chain=B1_BOWL_GRASP_TO_DRAWER episode=demo_34 condition=C1 arm=PERSISTENCE_RECOVERY success=False failure=REPLAY_BACKEND_FAILURE
PHASE3_MATRIX_CELL chain=B1_BOWL_GRASP_TO_DRAWER episode=demo_34 condition=C3 arm=PERSISTENCE_RECOVERY success=False failure=REPLAY_BACKEND_FAILURE
PHASE3_MATRIX_CELL chain=B1_BOWL_GRASP_TO_DRAWER episode=demo_34 condition=C4 arm=PERSISTENCE_RECOVERY success=False failure=REPLAY_BACKEND_FAILURE
PHASE3_MATRIX_CELL chain=B1_BOWL_GRASP_TO_DRAWER episode=demo_34 condition=C7 arm=PERSISTENCE_RECOVERY success=False failure=REPLAY_BACKEND_FAILURE
PHASE3_MATRIX_CELL chain=B1_BOWL_GRASP_TO_DRAWER episode=demo_35 condition=C0 arm=PERSISTENCE_RECOVERY success=True failure=None
PHASE3_MATRIX_CELL chain=B1_BOWL_GRASP_TO_DRAWER episode=demo_35 condition=C1 arm=PERSISTENCE_RECOVERY success=False failure=TIMEOUT
PHASE3_MATRIX_CELL chain=B1_BOWL_GRASP_TO_DRAWER episode=demo_35 condition=C3 arm=PERSISTENCE_RECOVERY success=False failure=TIMEOUT
PHASE3_MATRIX_CELL chain=B1_BOWL_GRASP_TO_DRAWER episode=demo_35 condition=C4 arm=PERSISTENCE_RECOVERY success=False failure=TIMEOUT
PHASE3_MATRIX_CELL chain=B1_BOWL_GRASP_TO_DRAWER episode=demo_35 condition=C7 arm=PERSISTENCE_RECOVERY success=False failure=TIMEOUT
PHASE3_MATRIX_CELL chain=B1_BOWL_GRASP_TO_DRAWER episode=demo_36 condition=C0 arm=PERSISTENCE_RECOVERY success=True failure=None
PHASE3_MATRIX_CELL chain=B1_BOWL_GRASP_TO_DRAWER episode=demo_36 condition=C1 arm=PERSISTENCE_RECOVERY success=False failure=TIMEOUT
PHASE3_MATRIX_CELL chain=B1_BOWL_GRASP_TO_DRAWER episode=demo_36 condition=C3 arm=PERSISTENCE_RECOVERY success=False failure=TIMEOUT
PHASE3_MATRIX_CELL chain=B1_BOWL_GRASP_TO_DRAWER episode=demo_36 condition=C4 arm=PERSISTENCE_RECOVERY success=False failure=TIMEOUT
PHASE3_MATRIX_CELL chain=B1_BOWL_GRASP_TO_DRAWER episode=demo_36 condition=C7 arm=PERSISTENCE_RECOVERY success=False failure=TIMEOUT
PHASE3_MATRIX_CELL chain=B1_BOWL_GRASP_TO_DRAWER episode=demo_37 condition=C0 arm=PERSISTENCE_RECOVERY success=True failure=None
PHASE3_MATRIX_CELL chain=B1_BOWL_GRASP_TO_DRAWER episode=demo_37 condition=C1 arm=PERSISTENCE_RECOVERY success=False failure=TIMEOUT
PHASE3_MATRIX_CELL chain=B1_BOWL_GRASP_TO_DRAWER episode=demo_37 condition=C3 arm=PERSISTENCE_RECOVERY success=False failure=TIMEOUT
PHASE3_MATRIX_CELL chain=B1_BOWL_GRASP_TO_DRAWER episode=demo_37 condition=C4 arm=PERSISTENCE_RECOVERY success=False failure=TIMEOUT
PHASE3_MATRIX_CELL chain=B1_BOWL_GRASP_TO_DRAWER episode=demo_37 condition=C7 arm=PERSISTENCE_RECOVERY success=False failure=TIMEOUT
PHASE3_MATRIX_CELL chain=B1_BOWL_GRASP_TO_DRAWER episode=demo_38 condition=C0 arm=PERSISTENCE_RECOVERY success=True failure=None
PHASE3_MATRIX_CELL chain=B1_BOWL_GRASP_TO_DRAWER episode=demo_38 condition=C1 arm=PERSISTENCE_RECOVERY success=False failure=TIMEOUT
PHASE3_MATRIX_CELL chain=B1_BOWL_GRASP_TO_DRAWER episode=demo_38 condition=C3 arm=PERSISTENCE_RECOVERY success=False failure=TIMEOUT
PHASE3_MATRIX_CELL chain=B1_BOWL_GRASP_TO_DRAWER episode=demo_38 condition=C4 arm=PERSISTENCE_RECOVERY success=False failure=TIMEOUT
PHASE3_MATRIX_CELL chain=B1_BOWL_GRASP_TO_DRAWER episode=demo_38 condition=C7 arm=PERSISTENCE_RECOVERY success=False failure=TIMEOUT
PHASE3_MATRIX_CELL chain=B1_BOWL_GRASP_TO_DRAWER episode=demo_39 condition=C0 arm=PERSISTENCE_RECOVERY success=True failure=None
PHASE3_MATRIX_CELL chain=B1_BOWL_GRASP_TO_DRAWER episode=demo_39 condition=C1 arm=PERSISTENCE_RECOVERY success=False failure=TIMEOUT
PHASE3_MATRIX_CELL chain=B1_BOWL_GRASP_TO_DRAWER episode=demo_39 condition=C3 arm=PERSISTENCE_RECOVERY success=False failure=TIMEOUT
PHASE3_MATRIX_CELL chain=B1_BOWL_GRASP_TO_DRAWER episode=demo_39 condition=C4 arm=PERSISTENCE_RECOVERY success=False failure=TIMEOUT
PHASE3_MATRIX_CELL chain=B1_BOWL_GRASP_TO_DRAWER episode=demo_39 condition=C7 arm=PERSISTENCE_RECOVERY success=False failure=TIMEOUT
PHASE3_MATRIX_CELL chain=B2_BOWL_IN_TO_RELEASED episode=demo_30 condition=C0 arm=PERSISTENCE_RECOVERY success=False failure=REPLAY_BACKEND_FAILURE
PHASE3_MATRIX_CELL chain=B2_BOWL_IN_TO_RELEASED episode=demo_30 condition=C1 arm=PERSISTENCE_RECOVERY success=False failure=REPLAY_BACKEND_FAILURE
PHASE3_MATRIX_CELL chain=B2_BOWL_IN_TO_RELEASED episode=demo_30 condition=C3 arm=PERSISTENCE_RECOVERY success=False failure=REPLAY_BACKEND_FAILURE
PHASE3_MATRIX_CELL chain=B2_BOWL_IN_TO_RELEASED episode=demo_30 condition=C4 arm=PERSISTENCE_RECOVERY success=False failure=REPLAY_BACKEND_FAILURE
PHASE3_MATRIX_CELL chain=B2_BOWL_IN_TO_RELEASED episode=demo_30 condition=C7 arm=PERSISTENCE_RECOVERY success=False failure=REPLAY_BACKEND_FAILURE
PHASE3_MATRIX_CELL chain=B2_BOWL_IN_TO_RELEASED episode=demo_31 condition=C0 arm=PERSISTENCE_RECOVERY success=True failure=None
PHASE3_MATRIX_CELL chain=B2_BOWL_IN_TO_RELEASED episode=demo_31 condition=C1 arm=PERSISTENCE_RECOVERY success=False failure=TIMEOUT
PHASE3_MATRIX_CELL chain=B2_BOWL_IN_TO_RELEASED episode=demo_31 condition=C3 arm=PERSISTENCE_RECOVERY success=False failure=TIMEOUT
PHASE3_MATRIX_CELL chain=B2_BOWL_IN_TO_RELEASED episode=demo_31 condition=C4 arm=PERSISTENCE_RECOVERY success=False failure=TIMEOUT
PHASE3_MATRIX_CELL chain=B2_BOWL_IN_TO_RELEASED episode=demo_31 condition=C7 arm=PERSISTENCE_RECOVERY success=True failure=None
PHASE3_MATRIX_CELL chain=B2_BOWL_IN_TO_RELEASED episode=demo_32 condition=C0 arm=PERSISTENCE_RECOVERY success=False failure=REPLAY_BACKEND_FAILURE
PHASE3_MATRIX_CELL chain=B2_BOWL_IN_TO_RELEASED episode=demo_32 condition=C1 arm=PERSISTENCE_RECOVERY success=False failure=REPLAY_BACKEND_FAILURE
PHASE3_MATRIX_CELL chain=B2_BOWL_IN_TO_RELEASED episode=demo_32 condition=C3 arm=PERSISTENCE_RECOVERY success=False failure=REPLAY_BACKEND_FAILURE
PHASE3_MATRIX_CELL chain=B2_BOWL_IN_TO_RELEASED episode=demo_32 condition=C4 arm=PERSISTENCE_RECOVERY success=False failure=REPLAY_BACKEND_FAILURE
PHASE3_MATRIX_CELL chain=B2_BOWL_IN_TO_RELEASED episode=demo_32 condition=C7 arm=PERSISTENCE_RECOVERY success=False failure=REPLAY_BACKEND_FAILURE
PHASE3_MATRIX_CELL chain=B2_BOWL_IN_TO_RELEASED episode=demo_33 condition=C0 arm=PERSISTENCE_RECOVERY success=False failure=REPLAY_BACKEND_FAILURE
PHASE3_MATRIX_CELL chain=B2_BOWL_IN_TO_RELEASED episode=demo_33 condition=C1 arm=PERSISTENCE_RECOVERY success=False failure=REPLAY_BACKEND_FAILURE
PHASE3_MATRIX_CELL chain=B2_BOWL_IN_TO_RELEASED episode=demo_33 condition=C3 arm=PERSISTENCE_RECOVERY success=False failure=REPLAY_BACKEND_FAILURE
PHASE3_MATRIX_CELL chain=B2_BOWL_IN_TO_RELEASED episode=demo_33 condition=C4 arm=PERSISTENCE_RECOVERY success=False failure=REPLAY_BACKEND_FAILURE
PHASE3_MATRIX_CELL chain=B2_BOWL_IN_TO_RELEASED episode=demo_33 condition=C7 arm=PERSISTENCE_RECOVERY success=False failure=REPLAY_BACKEND_FAILURE
PHASE3_MATRIX_CELL chain=B2_BOWL_IN_TO_RELEASED episode=demo_34 condition=C0 arm=PERSISTENCE_RECOVERY success=False failure=REPLAY_BACKEND_FAILURE
PHASE3_MATRIX_CELL chain=B2_BOWL_IN_TO_RELEASED episode=demo_34 condition=C1 arm=PERSISTENCE_RECOVERY success=False failure=REPLAY_BACKEND_FAILURE
PHASE3_MATRIX_CELL chain=B2_BOWL_IN_TO_RELEASED episode=demo_34 condition=C3 arm=PERSISTENCE_RECOVERY success=False failure=REPLAY_BACKEND_FAILURE
PHASE3_MATRIX_CELL chain=B2_BOWL_IN_TO_RELEASED episode=demo_34 condition=C4 arm=PERSISTENCE_RECOVERY success=False failure=REPLAY_BACKEND_FAILURE
PHASE3_MATRIX_CELL chain=B2_BOWL_IN_TO_RELEASED episode=demo_34 condition=C7 arm=PERSISTENCE_RECOVERY success=False failure=REPLAY_BACKEND_FAILURE
PHASE3_MATRIX_CELL chain=B2_BOWL_IN_TO_RELEASED episode=demo_35 condition=C0 arm=PERSISTENCE_RECOVERY success=False failure=TIMEOUT
PHASE3_MATRIX_CELL chain=B2_BOWL_IN_TO_RELEASED episode=demo_35 condition=C1 arm=PERSISTENCE_RECOVERY success=True failure=None
PHASE3_MATRIX_CELL chain=B2_BOWL_IN_TO_RELEASED episode=demo_35 condition=C3 arm=PERSISTENCE_RECOVERY success=False failure=TIMEOUT
PHASE3_MATRIX_CELL chain=B2_BOWL_IN_TO_RELEASED episode=demo_35 condition=C4 arm=PERSISTENCE_RECOVERY success=True failure=None
PHASE3_MATRIX_CELL chain=B2_BOWL_IN_TO_RELEASED episode=demo_35 condition=C7 arm=PERSISTENCE_RECOVERY success=True failure=None
PHASE3_MATRIX_CELL chain=B2_BOWL_IN_TO_RELEASED episode=demo_36 condition=C0 arm=PERSISTENCE_RECOVERY success=True failure=None
PHASE3_MATRIX_CELL chain=B2_BOWL_IN_TO_RELEASED episode=demo_36 condition=C1 arm=PERSISTENCE_RECOVERY success=True failure=None
PHASE3_MATRIX_CELL chain=B2_BOWL_IN_TO_RELEASED episode=demo_36 condition=C3 arm=PERSISTENCE_RECOVERY success=False failure=TIMEOUT
PHASE3_MATRIX_CELL chain=B2_BOWL_IN_TO_RELEASED episode=demo_36 condition=C4 arm=PERSISTENCE_RECOVERY success=True failure=None
PHASE3_MATRIX_CELL chain=B2_BOWL_IN_TO_RELEASED episode=demo_36 condition=C7 arm=PERSISTENCE_RECOVERY success=True failure=None
PHASE3_MATRIX_CELL chain=B2_BOWL_IN_TO_RELEASED episode=demo_37 condition=C0 arm=PERSISTENCE_RECOVERY success=False failure=TIMEOUT
PHASE3_MATRIX_CELL chain=B2_BOWL_IN_TO_RELEASED episode=demo_37 condition=C1 arm=PERSISTENCE_RECOVERY success=False failure=TIMEOUT
PHASE3_MATRIX_CELL chain=B2_BOWL_IN_TO_RELEASED episode=demo_37 condition=C3 arm=PERSISTENCE_RECOVERY success=False failure=TIMEOUT
PHASE3_MATRIX_CELL chain=B2_BOWL_IN_TO_RELEASED episode=demo_37 condition=C4 arm=PERSISTENCE_RECOVERY success=False failure=TIMEOUT
PHASE3_MATRIX_CELL chain=B2_BOWL_IN_TO_RELEASED episode=demo_37 condition=C7 arm=PERSISTENCE_RECOVERY success=True failure=None
PHASE3_MATRIX_CELL chain=B2_BOWL_IN_TO_RELEASED episode=demo_38 condition=C0 arm=PERSISTENCE_RECOVERY success=False failure=REPLAY_BACKEND_FAILURE
PHASE3_MATRIX_CELL chain=B2_BOWL_IN_TO_RELEASED episode=demo_38 condition=C1 arm=PERSISTENCE_RECOVERY success=False failure=REPLAY_BACKEND_FAILURE
PHASE3_MATRIX_CELL chain=B2_BOWL_IN_TO_RELEASED episode=demo_38 condition=C3 arm=PERSISTENCE_RECOVERY success=False failure=REPLAY_BACKEND_FAILURE
PHASE3_MATRIX_CELL chain=B2_BOWL_IN_TO_RELEASED episode=demo_38 condition=C4 arm=PERSISTENCE_RECOVERY success=False failure=REPLAY_BACKEND_FAILURE
PHASE3_MATRIX_CELL chain=B2_BOWL_IN_TO_RELEASED episode=demo_38 condition=C7 arm=PERSISTENCE_RECOVERY success=False failure=REPLAY_BACKEND_FAILURE
PHASE3_MATRIX_CELL chain=B2_BOWL_IN_TO_RELEASED episode=demo_39 condition=C0 arm=PERSISTENCE_RECOVERY success=True failure=None
PHASE3_MATRIX_CELL chain=B2_BOWL_IN_TO_RELEASED episode=demo_39 condition=C1 arm=PERSISTENCE_RECOVERY success=False failure=TIMEOUT
PHASE3_MATRIX_CELL chain=B2_BOWL_IN_TO_RELEASED episode=demo_39 condition=C3 arm=PERSISTENCE_RECOVERY success=False failure=TIMEOUT
PHASE3_MATRIX_CELL chain=B2_BOWL_IN_TO_RELEASED episode=demo_39 condition=C4 arm=PERSISTENCE_RECOVERY success=True failure=None
PHASE3_MATRIX_CELL chain=B2_BOWL_IN_TO_RELEASED episode=demo_39 condition=C7 arm=PERSISTENCE_RECOVERY success=True failure=None
PHASE3_MATRIX_CELL chain=S2_MOKA_GRASP_TO_ON_STOVE episode=demo_30 condition=C0 arm=PERSISTENCE_RECOVERY success=True failure=None
PHASE3_MATRIX_CELL chain=S2_MOKA_GRASP_TO_ON_STOVE episode=demo_30 condition=C1 arm=PERSISTENCE_RECOVERY success=False failure=TIMEOUT
PHASE3_MATRIX_CELL chain=S2_MOKA_GRASP_TO_ON_STOVE episode=demo_30 condition=C3 arm=PERSISTENCE_RECOVERY success=False failure=TIMEOUT
PHASE3_MATRIX_CELL chain=S2_MOKA_GRASP_TO_ON_STOVE episode=demo_30 condition=C4 arm=PERSISTENCE_RECOVERY success=False failure=TIMEOUT
PHASE3_MATRIX_CELL chain=S2_MOKA_GRASP_TO_ON_STOVE episode=demo_30 condition=C7 arm=PERSISTENCE_RECOVERY success=False failure=TIMEOUT
PHASE3_MATRIX_CELL chain=S2_MOKA_GRASP_TO_ON_STOVE episode=demo_31 condition=C0 arm=PERSISTENCE_RECOVERY success=True failure=None
PHASE3_MATRIX_CELL chain=S2_MOKA_GRASP_TO_ON_STOVE episode=demo_31 condition=C1 arm=PERSISTENCE_RECOVERY success=False failure=TIMEOUT
PHASE3_MATRIX_CELL chain=S2_MOKA_GRASP_TO_ON_STOVE episode=demo_31 condition=C3 arm=PERSISTENCE_RECOVERY success=False failure=TIMEOUT
PHASE3_MATRIX_CELL chain=S2_MOKA_GRASP_TO_ON_STOVE episode=demo_31 condition=C4 arm=PERSISTENCE_RECOVERY success=False failure=TIMEOUT
PHASE3_MATRIX_CELL chain=S2_MOKA_GRASP_TO_ON_STOVE episode=demo_31 condition=C7 arm=PERSISTENCE_RECOVERY success=False failure=TIMEOUT
PHASE3_MATRIX_CELL chain=S2_MOKA_GRASP_TO_ON_STOVE episode=demo_32 condition=C0 arm=PERSISTENCE_RECOVERY success=False failure=REPLAY_BACKEND_FAILURE
PHASE3_MATRIX_CELL chain=S2_MOKA_GRASP_TO_ON_STOVE episode=demo_32 condition=C1 arm=PERSISTENCE_RECOVERY success=False failure=REPLAY_BACKEND_FAILURE
PHASE3_MATRIX_CELL chain=S2_MOKA_GRASP_TO_ON_STOVE episode=demo_32 condition=C3 arm=PERSISTENCE_RECOVERY success=False failure=REPLAY_BACKEND_FAILURE
PHASE3_MATRIX_CELL chain=S2_MOKA_GRASP_TO_ON_STOVE episode=demo_32 condition=C4 arm=PERSISTENCE_RECOVERY success=False failure=REPLAY_BACKEND_FAILURE
PHASE3_MATRIX_CELL chain=S2_MOKA_GRASP_TO_ON_STOVE episode=demo_32 condition=C7 arm=PERSISTENCE_RECOVERY success=False failure=REPLAY_BACKEND_FAILURE
PHASE3_MATRIX_CELL chain=S2_MOKA_GRASP_TO_ON_STOVE episode=demo_33 condition=C0 arm=PERSISTENCE_RECOVERY success=True failure=None
PHASE3_MATRIX_CELL chain=S2_MOKA_GRASP_TO_ON_STOVE episode=demo_33 condition=C1 arm=PERSISTENCE_RECOVERY success=False failure=TIMEOUT
PHASE3_MATRIX_CELL chain=S2_MOKA_GRASP_TO_ON_STOVE episode=demo_33 condition=C3 arm=PERSISTENCE_RECOVERY success=False failure=TIMEOUT
PHASE3_MATRIX_CELL chain=S2_MOKA_GRASP_TO_ON_STOVE episode=demo_33 condition=C4 arm=PERSISTENCE_RECOVERY success=False failure=TIMEOUT
PHASE3_MATRIX_CELL chain=S2_MOKA_GRASP_TO_ON_STOVE episode=demo_33 condition=C7 arm=PERSISTENCE_RECOVERY success=False failure=TIMEOUT
PHASE3_MATRIX_CELL chain=S2_MOKA_GRASP_TO_ON_STOVE episode=demo_34 condition=C0 arm=PERSISTENCE_RECOVERY success=True failure=None
PHASE3_MATRIX_CELL chain=S2_MOKA_GRASP_TO_ON_STOVE episode=demo_34 condition=C1 arm=PERSISTENCE_RECOVERY success=False failure=TIMEOUT
PHASE3_MATRIX_CELL chain=S2_MOKA_GRASP_TO_ON_STOVE episode=demo_34 condition=C3 arm=PERSISTENCE_RECOVERY success=False failure=TIMEOUT
PHASE3_MATRIX_CELL chain=S2_MOKA_GRASP_TO_ON_STOVE episode=demo_34 condition=C4 arm=PERSISTENCE_RECOVERY success=False failure=TIMEOUT
PHASE3_MATRIX_CELL chain=S2_MOKA_GRASP_TO_ON_STOVE episode=demo_34 condition=C7 arm=PERSISTENCE_RECOVERY success=False failure=TIMEOUT
PHASE3_MATRIX_CELL chain=S2_MOKA_GRASP_TO_ON_STOVE episode=demo_35 condition=C0 arm=PERSISTENCE_RECOVERY success=True failure=None
PHASE3_MATRIX_CELL chain=S2_MOKA_GRASP_TO_ON_STOVE episode=demo_35 condition=C1 arm=PERSISTENCE_RECOVERY success=False failure=TIMEOUT
PHASE3_MATRIX_CELL chain=S2_MOKA_GRASP_TO_ON_STOVE episode=demo_35 condition=C3 arm=PERSISTENCE_RECOVERY success=False failure=TIMEOUT
PHASE3_MATRIX_CELL chain=S2_MOKA_GRASP_TO_ON_STOVE episode=demo_35 condition=C4 arm=PERSISTENCE_RECOVERY success=False failure=TIMEOUT
PHASE3_MATRIX_CELL chain=S2_MOKA_GRASP_TO_ON_STOVE episode=demo_35 condition=C7 arm=PERSISTENCE_RECOVERY success=False failure=TIMEOUT
PHASE3_MATRIX_CELL chain=S2_MOKA_GRASP_TO_ON_STOVE episode=demo_36 condition=C0 arm=PERSISTENCE_RECOVERY success=True failure=None
PHASE3_MATRIX_CELL chain=S2_MOKA_GRASP_TO_ON_STOVE episode=demo_36 condition=C1 arm=PERSISTENCE_RECOVERY success=False failure=TIMEOUT
PHASE3_MATRIX_CELL chain=S2_MOKA_GRASP_TO_ON_STOVE episode=demo_36 condition=C3 arm=PERSISTENCE_RECOVERY success=False failure=TIMEOUT
PHASE3_MATRIX_CELL chain=S2_MOKA_GRASP_TO_ON_STOVE episode=demo_36 condition=C4 arm=PERSISTENCE_RECOVERY success=False failure=TIMEOUT
PHASE3_MATRIX_CELL chain=S2_MOKA_GRASP_TO_ON_STOVE episode=demo_36 condition=C7 arm=PERSISTENCE_RECOVERY success=False failure=TIMEOUT
PHASE3_MATRIX_CELL chain=S2_MOKA_GRASP_TO_ON_STOVE episode=demo_37 condition=C0 arm=PERSISTENCE_RECOVERY success=True failure=None
PHASE3_MATRIX_CELL chain=S2_MOKA_GRASP_TO_ON_STOVE episode=demo_37 condition=C1 arm=PERSISTENCE_RECOVERY success=False failure=TIMEOUT
PHASE3_MATRIX_CELL chain=S2_MOKA_GRASP_TO_ON_STOVE episode=demo_37 condition=C3 arm=PERSISTENCE_RECOVERY success=False failure=TIMEOUT
PHASE3_MATRIX_CELL chain=S2_MOKA_GRASP_TO_ON_STOVE episode=demo_37 condition=C4 arm=PERSISTENCE_RECOVERY success=False failure=TIMEOUT
PHASE3_MATRIX_CELL chain=S2_MOKA_GRASP_TO_ON_STOVE episode=demo_37 condition=C7 arm=PERSISTENCE_RECOVERY success=False failure=TIMEOUT
PHASE3_MATRIX_CELL chain=S2_MOKA_GRASP_TO_ON_STOVE episode=demo_38 condition=C0 arm=PERSISTENCE_RECOVERY success=False failure=TIMEOUT
PHASE3_MATRIX_CELL chain=S2_MOKA_GRASP_TO_ON_STOVE episode=demo_38 condition=C1 arm=PERSISTENCE_RECOVERY success=False failure=TIMEOUT
PHASE3_MATRIX_CELL chain=S2_MOKA_GRASP_TO_ON_STOVE episode=demo_38 condition=C3 arm=PERSISTENCE_RECOVERY success=False failure=TIMEOUT
PHASE3_MATRIX_CELL chain=S2_MOKA_GRASP_TO_ON_STOVE episode=demo_38 condition=C4 arm=PERSISTENCE_RECOVERY success=False failure=TIMEOUT
PHASE3_MATRIX_CELL chain=S2_MOKA_GRASP_TO_ON_STOVE episode=demo_38 condition=C7 arm=PERSISTENCE_RECOVERY success=False failure=TIMEOUT
PHASE3_MATRIX_CELL chain=S2_MOKA_GRASP_TO_ON_STOVE episode=demo_39 condition=C0 arm=PERSISTENCE_RECOVERY success=True failure=None
PHASE3_MATRIX_CELL chain=S2_MOKA_GRASP_TO_ON_STOVE episode=demo_39 condition=C1 arm=PERSISTENCE_RECOVERY success=False failure=TIMEOUT
PHASE3_MATRIX_CELL chain=S2_MOKA_GRASP_TO_ON_STOVE episode=demo_39 condition=C3 arm=PERSISTENCE_RECOVERY success=False failure=TIMEOUT
PHASE3_MATRIX_CELL chain=S2_MOKA_GRASP_TO_ON_STOVE episode=demo_39 condition=C4 arm=PERSISTENCE_RECOVERY success=False failure=TIMEOUT
PHASE3_MATRIX_CELL chain=S2_MOKA_GRASP_TO_ON_STOVE episode=demo_39 condition=C7 arm=PERSISTENCE_RECOVERY success=False failure=TIMEOUT
PHASE3_MATRIX_CELL chain=B1_BOWL_GRASP_TO_DRAWER episode=demo_30 condition=C0 arm=PERSISTENCE_RECOVERY success=False failure=REPLAY_BACKEND_FAILURE
PHASE3_MATRIX_CELL chain=B1_BOWL_GRASP_TO_DRAWER episode=demo_30 condition=C1 arm=PERSISTENCE_RECOVERY success=False failure=REPLAY_BACKEND_FAILURE
PHASE3_MATRIX_CELL chain=B1_BOWL_GRASP_TO_DRAWER episode=demo_30 condition=C3 arm=PERSISTENCE_RECOVERY success=False failure=REPLAY_BACKEND_FAILURE
PHASE3_MATRIX_CELL chain=B1_BOWL_GRASP_TO_DRAWER episode=demo_30 condition=C4 arm=PERSISTENCE_RECOVERY success=False failure=REPLAY_BACKEND_FAILURE
PHASE3_MATRIX_CELL chain=B1_BOWL_GRASP_TO_DRAWER episode=demo_30 condition=C7 arm=PERSISTENCE_RECOVERY success=False failure=REPLAY_BACKEND_FAILURE
PHASE3_MATRIX_CELL chain=B1_BOWL_GRASP_TO_DRAWER episode=demo_31 condition=C0 arm=PERSISTENCE_RECOVERY success=True failure=None
PHASE3_MATRIX_CELL chain=B1_BOWL_GRASP_TO_DRAWER episode=demo_31 condition=C1 arm=PERSISTENCE_RECOVERY success=False failure=TIMEOUT
PHASE3_MATRIX_CELL chain=B1_BOWL_GRASP_TO_DRAWER episode=demo_31 condition=C3 arm=PERSISTENCE_RECOVERY success=False failure=TIMEOUT
PHASE3_MATRIX_CELL chain=B1_BOWL_GRASP_TO_DRAWER episode=demo_31 condition=C4 arm=PERSISTENCE_RECOVERY success=False failure=TIMEOUT
PHASE3_MATRIX_CELL chain=B1_BOWL_GRASP_TO_DRAWER episode=demo_31 condition=C7 arm=PERSISTENCE_RECOVERY success=False failure=TIMEOUT
PHASE3_MATRIX_CELL chain=B1_BOWL_GRASP_TO_DRAWER episode=demo_32 condition=C0 arm=PERSISTENCE_RECOVERY success=True failure=None
PHASE3_MATRIX_CELL chain=B1_BOWL_GRASP_TO_DRAWER episode=demo_32 condition=C1 arm=PERSISTENCE_RECOVERY success=False failure=TIMEOUT
PHASE3_MATRIX_CELL chain=B1_BOWL_GRASP_TO_DRAWER episode=demo_32 condition=C3 arm=PERSISTENCE_RECOVERY success=False failure=TIMEOUT
PHASE3_MATRIX_CELL chain=B1_BOWL_GRASP_TO_DRAWER episode=demo_32 condition=C4 arm=PERSISTENCE_RECOVERY success=False failure=TIMEOUT
PHASE3_MATRIX_CELL chain=B1_BOWL_GRASP_TO_DRAWER episode=demo_32 condition=C7 arm=PERSISTENCE_RECOVERY success=False failure=TIMEOUT
PHASE3_MATRIX_CELL chain=B1_BOWL_GRASP_TO_DRAWER episode=demo_33 condition=C0 arm=PERSISTENCE_RECOVERY success=True failure=None
PHASE3_MATRIX_CELL chain=B1_BOWL_GRASP_TO_DRAWER episode=demo_33 condition=C1 arm=PERSISTENCE_RECOVERY success=False failure=TIMEOUT
PHASE3_MATRIX_CELL chain=B1_BOWL_GRASP_TO_DRAWER episode=demo_33 condition=C3 arm=PERSISTENCE_RECOVERY success=False failure=TIMEOUT
PHASE3_MATRIX_CELL chain=B1_BOWL_GRASP_TO_DRAWER episode=demo_33 condition=C4 arm=PERSISTENCE_RECOVERY success=False failure=TIMEOUT
PHASE3_MATRIX_CELL chain=B1_BOWL_GRASP_TO_DRAWER episode=demo_33 condition=C7 arm=PERSISTENCE_RECOVERY success=False failure=TIMEOUT
PHASE3_MATRIX_CELL chain=B1_BOWL_GRASP_TO_DRAWER episode=demo_34 condition=C0 arm=PERSISTENCE_RECOVERY success=False failure=REPLAY_BACKEND_FAILURE
PHASE3_MATRIX_CELL chain=B1_BOWL_GRASP_TO_DRAWER episode=demo_34 condition=C1 arm=PERSISTENCE_RECOVERY success=False failure=REPLAY_BACKEND_FAILURE
PHASE3_MATRIX_CELL chain=B1_BOWL_GRASP_TO_DRAWER episode=demo_34 condition=C3 arm=PERSISTENCE_RECOVERY success=False failure=REPLAY_BACKEND_FAILURE
PHASE3_MATRIX_CELL chain=B1_BOWL_GRASP_TO_DRAWER episode=demo_34 condition=C4 arm=PERSISTENCE_RECOVERY success=False failure=REPLAY_BACKEND_FAILURE
PHASE3_MATRIX_CELL chain=B1_BOWL_GRASP_TO_DRAWER episode=demo_34 condition=C7 arm=PERSISTENCE_RECOVERY success=False failure=REPLAY_BACKEND_FAILURE
PHASE3_MATRIX_CELL chain=B1_BOWL_GRASP_TO_DRAWER episode=demo_35 condition=C0 arm=PERSISTENCE_RECOVERY success=True failure=None
PHASE3_MATRIX_CELL chain=B1_BOWL_GRASP_TO_DRAWER episode=demo_35 condition=C1 arm=PERSISTENCE_RECOVERY success=False failure=TIMEOUT
PHASE3_MATRIX_CELL chain=B1_BOWL_GRASP_TO_DRAWER episode=demo_35 condition=C3 arm=PERSISTENCE_RECOVERY success=False failure=TIMEOUT
PHASE3_MATRIX_CELL chain=B1_BOWL_GRASP_TO_DRAWER episode=demo_35 condition=C4 arm=PERSISTENCE_RECOVERY success=False failure=TIMEOUT
PHASE3_MATRIX_CELL chain=B1_BOWL_GRASP_TO_DRAWER episode=demo_35 condition=C7 arm=PERSISTENCE_RECOVERY success=False failure=TIMEOUT
PHASE3_MATRIX_CELL chain=B1_BOWL_GRASP_TO_DRAWER episode=demo_36 condition=C0 arm=PERSISTENCE_RECOVERY success=True failure=None
PHASE3_MATRIX_CELL chain=B1_BOWL_GRASP_TO_DRAWER episode=demo_36 condition=C1 arm=PERSISTENCE_RECOVERY success=False failure=TIMEOUT
PHASE3_MATRIX_CELL chain=B1_BOWL_GRASP_TO_DRAWER episode=demo_36 condition=C3 arm=PERSISTENCE_RECOVERY success=False failure=TIMEOUT
PHASE3_MATRIX_CELL chain=B1_BOWL_GRASP_TO_DRAWER episode=demo_36 condition=C4 arm=PERSISTENCE_RECOVERY success=False failure=TIMEOUT
PHASE3_MATRIX_CELL chain=B1_BOWL_GRASP_TO_DRAWER episode=demo_36 condition=C7 arm=PERSISTENCE_RECOVERY success=False failure=TIMEOUT
PHASE3_MATRIX_CELL chain=B1_BOWL_GRASP_TO_DRAWER episode=demo_37 condition=C0 arm=PERSISTENCE_RECOVERY success=True failure=None
PHASE3_MATRIX_CELL chain=B1_BOWL_GRASP_TO_DRAWER episode=demo_37 condition=C1 arm=PERSISTENCE_RECOVERY success=False failure=TIMEOUT
PHASE3_MATRIX_CELL chain=B1_BOWL_GRASP_TO_DRAWER episode=demo_37 condition=C3 arm=PERSISTENCE_RECOVERY success=False failure=TIMEOUT
PHASE3_MATRIX_CELL chain=B1_BOWL_GRASP_TO_DRAWER episode=demo_37 condition=C4 arm=PERSISTENCE_RECOVERY success=False failure=TIMEOUT
PHASE3_MATRIX_CELL chain=B1_BOWL_GRASP_TO_DRAWER episode=demo_37 condition=C7 arm=PERSISTENCE_RECOVERY success=False failure=TIMEOUT
PHASE3_MATRIX_CELL chain=B1_BOWL_GRASP_TO_DRAWER episode=demo_38 condition=C0 arm=PERSISTENCE_RECOVERY success=True failure=None
PHASE3_MATRIX_CELL chain=B1_BOWL_GRASP_TO_DRAWER episode=demo_38 condition=C1 arm=PERSISTENCE_RECOVERY success=False failure=TIMEOUT
PHASE3_MATRIX_CELL chain=B1_BOWL_GRASP_TO_DRAWER episode=demo_38 condition=C3 arm=PERSISTENCE_RECOVERY success=False failure=TIMEOUT
PHASE3_MATRIX_CELL chain=B1_BOWL_GRASP_TO_DRAWER episode=demo_38 condition=C4 arm=PERSISTENCE_RECOVERY success=False failure=TIMEOUT
PHASE3_MATRIX_CELL chain=B1_BOWL_GRASP_TO_DRAWER episode=demo_38 condition=C7 arm=PERSISTENCE_RECOVERY success=False failure=TIMEOUT
PHASE3_MATRIX_CELL chain=B1_BOWL_GRASP_TO_DRAWER episode=demo_39 condition=C0 arm=PERSISTENCE_RECOVERY success=False failure=TIMEOUT
PHASE3_MATRIX_CELL chain=B1_BOWL_GRASP_TO_DRAWER episode=demo_39 condition=C1 arm=PERSISTENCE_RECOVERY success=False failure=TIMEOUT
PHASE3_MATRIX_CELL chain=B1_BOWL_GRASP_TO_DRAWER episode=demo_39 condition=C3 arm=PERSISTENCE_RECOVERY success=False failure=TIMEOUT
PHASE3_MATRIX_CELL chain=B1_BOWL_GRASP_TO_DRAWER episode=demo_39 condition=C4 arm=PERSISTENCE_RECOVERY success=False failure=TIMEOUT
PHASE3_MATRIX_CELL chain=B1_BOWL_GRASP_TO_DRAWER episode=demo_39 condition=C7 arm=PERSISTENCE_RECOVERY success=False failure=TIMEOUT
PHASE3_MATRIX_CELL chain=B2_BOWL_IN_TO_RELEASED episode=demo_30 condition=C0 arm=PERSISTENCE_RECOVERY success=False failure=REPLAY_BACKEND_FAILURE
PHASE3_MATRIX_CELL chain=B2_BOWL_IN_TO_RELEASED episode=demo_30 condition=C1 arm=PERSISTENCE_RECOVERY success=False failure=REPLAY_BACKEND_FAILURE
PHASE3_MATRIX_CELL chain=B2_BOWL_IN_TO_RELEASED episode=demo_30 condition=C3 arm=PERSISTENCE_RECOVERY success=False failure=REPLAY_BACKEND_FAILURE
PHASE3_MATRIX_CELL chain=B2_BOWL_IN_TO_RELEASED episode=demo_30 condition=C4 arm=PERSISTENCE_RECOVERY success=False failure=REPLAY_BACKEND_FAILURE
PHASE3_MATRIX_CELL chain=B2_BOWL_IN_TO_RELEASED episode=demo_30 condition=C7 arm=PERSISTENCE_RECOVERY success=False failure=REPLAY_BACKEND_FAILURE
PHASE3_MATRIX_CELL chain=B2_BOWL_IN_TO_RELEASED episode=demo_31 condition=C0 arm=PERSISTENCE_RECOVERY success=True failure=None
PHASE3_MATRIX_CELL chain=B2_BOWL_IN_TO_RELEASED episode=demo_31 condition=C1 arm=PERSISTENCE_RECOVERY success=False failure=TIMEOUT
PHASE3_MATRIX_CELL chain=B2_BOWL_IN_TO_RELEASED episode=demo_31 condition=C3 arm=PERSISTENCE_RECOVERY success=False failure=TIMEOUT
PHASE3_MATRIX_CELL chain=B2_BOWL_IN_TO_RELEASED episode=demo_31 condition=C4 arm=PERSISTENCE_RECOVERY success=False failure=TIMEOUT
PHASE3_MATRIX_CELL chain=B2_BOWL_IN_TO_RELEASED episode=demo_31 condition=C7 arm=PERSISTENCE_RECOVERY success=False failure=TIMEOUT
PHASE3_MATRIX_CELL chain=B2_BOWL_IN_TO_RELEASED episode=demo_32 condition=C0 arm=PERSISTENCE_RECOVERY success=False failure=REPLAY_BACKEND_FAILURE
PHASE3_MATRIX_CELL chain=B2_BOWL_IN_TO_RELEASED episode=demo_32 condition=C1 arm=PERSISTENCE_RECOVERY success=False failure=REPLAY_BACKEND_FAILURE
PHASE3_MATRIX_CELL chain=B2_BOWL_IN_TO_RELEASED episode=demo_32 condition=C3 arm=PERSISTENCE_RECOVERY success=False failure=REPLAY_BACKEND_FAILURE
PHASE3_MATRIX_CELL chain=B2_BOWL_IN_TO_RELEASED episode=demo_32 condition=C4 arm=PERSISTENCE_RECOVERY success=False failure=REPLAY_BACKEND_FAILURE
PHASE3_MATRIX_CELL chain=B2_BOWL_IN_TO_RELEASED episode=demo_32 condition=C7 arm=PERSISTENCE_RECOVERY success=False failure=REPLAY_BACKEND_FAILURE
PHASE3_MATRIX_CELL chain=B2_BOWL_IN_TO_RELEASED episode=demo_33 condition=C0 arm=PERSISTENCE_RECOVERY success=False failure=REPLAY_BACKEND_FAILURE
PHASE3_MATRIX_CELL chain=B2_BOWL_IN_TO_RELEASED episode=demo_33 condition=C1 arm=PERSISTENCE_RECOVERY success=False failure=REPLAY_BACKEND_FAILURE
PHASE3_MATRIX_CELL chain=B2_BOWL_IN_TO_RELEASED episode=demo_33 condition=C3 arm=PERSISTENCE_RECOVERY success=False failure=REPLAY_BACKEND_FAILURE
PHASE3_MATRIX_CELL chain=B2_BOWL_IN_TO_RELEASED episode=demo_33 condition=C4 arm=PERSISTENCE_RECOVERY success=False failure=REPLAY_BACKEND_FAILURE
PHASE3_MATRIX_CELL chain=B2_BOWL_IN_TO_RELEASED episode=demo_33 condition=C7 arm=PERSISTENCE_RECOVERY success=False failure=REPLAY_BACKEND_FAILURE
PHASE3_MATRIX_CELL chain=B2_BOWL_IN_TO_RELEASED episode=demo_34 condition=C0 arm=PERSISTENCE_RECOVERY success=False failure=REPLAY_BACKEND_FAILURE
PHASE3_MATRIX_CELL chain=B2_BOWL_IN_TO_RELEASED episode=demo_34 condition=C1 arm=PERSISTENCE_RECOVERY success=False failure=REPLAY_BACKEND_FAILURE
PHASE3_MATRIX_CELL chain=B2_BOWL_IN_TO_RELEASED episode=demo_34 condition=C3 arm=PERSISTENCE_RECOVERY success=False failure=REPLAY_BACKEND_FAILURE
PHASE3_MATRIX_CELL chain=B2_BOWL_IN_TO_RELEASED episode=demo_34 condition=C4 arm=PERSISTENCE_RECOVERY success=False failure=REPLAY_BACKEND_FAILURE
PHASE3_MATRIX_CELL chain=B2_BOWL_IN_TO_RELEASED episode=demo_34 condition=C7 arm=PERSISTENCE_RECOVERY success=False failure=REPLAY_BACKEND_FAILURE
PHASE3_MATRIX_CELL chain=B2_BOWL_IN_TO_RELEASED episode=demo_35 condition=C0 arm=PERSISTENCE_RECOVERY success=False failure=TIMEOUT
PHASE3_MATRIX_CELL chain=B2_BOWL_IN_TO_RELEASED episode=demo_35 condition=C1 arm=PERSISTENCE_RECOVERY success=True failure=None
PHASE3_MATRIX_CELL chain=B2_BOWL_IN_TO_RELEASED episode=demo_35 condition=C3 arm=PERSISTENCE_RECOVERY success=False failure=TIMEOUT
PHASE3_MATRIX_CELL chain=B2_BOWL_IN_TO_RELEASED episode=demo_35 condition=C4 arm=PERSISTENCE_RECOVERY success=False failure=TIMEOUT
PHASE3_MATRIX_CELL chain=B2_BOWL_IN_TO_RELEASED episode=demo_35 condition=C7 arm=PERSISTENCE_RECOVERY success=False failure=TIMEOUT
PHASE3_MATRIX_CELL chain=B2_BOWL_IN_TO_RELEASED episode=demo_36 condition=C0 arm=PERSISTENCE_RECOVERY success=True failure=None
PHASE3_MATRIX_CELL chain=B2_BOWL_IN_TO_RELEASED episode=demo_36 condition=C1 arm=PERSISTENCE_RECOVERY success=False failure=TIMEOUT
PHASE3_MATRIX_CELL chain=B2_BOWL_IN_TO_RELEASED episode=demo_36 condition=C3 arm=PERSISTENCE_RECOVERY success=False failure=TIMEOUT
PHASE3_MATRIX_CELL chain=B2_BOWL_IN_TO_RELEASED episode=demo_36 condition=C4 arm=PERSISTENCE_RECOVERY success=False failure=TIMEOUT
PHASE3_MATRIX_CELL chain=B2_BOWL_IN_TO_RELEASED episode=demo_36 condition=C7 arm=PERSISTENCE_RECOVERY success=False failure=TIMEOUT
PHASE3_MATRIX_CELL chain=B2_BOWL_IN_TO_RELEASED episode=demo_37 condition=C0 arm=PERSISTENCE_RECOVERY success=False failure=TIMEOUT
PHASE3_MATRIX_CELL chain=B2_BOWL_IN_TO_RELEASED episode=demo_37 condition=C1 arm=PERSISTENCE_RECOVERY success=False failure=TIMEOUT
PHASE3_MATRIX_CELL chain=B2_BOWL_IN_TO_RELEASED episode=demo_37 condition=C3 arm=PERSISTENCE_RECOVERY success=False failure=TIMEOUT
PHASE3_MATRIX_CELL chain=B2_BOWL_IN_TO_RELEASED episode=demo_37 condition=C4 arm=PERSISTENCE_RECOVERY success=False failure=TIMEOUT
PHASE3_MATRIX_CELL chain=B2_BOWL_IN_TO_RELEASED episode=demo_37 condition=C7 arm=PERSISTENCE_RECOVERY success=False failure=TIMEOUT
PHASE3_MATRIX_CELL chain=B2_BOWL_IN_TO_RELEASED episode=demo_38 condition=C0 arm=PERSISTENCE_RECOVERY success=False failure=REPLAY_BACKEND_FAILURE
PHASE3_MATRIX_CELL chain=B2_BOWL_IN_TO_RELEASED episode=demo_38 condition=C1 arm=PERSISTENCE_RECOVERY success=False failure=REPLAY_BACKEND_FAILURE
PHASE3_MATRIX_CELL chain=B2_BOWL_IN_TO_RELEASED episode=demo_38 condition=C3 arm=PERSISTENCE_RECOVERY success=False failure=REPLAY_BACKEND_FAILURE
PHASE3_MATRIX_CELL chain=B2_BOWL_IN_TO_RELEASED episode=demo_38 condition=C4 arm=PERSISTENCE_RECOVERY success=False failure=REPLAY_BACKEND_FAILURE
PHASE3_MATRIX_CELL chain=B2_BOWL_IN_TO_RELEASED episode=demo_38 condition=C7 arm=PERSISTENCE_RECOVERY success=False failure=REPLAY_BACKEND_FAILURE
PHASE3_MATRIX_CELL chain=B2_BOWL_IN_TO_RELEASED episode=demo_39 condition=C0 arm=PERSISTENCE_RECOVERY success=True failure=None
PHASE3_MATRIX_CELL chain=B2_BOWL_IN_TO_RELEASED episode=demo_39 condition=C1 arm=PERSISTENCE_RECOVERY success=False failure=TIMEOUT
PHASE3_MATRIX_CELL chain=B2_BOWL_IN_TO_RELEASED episode=demo_39 condition=C3 arm=PERSISTENCE_RECOVERY success=False failure=TIMEOUT
PHASE3_MATRIX_CELL chain=B2_BOWL_IN_TO_RELEASED episode=demo_39 condition=C4 arm=PERSISTENCE_RECOVERY success=False failure=TIMEOUT
PHASE3_MATRIX_CELL chain=B2_BOWL_IN_TO_RELEASED episode=demo_39 condition=C7 arm=PERSISTENCE_RECOVERY success=False failure=TIMEOUT
PHASE3_MATRIX_CELL chain=S2_MOKA_GRASP_TO_ON_STOVE episode=demo_30 condition=C0 arm=PERSISTENCE_RECOVERY success=False failure=TIMEOUT
PHASE3_MATRIX_CELL chain=S2_MOKA_GRASP_TO_ON_STOVE episode=demo_30 condition=C1 arm=PERSISTENCE_RECOVERY success=False failure=TIMEOUT
PHASE3_MATRIX_CELL chain=S2_MOKA_GRASP_TO_ON_STOVE episode=demo_30 condition=C3 arm=PERSISTENCE_RECOVERY success=False failure=TIMEOUT
PHASE3_MATRIX_CELL chain=S2_MOKA_GRASP_TO_ON_STOVE episode=demo_30 condition=C4 arm=PERSISTENCE_RECOVERY success=False failure=TIMEOUT
PHASE3_MATRIX_CELL chain=S2_MOKA_GRASP_TO_ON_STOVE episode=demo_30 condition=C7 arm=PERSISTENCE_RECOVERY success=False failure=TIMEOUT
PHASE3_MATRIX_CELL chain=S2_MOKA_GRASP_TO_ON_STOVE episode=demo_31 condition=C0 arm=PERSISTENCE_RECOVERY success=False failure=TIMEOUT
PHASE3_MATRIX_CELL chain=S2_MOKA_GRASP_TO_ON_STOVE episode=demo_31 condition=C1 arm=PERSISTENCE_RECOVERY success=False failure=TIMEOUT
PHASE3_MATRIX_CELL chain=S2_MOKA_GRASP_TO_ON_STOVE episode=demo_31 condition=C3 arm=PERSISTENCE_RECOVERY success=False failure=TIMEOUT
PHASE3_MATRIX_CELL chain=S2_MOKA_GRASP_TO_ON_STOVE episode=demo_31 condition=C4 arm=PERSISTENCE_RECOVERY success=False failure=TIMEOUT
PHASE3_MATRIX_CELL chain=S2_MOKA_GRASP_TO_ON_STOVE episode=demo_31 condition=C7 arm=PERSISTENCE_RECOVERY success=False failure=TIMEOUT
PHASE3_MATRIX_CELL chain=S2_MOKA_GRASP_TO_ON_STOVE episode=demo_32 condition=C0 arm=PERSISTENCE_RECOVERY success=False failure=REPLAY_BACKEND_FAILURE
PHASE3_MATRIX_CELL chain=S2_MOKA_GRASP_TO_ON_STOVE episode=demo_32 condition=C1 arm=PERSISTENCE_RECOVERY success=False failure=REPLAY_BACKEND_FAILURE
PHASE3_MATRIX_CELL chain=S2_MOKA_GRASP_TO_ON_STOVE episode=demo_32 condition=C3 arm=PERSISTENCE_RECOVERY success=False failure=REPLAY_BACKEND_FAILURE
PHASE3_MATRIX_CELL chain=S2_MOKA_GRASP_TO_ON_STOVE episode=demo_32 condition=C4 arm=PERSISTENCE_RECOVERY success=False failure=REPLAY_BACKEND_FAILURE
PHASE3_MATRIX_CELL chain=S2_MOKA_GRASP_TO_ON_STOVE episode=demo_32 condition=C7 arm=PERSISTENCE_RECOVERY success=False failure=REPLAY_BACKEND_FAILURE
PHASE3_MATRIX_CELL chain=S2_MOKA_GRASP_TO_ON_STOVE episode=demo_33 condition=C0 arm=PERSISTENCE_RECOVERY success=False failure=TIMEOUT
PHASE3_MATRIX_CELL chain=S2_MOKA_GRASP_TO_ON_STOVE episode=demo_33 condition=C1 arm=PERSISTENCE_RECOVERY success=False failure=TIMEOUT
PHASE3_MATRIX_CELL chain=S2_MOKA_GRASP_TO_ON_STOVE episode=demo_33 condition=C3 arm=PERSISTENCE_RECOVERY success=False failure=TIMEOUT
PHASE3_MATRIX_CELL chain=S2_MOKA_GRASP_TO_ON_STOVE episode=demo_33 condition=C4 arm=PERSISTENCE_RECOVERY success=False failure=TIMEOUT
PHASE3_MATRIX_CELL chain=S2_MOKA_GRASP_TO_ON_STOVE episode=demo_33 condition=C7 arm=PERSISTENCE_RECOVERY success=False failure=TIMEOUT
PHASE3_MATRIX_CELL chain=S2_MOKA_GRASP_TO_ON_STOVE episode=demo_34 condition=C0 arm=PERSISTENCE_RECOVERY success=False failure=TIMEOUT
PHASE3_MATRIX_CELL chain=S2_MOKA_GRASP_TO_ON_STOVE episode=demo_34 condition=C1 arm=PERSISTENCE_RECOVERY success=False failure=TIMEOUT
PHASE3_MATRIX_CELL chain=S2_MOKA_GRASP_TO_ON_STOVE episode=demo_34 condition=C3 arm=PERSISTENCE_RECOVERY success=False failure=TIMEOUT
PHASE3_MATRIX_CELL chain=S2_MOKA_GRASP_TO_ON_STOVE episode=demo_34 condition=C4 arm=PERSISTENCE_RECOVERY success=False failure=TIMEOUT
PHASE3_MATRIX_CELL chain=S2_MOKA_GRASP_TO_ON_STOVE episode=demo_34 condition=C7 arm=PERSISTENCE_RECOVERY success=False failure=TIMEOUT
PHASE3_MATRIX_CELL chain=S2_MOKA_GRASP_TO_ON_STOVE episode=demo_35 condition=C0 arm=PERSISTENCE_RECOVERY success=False failure=TIMEOUT
PHASE3_MATRIX_CELL chain=S2_MOKA_GRASP_TO_ON_STOVE episode=demo_35 condition=C1 arm=PERSISTENCE_RECOVERY success=False failure=TIMEOUT
PHASE3_MATRIX_CELL chain=S2_MOKA_GRASP_TO_ON_STOVE episode=demo_35 condition=C3 arm=PERSISTENCE_RECOVERY success=False failure=TIMEOUT
PHASE3_MATRIX_CELL chain=S2_MOKA_GRASP_TO_ON_STOVE episode=demo_35 condition=C4 arm=PERSISTENCE_RECOVERY success=False failure=TIMEOUT
PHASE3_MATRIX_CELL chain=S2_MOKA_GRASP_TO_ON_STOVE episode=demo_35 condition=C7 arm=PERSISTENCE_RECOVERY success=False failure=TIMEOUT
PHASE3_MATRIX_CELL chain=S2_MOKA_GRASP_TO_ON_STOVE episode=demo_36 condition=C0 arm=PERSISTENCE_RECOVERY success=False failure=TIMEOUT
PHASE3_MATRIX_CELL chain=S2_MOKA_GRASP_TO_ON_STOVE episode=demo_36 condition=C1 arm=PERSISTENCE_RECOVERY success=False failure=TIMEOUT
PHASE3_MATRIX_CELL chain=S2_MOKA_GRASP_TO_ON_STOVE episode=demo_36 condition=C3 arm=PERSISTENCE_RECOVERY success=False failure=TIMEOUT
PHASE3_MATRIX_CELL chain=S2_MOKA_GRASP_TO_ON_STOVE episode=demo_36 condition=C4 arm=PERSISTENCE_RECOVERY success=False failure=TIMEOUT
PHASE3_MATRIX_CELL chain=S2_MOKA_GRASP_TO_ON_STOVE episode=demo_36 condition=C7 arm=PERSISTENCE_RECOVERY success=False failure=TIMEOUT
PHASE3_MATRIX_CELL chain=S2_MOKA_GRASP_TO_ON_STOVE episode=demo_37 condition=C0 arm=PERSISTENCE_RECOVERY success=False failure=TIMEOUT
PHASE3_MATRIX_CELL chain=S2_MOKA_GRASP_TO_ON_STOVE episode=demo_37 condition=C1 arm=PERSISTENCE_RECOVERY success=False failure=TIMEOUT
PHASE3_MATRIX_CELL chain=S2_MOKA_GRASP_TO_ON_STOVE episode=demo_37 condition=C3 arm=PERSISTENCE_RECOVERY success=False failure=TIMEOUT
PHASE3_MATRIX_CELL chain=S2_MOKA_GRASP_TO_ON_STOVE episode=demo_37 condition=C4 arm=PERSISTENCE_RECOVERY success=False failure=TIMEOUT
PHASE3_MATRIX_CELL chain=S2_MOKA_GRASP_TO_ON_STOVE episode=demo_37 condition=C7 arm=PERSISTENCE_RECOVERY success=False failure=TIMEOUT
PHASE3_MATRIX_CELL chain=S2_MOKA_GRASP_TO_ON_STOVE episode=demo_38 condition=C0 arm=PERSISTENCE_RECOVERY success=False failure=TIMEOUT
PHASE3_MATRIX_CELL chain=S2_MOKA_GRASP_TO_ON_STOVE episode=demo_38 condition=C1 arm=PERSISTENCE_RECOVERY success=False failure=TIMEOUT
PHASE3_MATRIX_CELL chain=S2_MOKA_GRASP_TO_ON_STOVE episode=demo_38 condition=C3 arm=PERSISTENCE_RECOVERY success=False failure=TIMEOUT
PHASE3_MATRIX_CELL chain=S2_MOKA_GRASP_TO_ON_STOVE episode=demo_38 condition=C4 arm=PERSISTENCE_RECOVERY success=False failure=TIMEOUT
PHASE3_MATRIX_CELL chain=S2_MOKA_GRASP_TO_ON_STOVE episode=demo_38 condition=C7 arm=PERSISTENCE_RECOVERY success=False failure=TIMEOUT
PHASE3_MATRIX_CELL chain=S2_MOKA_GRASP_TO_ON_STOVE episode=demo_39 condition=C0 arm=PERSISTENCE_RECOVERY success=False failure=TIMEOUT
PHASE3_MATRIX_CELL chain=S2_MOKA_GRASP_TO_ON_STOVE episode=demo_39 condition=C1 arm=PERSISTENCE_RECOVERY success=False failure=TIMEOUT
PHASE3_MATRIX_CELL chain=S2_MOKA_GRASP_TO_ON_STOVE episode=demo_39 condition=C3 arm=PERSISTENCE_RECOVERY success=False failure=TIMEOUT
PHASE3_MATRIX_CELL chain=S2_MOKA_GRASP_TO_ON_STOVE episode=demo_39 condition=C4 arm=PERSISTENCE_RECOVERY success=False failure=TIMEOUT
PHASE3_MATRIX_CELL chain=S2_MOKA_GRASP_TO_ON_STOVE episode=demo_39 condition=C7 arm=PERSISTENCE_RECOVERY success=False failure=TIMEOUT
PHASE3_MATRIX_CELL chain=B1_BOWL_GRASP_TO_DRAWER episode=demo_30 condition=C0 arm=PERSISTENCE_RECOVERY success=False failure=REPLAY_BACKEND_FAILURE
PHASE3_MATRIX_CELL chain=B1_BOWL_GRASP_TO_DRAWER episode=demo_30 condition=C1 arm=PERSISTENCE_RECOVERY success=False failure=REPLAY_BACKEND_FAILURE
PHASE3_MATRIX_CELL chain=B1_BOWL_GRASP_TO_DRAWER episode=demo_30 condition=C3 arm=PERSISTENCE_RECOVERY success=False failure=REPLAY_BACKEND_FAILURE
PHASE3_MATRIX_CELL chain=B1_BOWL_GRASP_TO_DRAWER episode=demo_30 condition=C4 arm=PERSISTENCE_RECOVERY success=False failure=REPLAY_BACKEND_FAILURE
PHASE3_MATRIX_CELL chain=B1_BOWL_GRASP_TO_DRAWER episode=demo_30 condition=C7 arm=PERSISTENCE_RECOVERY success=False failure=REPLAY_BACKEND_FAILURE
PHASE3_MATRIX_CELL chain=B1_BOWL_GRASP_TO_DRAWER episode=demo_31 condition=C0 arm=PERSISTENCE_RECOVERY success=False failure=TIMEOUT
PHASE3_MATRIX_CELL chain=B1_BOWL_GRASP_TO_DRAWER episode=demo_31 condition=C1 arm=PERSISTENCE_RECOVERY success=False failure=TIMEOUT
PHASE3_MATRIX_CELL chain=B1_BOWL_GRASP_TO_DRAWER episode=demo_31 condition=C3 arm=PERSISTENCE_RECOVERY success=False failure=TIMEOUT
PHASE3_MATRIX_CELL chain=B1_BOWL_GRASP_TO_DRAWER episode=demo_31 condition=C4 arm=PERSISTENCE_RECOVERY success=False failure=TIMEOUT
PHASE3_MATRIX_CELL chain=B1_BOWL_GRASP_TO_DRAWER episode=demo_31 condition=C7 arm=PERSISTENCE_RECOVERY success=False failure=TIMEOUT
PHASE3_MATRIX_CELL chain=B1_BOWL_GRASP_TO_DRAWER episode=demo_32 condition=C0 arm=PERSISTENCE_RECOVERY success=False failure=TIMEOUT
PHASE3_MATRIX_CELL chain=B1_BOWL_GRASP_TO_DRAWER episode=demo_32 condition=C1 arm=PERSISTENCE_RECOVERY success=False failure=TIMEOUT
PHASE3_MATRIX_CELL chain=B1_BOWL_GRASP_TO_DRAWER episode=demo_32 condition=C3 arm=PERSISTENCE_RECOVERY success=False failure=TIMEOUT
PHASE3_MATRIX_CELL chain=B1_BOWL_GRASP_TO_DRAWER episode=demo_32 condition=C4 arm=PERSISTENCE_RECOVERY success=False failure=TIMEOUT
PHASE3_MATRIX_CELL chain=B1_BOWL_GRASP_TO_DRAWER episode=demo_32 condition=C7 arm=PERSISTENCE_RECOVERY success=False failure=TIMEOUT
PHASE3_MATRIX_CELL chain=B1_BOWL_GRASP_TO_DRAWER episode=demo_33 condition=C0 arm=PERSISTENCE_RECOVERY success=False failure=TIMEOUT
PHASE3_MATRIX_CELL chain=B1_BOWL_GRASP_TO_DRAWER episode=demo_33 condition=C1 arm=PERSISTENCE_RECOVERY success=False failure=TIMEOUT
PHASE3_MATRIX_CELL chain=B1_BOWL_GRASP_TO_DRAWER episode=demo_33 condition=C3 arm=PERSISTENCE_RECOVERY success=False failure=TIMEOUT
PHASE3_MATRIX_CELL chain=B1_BOWL_GRASP_TO_DRAWER episode=demo_33 condition=C4 arm=PERSISTENCE_RECOVERY success=False failure=TIMEOUT
PHASE3_MATRIX_CELL chain=B1_BOWL_GRASP_TO_DRAWER episode=demo_33 condition=C7 arm=PERSISTENCE_RECOVERY success=False failure=TIMEOUT
PHASE3_MATRIX_CELL chain=B1_BOWL_GRASP_TO_DRAWER episode=demo_34 condition=C0 arm=PERSISTENCE_RECOVERY success=False failure=REPLAY_BACKEND_FAILURE
PHASE3_MATRIX_CELL chain=B1_BOWL_GRASP_TO_DRAWER episode=demo_34 condition=C1 arm=PERSISTENCE_RECOVERY success=False failure=REPLAY_BACKEND_FAILURE
PHASE3_MATRIX_CELL chain=B1_BOWL_GRASP_TO_DRAWER episode=demo_34 condition=C3 arm=PERSISTENCE_RECOVERY success=False failure=REPLAY_BACKEND_FAILURE
PHASE3_MATRIX_CELL chain=B1_BOWL_GRASP_TO_DRAWER episode=demo_34 condition=C4 arm=PERSISTENCE_RECOVERY success=False failure=REPLAY_BACKEND_FAILURE
PHASE3_MATRIX_CELL chain=B1_BOWL_GRASP_TO_DRAWER episode=demo_34 condition=C7 arm=PERSISTENCE_RECOVERY success=False failure=REPLAY_BACKEND_FAILURE
PHASE3_MATRIX_CELL chain=B1_BOWL_GRASP_TO_DRAWER episode=demo_35 condition=C0 arm=PERSISTENCE_RECOVERY success=False failure=TIMEOUT
PHASE3_MATRIX_CELL chain=B1_BOWL_GRASP_TO_DRAWER episode=demo_35 condition=C1 arm=PERSISTENCE_RECOVERY success=False failure=TIMEOUT
PHASE3_MATRIX_CELL chain=B1_BOWL_GRASP_TO_DRAWER episode=demo_35 condition=C3 arm=PERSISTENCE_RECOVERY success=False failure=TIMEOUT
PHASE3_MATRIX_CELL chain=B1_BOWL_GRASP_TO_DRAWER episode=demo_35 condition=C4 arm=PERSISTENCE_RECOVERY success=False failure=TIMEOUT
PHASE3_MATRIX_CELL chain=B1_BOWL_GRASP_TO_DRAWER episode=demo_35 condition=C7 arm=PERSISTENCE_RECOVERY success=False failure=TIMEOUT
PHASE3_MATRIX_CELL chain=B1_BOWL_GRASP_TO_DRAWER episode=demo_36 condition=C0 arm=PERSISTENCE_RECOVERY success=False failure=TIMEOUT
PHASE3_MATRIX_CELL chain=B1_BOWL_GRASP_TO_DRAWER episode=demo_36 condition=C1 arm=PERSISTENCE_RECOVERY success=False failure=TIMEOUT
PHASE3_MATRIX_CELL chain=B1_BOWL_GRASP_TO_DRAWER episode=demo_36 condition=C3 arm=PERSISTENCE_RECOVERY success=False failure=TIMEOUT
PHASE3_MATRIX_CELL chain=B1_BOWL_GRASP_TO_DRAWER episode=demo_36 condition=C4 arm=PERSISTENCE_RECOVERY success=False failure=TIMEOUT
PHASE3_MATRIX_CELL chain=B1_BOWL_GRASP_TO_DRAWER episode=demo_36 condition=C7 arm=PERSISTENCE_RECOVERY success=False failure=TIMEOUT
PHASE3_MATRIX_CELL chain=B1_BOWL_GRASP_TO_DRAWER episode=demo_37 condition=C0 arm=PERSISTENCE_RECOVERY success=False failure=TIMEOUT
PHASE3_MATRIX_CELL chain=B1_BOWL_GRASP_TO_DRAWER episode=demo_37 condition=C1 arm=PERSISTENCE_RECOVERY success=False failure=TIMEOUT
PHASE3_MATRIX_CELL chain=B1_BOWL_GRASP_TO_DRAWER episode=demo_37 condition=C3 arm=PERSISTENCE_RECOVERY success=False failure=TIMEOUT
PHASE3_MATRIX_CELL chain=B1_BOWL_GRASP_TO_DRAWER episode=demo_37 condition=C4 arm=PERSISTENCE_RECOVERY success=False failure=TIMEOUT
PHASE3_MATRIX_CELL chain=B1_BOWL_GRASP_TO_DRAWER episode=demo_37 condition=C7 arm=PERSISTENCE_RECOVERY success=False failure=TIMEOUT
PHASE3_MATRIX_CELL chain=B1_BOWL_GRASP_TO_DRAWER episode=demo_38 condition=C0 arm=PERSISTENCE_RECOVERY success=False failure=TIMEOUT
PHASE3_MATRIX_CELL chain=B1_BOWL_GRASP_TO_DRAWER episode=demo_38 condition=C1 arm=PERSISTENCE_RECOVERY success=False failure=TIMEOUT
PHASE3_MATRIX_CELL chain=B1_BOWL_GRASP_TO_DRAWER episode=demo_38 condition=C3 arm=PERSISTENCE_RECOVERY success=False failure=TIMEOUT
PHASE3_MATRIX_CELL chain=B1_BOWL_GRASP_TO_DRAWER episode=demo_38 condition=C4 arm=PERSISTENCE_RECOVERY success=False failure=TIMEOUT
PHASE3_MATRIX_CELL chain=B1_BOWL_GRASP_TO_DRAWER episode=demo_38 condition=C7 arm=PERSISTENCE_RECOVERY success=False failure=TIMEOUT
PHASE3_MATRIX_CELL chain=B1_BOWL_GRASP_TO_DRAWER episode=demo_39 condition=C0 arm=PERSISTENCE_RECOVERY success=False failure=TIMEOUT
PHASE3_MATRIX_CELL chain=B1_BOWL_GRASP_TO_DRAWER episode=demo_39 condition=C1 arm=PERSISTENCE_RECOVERY success=False failure=TIMEOUT
PHASE3_MATRIX_CELL chain=B1_BOWL_GRASP_TO_DRAWER episode=demo_39 condition=C3 arm=PERSISTENCE_RECOVERY success=False failure=TIMEOUT
PHASE3_MATRIX_CELL chain=B1_BOWL_GRASP_TO_DRAWER episode=demo_39 condition=C4 arm=PERSISTENCE_RECOVERY success=False failure=TIMEOUT
PHASE3_MATRIX_CELL chain=B1_BOWL_GRASP_TO_DRAWER episode=demo_39 condition=C7 arm=PERSISTENCE_RECOVERY success=False failure=TIMEOUT
PHASE3_MATRIX_CELL chain=B2_BOWL_IN_TO_RELEASED episode=demo_30 condition=C0 arm=PERSISTENCE_RECOVERY success=False failure=REPLAY_BACKEND_FAILURE
PHASE3_MATRIX_CELL chain=B2_BOWL_IN_TO_RELEASED episode=demo_30 condition=C1 arm=PERSISTENCE_RECOVERY success=False failure=REPLAY_BACKEND_FAILURE
PHASE3_MATRIX_CELL chain=B2_BOWL_IN_TO_RELEASED episode=demo_30 condition=C3 arm=PERSISTENCE_RECOVERY success=False failure=REPLAY_BACKEND_FAILURE
PHASE3_MATRIX_CELL chain=B2_BOWL_IN_TO_RELEASED episode=demo_30 condition=C4 arm=PERSISTENCE_RECOVERY success=False failure=REPLAY_BACKEND_FAILURE
PHASE3_MATRIX_CELL chain=B2_BOWL_IN_TO_RELEASED episode=demo_30 condition=C7 arm=PERSISTENCE_RECOVERY success=False failure=REPLAY_BACKEND_FAILURE
PHASE3_MATRIX_CELL chain=B2_BOWL_IN_TO_RELEASED episode=demo_31 condition=C0 arm=PERSISTENCE_RECOVERY success=False failure=TIMEOUT
PHASE3_MATRIX_CELL chain=B2_BOWL_IN_TO_RELEASED episode=demo_31 condition=C1 arm=PERSISTENCE_RECOVERY success=False failure=TIMEOUT
PHASE3_MATRIX_CELL chain=B2_BOWL_IN_TO_RELEASED episode=demo_31 condition=C3 arm=PERSISTENCE_RECOVERY success=False failure=TIMEOUT
PHASE3_MATRIX_CELL chain=B2_BOWL_IN_TO_RELEASED episode=demo_31 condition=C4 arm=PERSISTENCE_RECOVERY success=False failure=TIMEOUT
PHASE3_MATRIX_CELL chain=B2_BOWL_IN_TO_RELEASED episode=demo_31 condition=C7 arm=PERSISTENCE_RECOVERY success=False failure=TIMEOUT
PHASE3_MATRIX_CELL chain=B2_BOWL_IN_TO_RELEASED episode=demo_32 condition=C0 arm=PERSISTENCE_RECOVERY success=False failure=REPLAY_BACKEND_FAILURE
PHASE3_MATRIX_CELL chain=B2_BOWL_IN_TO_RELEASED episode=demo_32 condition=C1 arm=PERSISTENCE_RECOVERY success=False failure=REPLAY_BACKEND_FAILURE
PHASE3_MATRIX_CELL chain=B2_BOWL_IN_TO_RELEASED episode=demo_32 condition=C3 arm=PERSISTENCE_RECOVERY success=False failure=REPLAY_BACKEND_FAILURE
PHASE3_MATRIX_CELL chain=B2_BOWL_IN_TO_RELEASED episode=demo_32 condition=C4 arm=PERSISTENCE_RECOVERY success=False failure=REPLAY_BACKEND_FAILURE
PHASE3_MATRIX_CELL chain=B2_BOWL_IN_TO_RELEASED episode=demo_32 condition=C7 arm=PERSISTENCE_RECOVERY success=False failure=REPLAY_BACKEND_FAILURE
PHASE3_MATRIX_CELL chain=B2_BOWL_IN_TO_RELEASED episode=demo_33 condition=C0 arm=PERSISTENCE_RECOVERY success=False failure=REPLAY_BACKEND_FAILURE
PHASE3_MATRIX_CELL chain=B2_BOWL_IN_TO_RELEASED episode=demo_33 condition=C1 arm=PERSISTENCE_RECOVERY success=False failure=REPLAY_BACKEND_FAILURE
PHASE3_MATRIX_CELL chain=B2_BOWL_IN_TO_RELEASED episode=demo_33 condition=C3 arm=PERSISTENCE_RECOVERY success=False failure=REPLAY_BACKEND_FAILURE
PHASE3_MATRIX_CELL chain=B2_BOWL_IN_TO_RELEASED episode=demo_33 condition=C4 arm=PERSISTENCE_RECOVERY success=False failure=REPLAY_BACKEND_FAILURE
PHASE3_MATRIX_CELL chain=B2_BOWL_IN_TO_RELEASED episode=demo_33 condition=C7 arm=PERSISTENCE_RECOVERY success=False failure=REPLAY_BACKEND_FAILURE
PHASE3_MATRIX_CELL chain=B2_BOWL_IN_TO_RELEASED episode=demo_34 condition=C0 arm=PERSISTENCE_RECOVERY success=False failure=REPLAY_BACKEND_FAILURE
PHASE3_MATRIX_CELL chain=B2_BOWL_IN_TO_RELEASED episode=demo_34 condition=C1 arm=PERSISTENCE_RECOVERY success=False failure=REPLAY_BACKEND_FAILURE
PHASE3_MATRIX_CELL chain=B2_BOWL_IN_TO_RELEASED episode=demo_34 condition=C3 arm=PERSISTENCE_RECOVERY success=False failure=REPLAY_BACKEND_FAILURE
PHASE3_MATRIX_CELL chain=B2_BOWL_IN_TO_RELEASED episode=demo_34 condition=C4 arm=PERSISTENCE_RECOVERY success=False failure=REPLAY_BACKEND_FAILURE
PHASE3_MATRIX_CELL chain=B2_BOWL_IN_TO_RELEASED episode=demo_34 condition=C7 arm=PERSISTENCE_RECOVERY success=False failure=REPLAY_BACKEND_FAILURE
PHASE3_MATRIX_CELL chain=B2_BOWL_IN_TO_RELEASED episode=demo_35 condition=C0 arm=PERSISTENCE_RECOVERY success=False failure=TIMEOUT
PHASE3_MATRIX_CELL chain=B2_BOWL_IN_TO_RELEASED episode=demo_35 condition=C1 arm=PERSISTENCE_RECOVERY success=False failure=TIMEOUT
PHASE3_MATRIX_CELL chain=B2_BOWL_IN_TO_RELEASED episode=demo_35 condition=C3 arm=PERSISTENCE_RECOVERY success=False failure=TIMEOUT
PHASE3_MATRIX_CELL chain=B2_BOWL_IN_TO_RELEASED episode=demo_35 condition=C4 arm=PERSISTENCE_RECOVERY success=False failure=TIMEOUT
PHASE3_MATRIX_CELL chain=B2_BOWL_IN_TO_RELEASED episode=demo_35 condition=C7 arm=PERSISTENCE_RECOVERY success=False failure=TIMEOUT
PHASE3_MATRIX_CELL chain=B2_BOWL_IN_TO_RELEASED episode=demo_36 condition=C0 arm=PERSISTENCE_RECOVERY success=False failure=TIMEOUT
PHASE3_MATRIX_CELL chain=B2_BOWL_IN_TO_RELEASED episode=demo_36 condition=C1 arm=PERSISTENCE_RECOVERY success=False failure=TIMEOUT
PHASE3_MATRIX_CELL chain=B2_BOWL_IN_TO_RELEASED episode=demo_36 condition=C3 arm=PERSISTENCE_RECOVERY success=False failure=TIMEOUT
PHASE3_MATRIX_CELL chain=B2_BOWL_IN_TO_RELEASED episode=demo_36 condition=C4 arm=PERSISTENCE_RECOVERY success=False failure=TIMEOUT
PHASE3_MATRIX_CELL chain=B2_BOWL_IN_TO_RELEASED episode=demo_36 condition=C7 arm=PERSISTENCE_RECOVERY success=False failure=TIMEOUT
PHASE3_MATRIX_CELL chain=B2_BOWL_IN_TO_RELEASED episode=demo_37 condition=C0 arm=PERSISTENCE_RECOVERY success=False failure=TIMEOUT
PHASE3_MATRIX_CELL chain=B2_BOWL_IN_TO_RELEASED episode=demo_37 condition=C1 arm=PERSISTENCE_RECOVERY success=False failure=TIMEOUT
PHASE3_MATRIX_CELL chain=B2_BOWL_IN_TO_RELEASED episode=demo_37 condition=C3 arm=PERSISTENCE_RECOVERY success=False failure=TIMEOUT
PHASE3_MATRIX_CELL chain=B2_BOWL_IN_TO_RELEASED episode=demo_37 condition=C4 arm=PERSISTENCE_RECOVERY success=False failure=TIMEOUT
PHASE3_MATRIX_CELL chain=B2_BOWL_IN_TO_RELEASED episode=demo_37 condition=C7 arm=PERSISTENCE_RECOVERY success=False failure=TIMEOUT
PHASE3_MATRIX_CELL chain=B2_BOWL_IN_TO_RELEASED episode=demo_38 condition=C0 arm=PERSISTENCE_RECOVERY success=False failure=REPLAY_BACKEND_FAILURE
PHASE3_MATRIX_CELL chain=B2_BOWL_IN_TO_RELEASED episode=demo_38 condition=C1 arm=PERSISTENCE_RECOVERY success=False failure=REPLAY_BACKEND_FAILURE
PHASE3_MATRIX_CELL chain=B2_BOWL_IN_TO_RELEASED episode=demo_38 condition=C3 arm=PERSISTENCE_RECOVERY success=False failure=REPLAY_BACKEND_FAILURE
PHASE3_MATRIX_CELL chain=B2_BOWL_IN_TO_RELEASED episode=demo_38 condition=C4 arm=PERSISTENCE_RECOVERY success=False failure=REPLAY_BACKEND_FAILURE
PHASE3_MATRIX_CELL chain=B2_BOWL_IN_TO_RELEASED episode=demo_38 condition=C7 arm=PERSISTENCE_RECOVERY success=False failure=REPLAY_BACKEND_FAILURE
PHASE3_MATRIX_CELL chain=B2_BOWL_IN_TO_RELEASED episode=demo_39 condition=C0 arm=PERSISTENCE_RECOVERY success=False failure=TIMEOUT
PHASE3_MATRIX_CELL chain=B2_BOWL_IN_TO_RELEASED episode=demo_39 condition=C1 arm=PERSISTENCE_RECOVERY success=False failure=TIMEOUT
PHASE3_MATRIX_CELL chain=B2_BOWL_IN_TO_RELEASED episode=demo_39 condition=C3 arm=PERSISTENCE_RECOVERY success=False failure=TIMEOUT
PHASE3_MATRIX_CELL chain=B2_BOWL_IN_TO_RELEASED episode=demo_39 condition=C4 arm=PERSISTENCE_RECOVERY success=False failure=TIMEOUT
PHASE3_MATRIX_CELL chain=B2_BOWL_IN_TO_RELEASED episode=demo_39 condition=C7 arm=PERSISTENCE_RECOVERY success=False failure=TIMEOUT
R16P19_PHASE3_STAGE_COMPLETE run_id=r16p19-phase3-prepare-20260814-v5 stage=prepare
