...................................                                      [100%]
35 passed in 3.18s
Gym has been unmaintained since 2022 and does not support NumPy 2.0 amongst other critical functionality.
Please upgrade to Gymnasium, the maintained drop-in replacement of Gym, or contact the authors of your software and request that they upgrade.
See the migration guide at https://gymnasium.farama.org/introduction/migration_guide/ for additional information.
PHASE3_SNAPSHOT_CELL split=formal task=stove_moka episode=demo_40 valid=3/4
PHASE3_SNAPSHOT_CELL split=formal task=stove_moka episode=demo_41 valid=3/4
PHASE3_SNAPSHOT_CELL split=formal task=stove_moka episode=demo_42 valid=3/4
PHASE3_SNAPSHOT_CELL split=formal task=stove_moka episode=demo_43 valid=1/4
PHASE3_SNAPSHOT_CELL split=formal task=stove_moka episode=demo_44 valid=1/4
PHASE3_SNAPSHOT_CELL split=formal task=stove_moka episode=demo_45 valid=3/4
PHASE3_SNAPSHOT_CELL split=formal task=stove_moka episode=demo_46 valid=3/4
PHASE3_SNAPSHOT_CELL split=formal task=stove_moka episode=demo_47 valid=3/4
PHASE3_SNAPSHOT_CELL split=formal task=stove_moka episode=demo_48 valid=3/4
PHASE3_SNAPSHOT_CELL split=formal task=stove_moka episode=demo_49 valid=3/4
PHASE3_SNAPSHOT_CELL split=formal task=bowl_drawer episode=demo_40 valid=0/4
PHASE3_SNAPSHOT_CELL split=formal task=bowl_drawer episode=demo_41 valid=3/4
PHASE3_SNAPSHOT_CELL split=formal task=bowl_drawer episode=demo_42 valid=3/4
PHASE3_SNAPSHOT_CELL split=formal task=bowl_drawer episode=demo_43 valid=3/4
PHASE3_SNAPSHOT_CELL split=formal task=bowl_drawer episode=demo_44 valid=2/4
PHASE3_SNAPSHOT_CELL split=formal task=bowl_drawer episode=demo_45 valid=3/4
PHASE3_SNAPSHOT_CELL split=formal task=bowl_drawer episode=demo_46 valid=3/4
PHASE3_SNAPSHOT_CELL split=formal task=bowl_drawer episode=demo_47 valid=2/4
PHASE3_SNAPSHOT_CELL split=formal task=bowl_drawer episode=demo_48 valid=2/4
PHASE3_SNAPSHOT_CELL split=formal task=bowl_drawer episode=demo_49 valid=3/4
PHASE3_REPLAY_CELL split=formal task=stove_moka episode=demo_40 effect=MOKA_GRASPED rep=0 success=True
PHASE3_REPLAY_CELL split=formal task=stove_moka episode=demo_40 effect=MOKA_GRASPED rep=1 success=False
PHASE3_REPLAY_CELL split=formal task=stove_moka episode=demo_40 effect=MOKA_GRASPED rep=2 success=False
PHASE3_REPLAY_CELL split=formal task=stove_moka episode=demo_40 effect=MOKA_GRASPED rep=3 success=False
PHASE3_REPLAY_CELL split=formal task=stove_moka episode=demo_40 effect=MOKA_GRASPED rep=4 success=True
PHASE3_REPLAY_CELL split=formal task=stove_moka episode=demo_41 effect=MOKA_GRASPED rep=0 success=False
PHASE3_REPLAY_CELL split=formal task=stove_moka episode=demo_41 effect=MOKA_GRASPED rep=1 success=False
PHASE3_REPLAY_CELL split=formal task=stove_moka episode=demo_41 effect=MOKA_GRASPED rep=2 success=True
PHASE3_REPLAY_CELL split=formal task=stove_moka episode=demo_41 effect=MOKA_GRASPED rep=3 success=True
PHASE3_REPLAY_CELL split=formal task=stove_moka episode=demo_41 effect=MOKA_GRASPED rep=4 success=False
PHASE3_REPLAY_CELL split=formal task=stove_moka episode=demo_42 effect=MOKA_GRASPED rep=0 success=True
PHASE3_REPLAY_CELL split=formal task=stove_moka episode=demo_42 effect=MOKA_GRASPED rep=1 success=True
PHASE3_REPLAY_CELL split=formal task=stove_moka episode=demo_42 effect=MOKA_GRASPED rep=2 success=True
PHASE3_REPLAY_CELL split=formal task=stove_moka episode=demo_42 effect=MOKA_GRASPED rep=3 success=True
PHASE3_REPLAY_CELL split=formal task=stove_moka episode=demo_42 effect=MOKA_GRASPED rep=4 success=True
PHASE3_REPLAY_CELL split=formal task=stove_moka episode=demo_43 effect=MOKA_GRASPED rep=0 success=False
PHASE3_REPLAY_CELL split=formal task=stove_moka episode=demo_43 effect=MOKA_GRASPED rep=1 success=False
PHASE3_REPLAY_CELL split=formal task=stove_moka episode=demo_43 effect=MOKA_GRASPED rep=2 success=False
PHASE3_REPLAY_CELL split=formal task=stove_moka episode=demo_43 effect=MOKA_GRASPED rep=3 success=False
PHASE3_REPLAY_CELL split=formal task=stove_moka episode=demo_43 effect=MOKA_GRASPED rep=4 success=False
PHASE3_REPLAY_CELL split=formal task=stove_moka episode=demo_44 effect=MOKA_GRASPED rep=0 success=False
PHASE3_REPLAY_CELL split=formal task=stove_moka episode=demo_44 effect=MOKA_GRASPED rep=1 success=False
PHASE3_REPLAY_CELL split=formal task=stove_moka episode=demo_44 effect=MOKA_GRASPED rep=2 success=False
PHASE3_REPLAY_CELL split=formal task=stove_moka episode=demo_44 effect=MOKA_GRASPED rep=3 success=False
PHASE3_REPLAY_CELL split=formal task=stove_moka episode=demo_44 effect=MOKA_GRASPED rep=4 success=False
PHASE3_REPLAY_CELL split=formal task=stove_moka episode=demo_45 effect=MOKA_GRASPED rep=0 success=True
PHASE3_REPLAY_CELL split=formal task=stove_moka episode=demo_45 effect=MOKA_GRASPED rep=1 success=True
PHASE3_REPLAY_CELL split=formal task=stove_moka episode=demo_45 effect=MOKA_GRASPED rep=2 success=True
PHASE3_REPLAY_CELL split=formal task=stove_moka episode=demo_45 effect=MOKA_GRASPED rep=3 success=True
PHASE3_REPLAY_CELL split=formal task=stove_moka episode=demo_45 effect=MOKA_GRASPED rep=4 success=True
PHASE3_REPLAY_CELL split=formal task=stove_moka episode=demo_46 effect=MOKA_GRASPED rep=0 success=True
PHASE3_REPLAY_CELL split=formal task=stove_moka episode=demo_46 effect=MOKA_GRASPED rep=1 success=True
PHASE3_REPLAY_CELL split=formal task=stove_moka episode=demo_46 effect=MOKA_GRASPED rep=2 success=False
PHASE3_REPLAY_CELL split=formal task=stove_moka episode=demo_46 effect=MOKA_GRASPED rep=3 success=True
PHASE3_REPLAY_CELL split=formal task=stove_moka episode=demo_46 effect=MOKA_GRASPED rep=4 success=False
PHASE3_REPLAY_CELL split=formal task=stove_moka episode=demo_47 effect=MOKA_GRASPED rep=0 success=True
PHASE3_REPLAY_CELL split=formal task=stove_moka episode=demo_47 effect=MOKA_GRASPED rep=1 success=False
PHASE3_REPLAY_CELL split=formal task=stove_moka episode=demo_47 effect=MOKA_GRASPED rep=2 success=False
PHASE3_REPLAY_CELL split=formal task=stove_moka episode=demo_47 effect=MOKA_GRASPED rep=3 success=True
PHASE3_REPLAY_CELL split=formal task=stove_moka episode=demo_47 effect=MOKA_GRASPED rep=4 success=True
PHASE3_REPLAY_CELL split=formal task=stove_moka episode=demo_48 effect=MOKA_GRASPED rep=0 success=True
PHASE3_REPLAY_CELL split=formal task=stove_moka episode=demo_48 effect=MOKA_GRASPED rep=1 success=True
PHASE3_REPLAY_CELL split=formal task=stove_moka episode=demo_48 effect=MOKA_GRASPED rep=2 success=True
PHASE3_REPLAY_CELL split=formal task=stove_moka episode=demo_48 effect=MOKA_GRASPED rep=3 success=True
PHASE3_REPLAY_CELL split=formal task=stove_moka episode=demo_48 effect=MOKA_GRASPED rep=4 success=True
PHASE3_REPLAY_CELL split=formal task=stove_moka episode=demo_49 effect=MOKA_GRASPED rep=0 success=True
PHASE3_REPLAY_CELL split=formal task=stove_moka episode=demo_49 effect=MOKA_GRASPED rep=1 success=True
PHASE3_REPLAY_CELL split=formal task=stove_moka episode=demo_49 effect=MOKA_GRASPED rep=2 success=True
PHASE3_REPLAY_CELL split=formal task=stove_moka episode=demo_49 effect=MOKA_GRASPED rep=3 success=True
PHASE3_REPLAY_CELL split=formal task=stove_moka episode=demo_49 effect=MOKA_GRASPED rep=4 success=True
PHASE3_REPLAY_CELL split=formal task=stove_moka episode=demo_40 effect=MOKA_ON_STOVE rep=0 success=True
PHASE3_REPLAY_CELL split=formal task=stove_moka episode=demo_40 effect=MOKA_ON_STOVE rep=1 success=True
PHASE3_REPLAY_CELL split=formal task=stove_moka episode=demo_40 effect=MOKA_ON_STOVE rep=2 success=True
PHASE3_REPLAY_CELL split=formal task=stove_moka episode=demo_40 effect=MOKA_ON_STOVE rep=3 success=True
PHASE3_REPLAY_CELL split=formal task=stove_moka episode=demo_40 effect=MOKA_ON_STOVE rep=4 success=True
PHASE3_REPLAY_CELL split=formal task=stove_moka episode=demo_41 effect=MOKA_ON_STOVE rep=0 success=True
PHASE3_REPLAY_CELL split=formal task=stove_moka episode=demo_41 effect=MOKA_ON_STOVE rep=1 success=False
PHASE3_REPLAY_CELL split=formal task=stove_moka episode=demo_41 effect=MOKA_ON_STOVE rep=2 success=False
PHASE3_REPLAY_CELL split=formal task=stove_moka episode=demo_41 effect=MOKA_ON_STOVE rep=3 success=False
PHASE3_REPLAY_CELL split=formal task=stove_moka episode=demo_41 effect=MOKA_ON_STOVE rep=4 success=False
PHASE3_REPLAY_CELL split=formal task=stove_moka episode=demo_42 effect=MOKA_ON_STOVE rep=0 success=False
PHASE3_REPLAY_CELL split=formal task=stove_moka episode=demo_42 effect=MOKA_ON_STOVE rep=1 success=True
PHASE3_REPLAY_CELL split=formal task=stove_moka episode=demo_42 effect=MOKA_ON_STOVE rep=2 success=True
PHASE3_REPLAY_CELL split=formal task=stove_moka episode=demo_42 effect=MOKA_ON_STOVE rep=3 success=True
PHASE3_REPLAY_CELL split=formal task=stove_moka episode=demo_42 effect=MOKA_ON_STOVE rep=4 success=True
PHASE3_REPLAY_CELL split=formal task=stove_moka episode=demo_43 effect=MOKA_ON_STOVE rep=0 success=False
PHASE3_REPLAY_CELL split=formal task=stove_moka episode=demo_43 effect=MOKA_ON_STOVE rep=1 success=False
PHASE3_REPLAY_CELL split=formal task=stove_moka episode=demo_43 effect=MOKA_ON_STOVE rep=2 success=False
PHASE3_REPLAY_CELL split=formal task=stove_moka episode=demo_43 effect=MOKA_ON_STOVE rep=3 success=False
PHASE3_REPLAY_CELL split=formal task=stove_moka episode=demo_43 effect=MOKA_ON_STOVE rep=4 success=False
PHASE3_REPLAY_CELL split=formal task=stove_moka episode=demo_44 effect=MOKA_ON_STOVE rep=0 success=False
PHASE3_REPLAY_CELL split=formal task=stove_moka episode=demo_44 effect=MOKA_ON_STOVE rep=1 success=False
PHASE3_REPLAY_CELL split=formal task=stove_moka episode=demo_44 effect=MOKA_ON_STOVE rep=2 success=False
PHASE3_REPLAY_CELL split=formal task=stove_moka episode=demo_44 effect=MOKA_ON_STOVE rep=3 success=False
PHASE3_REPLAY_CELL split=formal task=stove_moka episode=demo_44 effect=MOKA_ON_STOVE rep=4 success=False
PHASE3_REPLAY_CELL split=formal task=stove_moka episode=demo_45 effect=MOKA_ON_STOVE rep=0 success=False
PHASE3_REPLAY_CELL split=formal task=stove_moka episode=demo_45 effect=MOKA_ON_STOVE rep=1 success=True
PHASE3_REPLAY_CELL split=formal task=stove_moka episode=demo_45 effect=MOKA_ON_STOVE rep=2 success=True
PHASE3_REPLAY_CELL split=formal task=stove_moka episode=demo_45 effect=MOKA_ON_STOVE rep=3 success=True
PHASE3_REPLAY_CELL split=formal task=stove_moka episode=demo_45 effect=MOKA_ON_STOVE rep=4 success=True
PHASE3_REPLAY_CELL split=formal task=stove_moka episode=demo_46 effect=MOKA_ON_STOVE rep=0 success=True
PHASE3_REPLAY_CELL split=formal task=stove_moka episode=demo_46 effect=MOKA_ON_STOVE rep=1 success=True
PHASE3_REPLAY_CELL split=formal task=stove_moka episode=demo_46 effect=MOKA_ON_STOVE rep=2 success=True
PHASE3_REPLAY_CELL split=formal task=stove_moka episode=demo_46 effect=MOKA_ON_STOVE rep=3 success=True
PHASE3_REPLAY_CELL split=formal task=stove_moka episode=demo_46 effect=MOKA_ON_STOVE rep=4 success=True
PHASE3_REPLAY_CELL split=formal task=stove_moka episode=demo_47 effect=MOKA_ON_STOVE rep=0 success=False
PHASE3_REPLAY_CELL split=formal task=stove_moka episode=demo_47 effect=MOKA_ON_STOVE rep=1 success=True
PHASE3_REPLAY_CELL split=formal task=stove_moka episode=demo_47 effect=MOKA_ON_STOVE rep=2 success=True
PHASE3_REPLAY_CELL split=formal task=stove_moka episode=demo_47 effect=MOKA_ON_STOVE rep=3 success=True
PHASE3_REPLAY_CELL split=formal task=stove_moka episode=demo_47 effect=MOKA_ON_STOVE rep=4 success=True
PHASE3_REPLAY_CELL split=formal task=stove_moka episode=demo_48 effect=MOKA_ON_STOVE rep=0 success=True
PHASE3_REPLAY_CELL split=formal task=stove_moka episode=demo_48 effect=MOKA_ON_STOVE rep=1 success=True
PHASE3_REPLAY_CELL split=formal task=stove_moka episode=demo_48 effect=MOKA_ON_STOVE rep=2 success=True
PHASE3_REPLAY_CELL split=formal task=stove_moka episode=demo_48 effect=MOKA_ON_STOVE rep=3 success=True
PHASE3_REPLAY_CELL split=formal task=stove_moka episode=demo_48 effect=MOKA_ON_STOVE rep=4 success=True
PHASE3_REPLAY_CELL split=formal task=stove_moka episode=demo_49 effect=MOKA_ON_STOVE rep=0 success=True
PHASE3_REPLAY_CELL split=formal task=stove_moka episode=demo_49 effect=MOKA_ON_STOVE rep=1 success=True
PHASE3_REPLAY_CELL split=formal task=stove_moka episode=demo_49 effect=MOKA_ON_STOVE rep=2 success=True
PHASE3_REPLAY_CELL split=formal task=stove_moka episode=demo_49 effect=MOKA_ON_STOVE rep=3 success=True
PHASE3_REPLAY_CELL split=formal task=stove_moka episode=demo_49 effect=MOKA_ON_STOVE rep=4 success=True
PHASE3_REPLAY_CELL split=formal task=bowl_drawer episode=demo_40 effect=BOWL_GRASPED rep=0 success=False
PHASE3_REPLAY_CELL split=formal task=bowl_drawer episode=demo_40 effect=BOWL_GRASPED rep=1 success=False
PHASE3_REPLAY_CELL split=formal task=bowl_drawer episode=demo_40 effect=BOWL_GRASPED rep=2 success=False
PHASE3_REPLAY_CELL split=formal task=bowl_drawer episode=demo_40 effect=BOWL_GRASPED rep=3 success=False
PHASE3_REPLAY_CELL split=formal task=bowl_drawer episode=demo_40 effect=BOWL_GRASPED rep=4 success=False
PHASE3_REPLAY_CELL split=formal task=bowl_drawer episode=demo_41 effect=BOWL_GRASPED rep=0 success=True
PHASE3_REPLAY_CELL split=formal task=bowl_drawer episode=demo_41 effect=BOWL_GRASPED rep=1 success=True
PHASE3_REPLAY_CELL split=formal task=bowl_drawer episode=demo_41 effect=BOWL_GRASPED rep=2 success=True
PHASE3_REPLAY_CELL split=formal task=bowl_drawer episode=demo_41 effect=BOWL_GRASPED rep=3 success=True
PHASE3_REPLAY_CELL split=formal task=bowl_drawer episode=demo_41 effect=BOWL_GRASPED rep=4 success=True
PHASE3_REPLAY_CELL split=formal task=bowl_drawer episode=demo_42 effect=BOWL_GRASPED rep=0 success=True
PHASE3_REPLAY_CELL split=formal task=bowl_drawer episode=demo_42 effect=BOWL_GRASPED rep=1 success=True
PHASE3_REPLAY_CELL split=formal task=bowl_drawer episode=demo_42 effect=BOWL_GRASPED rep=2 success=True
PHASE3_REPLAY_CELL split=formal task=bowl_drawer episode=demo_42 effect=BOWL_GRASPED rep=3 success=True
PHASE3_REPLAY_CELL split=formal task=bowl_drawer episode=demo_42 effect=BOWL_GRASPED rep=4 success=True
PHASE3_REPLAY_CELL split=formal task=bowl_drawer episode=demo_43 effect=BOWL_GRASPED rep=0 success=True
PHASE3_REPLAY_CELL split=formal task=bowl_drawer episode=demo_43 effect=BOWL_GRASPED rep=1 success=True
PHASE3_REPLAY_CELL split=formal task=bowl_drawer episode=demo_43 effect=BOWL_GRASPED rep=2 success=True
PHASE3_REPLAY_CELL split=formal task=bowl_drawer episode=demo_43 effect=BOWL_GRASPED rep=3 success=True
PHASE3_REPLAY_CELL split=formal task=bowl_drawer episode=demo_43 effect=BOWL_GRASPED rep=4 success=True
PHASE3_REPLAY_CELL split=formal task=bowl_drawer episode=demo_44 effect=BOWL_GRASPED rep=0 success=True
PHASE3_REPLAY_CELL split=formal task=bowl_drawer episode=demo_44 effect=BOWL_GRASPED rep=1 success=True
PHASE3_REPLAY_CELL split=formal task=bowl_drawer episode=demo_44 effect=BOWL_GRASPED rep=2 success=True
PHASE3_REPLAY_CELL split=formal task=bowl_drawer episode=demo_44 effect=BOWL_GRASPED rep=3 success=True
PHASE3_REPLAY_CELL split=formal task=bowl_drawer episode=demo_44 effect=BOWL_GRASPED rep=4 success=True
PHASE3_REPLAY_CELL split=formal task=bowl_drawer episode=demo_45 effect=BOWL_GRASPED rep=0 success=False
PHASE3_REPLAY_CELL split=formal task=bowl_drawer episode=demo_45 effect=BOWL_GRASPED rep=1 success=False
PHASE3_REPLAY_CELL split=formal task=bowl_drawer episode=demo_45 effect=BOWL_GRASPED rep=2 success=False
PHASE3_REPLAY_CELL split=formal task=bowl_drawer episode=demo_45 effect=BOWL_GRASPED rep=3 success=False
PHASE3_REPLAY_CELL split=formal task=bowl_drawer episode=demo_45 effect=BOWL_GRASPED rep=4 success=False
PHASE3_REPLAY_CELL split=formal task=bowl_drawer episode=demo_46 effect=BOWL_GRASPED rep=0 success=True
PHASE3_REPLAY_CELL split=formal task=bowl_drawer episode=demo_46 effect=BOWL_GRASPED rep=1 success=True
PHASE3_REPLAY_CELL split=formal task=bowl_drawer episode=demo_46 effect=BOWL_GRASPED rep=2 success=True
PHASE3_REPLAY_CELL split=formal task=bowl_drawer episode=demo_46 effect=BOWL_GRASPED rep=3 success=True
PHASE3_REPLAY_CELL split=formal task=bowl_drawer episode=demo_46 effect=BOWL_GRASPED rep=4 success=True
PHASE3_REPLAY_CELL split=formal task=bowl_drawer episode=demo_47 effect=BOWL_GRASPED rep=0 success=True
PHASE3_REPLAY_CELL split=formal task=bowl_drawer episode=demo_47 effect=BOWL_GRASPED rep=1 success=True
PHASE3_REPLAY_CELL split=formal task=bowl_drawer episode=demo_47 effect=BOWL_GRASPED rep=2 success=True
PHASE3_REPLAY_CELL split=formal task=bowl_drawer episode=demo_47 effect=BOWL_GRASPED rep=3 success=True
PHASE3_REPLAY_CELL split=formal task=bowl_drawer episode=demo_47 effect=BOWL_GRASPED rep=4 success=True
PHASE3_REPLAY_CELL split=formal task=bowl_drawer episode=demo_48 effect=BOWL_GRASPED rep=0 success=False
PHASE3_REPLAY_CELL split=formal task=bowl_drawer episode=demo_48 effect=BOWL_GRASPED rep=1 success=False
PHASE3_REPLAY_CELL split=formal task=bowl_drawer episode=demo_48 effect=BOWL_GRASPED rep=2 success=False
PHASE3_REPLAY_CELL split=formal task=bowl_drawer episode=demo_48 effect=BOWL_GRASPED rep=3 success=False
PHASE3_REPLAY_CELL split=formal task=bowl_drawer episode=demo_48 effect=BOWL_GRASPED rep=4 success=False
PHASE3_REPLAY_CELL split=formal task=bowl_drawer episode=demo_49 effect=BOWL_GRASPED rep=0 success=True
PHASE3_REPLAY_CELL split=formal task=bowl_drawer episode=demo_49 effect=BOWL_GRASPED rep=1 success=True
PHASE3_REPLAY_CELL split=formal task=bowl_drawer episode=demo_49 effect=BOWL_GRASPED rep=2 success=True
PHASE3_REPLAY_CELL split=formal task=bowl_drawer episode=demo_49 effect=BOWL_GRASPED rep=3 success=True
PHASE3_REPLAY_CELL split=formal task=bowl_drawer episode=demo_49 effect=BOWL_GRASPED rep=4 success=True
PHASE3_REPLAY_CELL split=formal task=bowl_drawer episode=demo_40 effect=BOWL_IN_BOTTOM_DRAWER rep=0 success=False
PHASE3_REPLAY_CELL split=formal task=bowl_drawer episode=demo_40 effect=BOWL_IN_BOTTOM_DRAWER rep=1 success=False
PHASE3_REPLAY_CELL split=formal task=bowl_drawer episode=demo_40 effect=BOWL_IN_BOTTOM_DRAWER rep=2 success=False
PHASE3_REPLAY_CELL split=formal task=bowl_drawer episode=demo_40 effect=BOWL_IN_BOTTOM_DRAWER rep=3 success=False
PHASE3_REPLAY_CELL split=formal task=bowl_drawer episode=demo_40 effect=BOWL_IN_BOTTOM_DRAWER rep=4 success=False
PHASE3_REPLAY_CELL split=formal task=bowl_drawer episode=demo_41 effect=BOWL_IN_BOTTOM_DRAWER rep=0 success=True
PHASE3_REPLAY_CELL split=formal task=bowl_drawer episode=demo_41 effect=BOWL_IN_BOTTOM_DRAWER rep=1 success=True
PHASE3_REPLAY_CELL split=formal task=bowl_drawer episode=demo_41 effect=BOWL_IN_BOTTOM_DRAWER rep=2 success=True
PHASE3_REPLAY_CELL split=formal task=bowl_drawer episode=demo_41 effect=BOWL_IN_BOTTOM_DRAWER rep=3 success=True
PHASE3_REPLAY_CELL split=formal task=bowl_drawer episode=demo_41 effect=BOWL_IN_BOTTOM_DRAWER rep=4 success=True
PHASE3_REPLAY_CELL split=formal task=bowl_drawer episode=demo_42 effect=BOWL_IN_BOTTOM_DRAWER rep=0 success=False
PHASE3_REPLAY_CELL split=formal task=bowl_drawer episode=demo_42 effect=BOWL_IN_BOTTOM_DRAWER rep=1 success=True
PHASE3_REPLAY_CELL split=formal task=bowl_drawer episode=demo_42 effect=BOWL_IN_BOTTOM_DRAWER rep=2 success=False
PHASE3_REPLAY_CELL split=formal task=bowl_drawer episode=demo_42 effect=BOWL_IN_BOTTOM_DRAWER rep=3 success=False
PHASE3_REPLAY_CELL split=formal task=bowl_drawer episode=demo_42 effect=BOWL_IN_BOTTOM_DRAWER rep=4 success=False
PHASE3_REPLAY_CELL split=formal task=bowl_drawer episode=demo_43 effect=BOWL_IN_BOTTOM_DRAWER rep=0 success=True
PHASE3_REPLAY_CELL split=formal task=bowl_drawer episode=demo_43 effect=BOWL_IN_BOTTOM_DRAWER rep=1 success=False
PHASE3_REPLAY_CELL split=formal task=bowl_drawer episode=demo_43 effect=BOWL_IN_BOTTOM_DRAWER rep=2 success=True
PHASE3_REPLAY_CELL split=formal task=bowl_drawer episode=demo_43 effect=BOWL_IN_BOTTOM_DRAWER rep=3 success=True
PHASE3_REPLAY_CELL split=formal task=bowl_drawer episode=demo_43 effect=BOWL_IN_BOTTOM_DRAWER rep=4 success=True
PHASE3_REPLAY_CELL split=formal task=bowl_drawer episode=demo_44 effect=BOWL_IN_BOTTOM_DRAWER rep=0 success=True
PHASE3_REPLAY_CELL split=formal task=bowl_drawer episode=demo_44 effect=BOWL_IN_BOTTOM_DRAWER rep=1 success=False
PHASE3_REPLAY_CELL split=formal task=bowl_drawer episode=demo_44 effect=BOWL_IN_BOTTOM_DRAWER rep=2 success=True
PHASE3_REPLAY_CELL split=formal task=bowl_drawer episode=demo_44 effect=BOWL_IN_BOTTOM_DRAWER rep=3 success=True
PHASE3_REPLAY_CELL split=formal task=bowl_drawer episode=demo_44 effect=BOWL_IN_BOTTOM_DRAWER rep=4 success=True
PHASE3_REPLAY_CELL split=formal task=bowl_drawer episode=demo_45 effect=BOWL_IN_BOTTOM_DRAWER rep=0 success=True
PHASE3_REPLAY_CELL split=formal task=bowl_drawer episode=demo_45 effect=BOWL_IN_BOTTOM_DRAWER rep=1 success=False
PHASE3_REPLAY_CELL split=formal task=bowl_drawer episode=demo_45 effect=BOWL_IN_BOTTOM_DRAWER rep=2 success=True
PHASE3_REPLAY_CELL split=formal task=bowl_drawer episode=demo_45 effect=BOWL_IN_BOTTOM_DRAWER rep=3 success=True
PHASE3_REPLAY_CELL split=formal task=bowl_drawer episode=demo_45 effect=BOWL_IN_BOTTOM_DRAWER rep=4 success=True
PHASE3_REPLAY_CELL split=formal task=bowl_drawer episode=demo_46 effect=BOWL_IN_BOTTOM_DRAWER rep=0 success=True
PHASE3_REPLAY_CELL split=formal task=bowl_drawer episode=demo_46 effect=BOWL_IN_BOTTOM_DRAWER rep=1 success=True
PHASE3_REPLAY_CELL split=formal task=bowl_drawer episode=demo_46 effect=BOWL_IN_BOTTOM_DRAWER rep=2 success=True
PHASE3_REPLAY_CELL split=formal task=bowl_drawer episode=demo_46 effect=BOWL_IN_BOTTOM_DRAWER rep=3 success=True
PHASE3_REPLAY_CELL split=formal task=bowl_drawer episode=demo_46 effect=BOWL_IN_BOTTOM_DRAWER rep=4 success=True
PHASE3_REPLAY_CELL split=formal task=bowl_drawer episode=demo_47 effect=BOWL_IN_BOTTOM_DRAWER rep=0 success=False
PHASE3_REPLAY_CELL split=formal task=bowl_drawer episode=demo_47 effect=BOWL_IN_BOTTOM_DRAWER rep=1 success=True
PHASE3_REPLAY_CELL split=formal task=bowl_drawer episode=demo_47 effect=BOWL_IN_BOTTOM_DRAWER rep=2 success=False
PHASE3_REPLAY_CELL split=formal task=bowl_drawer episode=demo_47 effect=BOWL_IN_BOTTOM_DRAWER rep=3 success=False
PHASE3_REPLAY_CELL split=formal task=bowl_drawer episode=demo_47 effect=BOWL_IN_BOTTOM_DRAWER rep=4 success=False
PHASE3_REPLAY_CELL split=formal task=bowl_drawer episode=demo_48 effect=BOWL_IN_BOTTOM_DRAWER rep=0 success=True
PHASE3_REPLAY_CELL split=formal task=bowl_drawer episode=demo_48 effect=BOWL_IN_BOTTOM_DRAWER rep=1 success=False
PHASE3_REPLAY_CELL split=formal task=bowl_drawer episode=demo_48 effect=BOWL_IN_BOTTOM_DRAWER rep=2 success=False
PHASE3_REPLAY_CELL split=formal task=bowl_drawer episode=demo_48 effect=BOWL_IN_BOTTOM_DRAWER rep=3 success=False
PHASE3_REPLAY_CELL split=formal task=bowl_drawer episode=demo_48 effect=BOWL_IN_BOTTOM_DRAWER rep=4 success=False
PHASE3_REPLAY_CELL split=formal task=bowl_drawer episode=demo_49 effect=BOWL_IN_BOTTOM_DRAWER rep=0 success=False
PHASE3_REPLAY_CELL split=formal task=bowl_drawer episode=demo_49 effect=BOWL_IN_BOTTOM_DRAWER rep=1 success=True
PHASE3_REPLAY_CELL split=formal task=bowl_drawer episode=demo_49 effect=BOWL_IN_BOTTOM_DRAWER rep=2 success=True
PHASE3_REPLAY_CELL split=formal task=bowl_drawer episode=demo_49 effect=BOWL_IN_BOTTOM_DRAWER rep=3 success=True
PHASE3_REPLAY_CELL split=formal task=bowl_drawer episode=demo_49 effect=BOWL_IN_BOTTOM_DRAWER rep=4 success=True
PHASE3_REPLAY_CELL split=formal task=bowl_drawer episode=demo_40 effect=BOWL_RELEASED_IN_DRAWER rep=0 success=False
PHASE3_REPLAY_CELL split=formal task=bowl_drawer episode=demo_40 effect=BOWL_RELEASED_IN_DRAWER rep=1 success=False
PHASE3_REPLAY_CELL split=formal task=bowl_drawer episode=demo_40 effect=BOWL_RELEASED_IN_DRAWER rep=2 success=False
PHASE3_REPLAY_CELL split=formal task=bowl_drawer episode=demo_40 effect=BOWL_RELEASED_IN_DRAWER rep=3 success=False
PHASE3_REPLAY_CELL split=formal task=bowl_drawer episode=demo_40 effect=BOWL_RELEASED_IN_DRAWER rep=4 success=False
PHASE3_REPLAY_CELL split=formal task=bowl_drawer episode=demo_41 effect=BOWL_RELEASED_IN_DRAWER rep=0 success=False
PHASE3_REPLAY_CELL split=formal task=bowl_drawer episode=demo_41 effect=BOWL_RELEASED_IN_DRAWER rep=1 success=True
PHASE3_REPLAY_CELL split=formal task=bowl_drawer episode=demo_41 effect=BOWL_RELEASED_IN_DRAWER rep=2 success=True
PHASE3_REPLAY_CELL split=formal task=bowl_drawer episode=demo_41 effect=BOWL_RELEASED_IN_DRAWER rep=3 success=True
PHASE3_REPLAY_CELL split=formal task=bowl_drawer episode=demo_41 effect=BOWL_RELEASED_IN_DRAWER rep=4 success=True
PHASE3_REPLAY_CELL split=formal task=bowl_drawer episode=demo_42 effect=BOWL_RELEASED_IN_DRAWER rep=0 success=True
PHASE3_REPLAY_CELL split=formal task=bowl_drawer episode=demo_42 effect=BOWL_RELEASED_IN_DRAWER rep=1 success=True
PHASE3_REPLAY_CELL split=formal task=bowl_drawer episode=demo_42 effect=BOWL_RELEASED_IN_DRAWER rep=2 success=True
PHASE3_REPLAY_CELL split=formal task=bowl_drawer episode=demo_42 effect=BOWL_RELEASED_IN_DRAWER rep=3 success=True
PHASE3_REPLAY_CELL split=formal task=bowl_drawer episode=demo_42 effect=BOWL_RELEASED_IN_DRAWER rep=4 success=True
PHASE3_REPLAY_CELL split=formal task=bowl_drawer episode=demo_43 effect=BOWL_RELEASED_IN_DRAWER rep=0 success=True
PHASE3_REPLAY_CELL split=formal task=bowl_drawer episode=demo_43 effect=BOWL_RELEASED_IN_DRAWER rep=1 success=True
PHASE3_REPLAY_CELL split=formal task=bowl_drawer episode=demo_43 effect=BOWL_RELEASED_IN_DRAWER rep=2 success=True
PHASE3_REPLAY_CELL split=formal task=bowl_drawer episode=demo_43 effect=BOWL_RELEASED_IN_DRAWER rep=3 success=True
PHASE3_REPLAY_CELL split=formal task=bowl_drawer episode=demo_43 effect=BOWL_RELEASED_IN_DRAWER rep=4 success=True
PHASE3_REPLAY_CELL split=formal task=bowl_drawer episode=demo_44 effect=BOWL_RELEASED_IN_DRAWER rep=0 success=False
PHASE3_REPLAY_CELL split=formal task=bowl_drawer episode=demo_44 effect=BOWL_RELEASED_IN_DRAWER rep=1 success=False
PHASE3_REPLAY_CELL split=formal task=bowl_drawer episode=demo_44 effect=BOWL_RELEASED_IN_DRAWER rep=2 success=False
PHASE3_REPLAY_CELL split=formal task=bowl_drawer episode=demo_44 effect=BOWL_RELEASED_IN_DRAWER rep=3 success=False
PHASE3_REPLAY_CELL split=formal task=bowl_drawer episode=demo_44 effect=BOWL_RELEASED_IN_DRAWER rep=4 success=False
PHASE3_REPLAY_CELL split=formal task=bowl_drawer episode=demo_45 effect=BOWL_RELEASED_IN_DRAWER rep=0 success=True
PHASE3_REPLAY_CELL split=formal task=bowl_drawer episode=demo_45 effect=BOWL_RELEASED_IN_DRAWER rep=1 success=True
PHASE3_REPLAY_CELL split=formal task=bowl_drawer episode=demo_45 effect=BOWL_RELEASED_IN_DRAWER rep=2 success=True
PHASE3_REPLAY_CELL split=formal task=bowl_drawer episode=demo_45 effect=BOWL_RELEASED_IN_DRAWER rep=3 success=True
PHASE3_REPLAY_CELL split=formal task=bowl_drawer episode=demo_45 effect=BOWL_RELEASED_IN_DRAWER rep=4 success=True
PHASE3_REPLAY_CELL split=formal task=bowl_drawer episode=demo_46 effect=BOWL_RELEASED_IN_DRAWER rep=0 success=True
PHASE3_REPLAY_CELL split=formal task=bowl_drawer episode=demo_46 effect=BOWL_RELEASED_IN_DRAWER rep=1 success=True
PHASE3_REPLAY_CELL split=formal task=bowl_drawer episode=demo_46 effect=BOWL_RELEASED_IN_DRAWER rep=2 success=True
PHASE3_REPLAY_CELL split=formal task=bowl_drawer episode=demo_46 effect=BOWL_RELEASED_IN_DRAWER rep=3 success=True
PHASE3_REPLAY_CELL split=formal task=bowl_drawer episode=demo_46 effect=BOWL_RELEASED_IN_DRAWER rep=4 success=True
PHASE3_REPLAY_CELL split=formal task=bowl_drawer episode=demo_47 effect=BOWL_RELEASED_IN_DRAWER rep=0 success=False
PHASE3_REPLAY_CELL split=formal task=bowl_drawer episode=demo_47 effect=BOWL_RELEASED_IN_DRAWER rep=1 success=False
PHASE3_REPLAY_CELL split=formal task=bowl_drawer episode=demo_47 effect=BOWL_RELEASED_IN_DRAWER rep=2 success=False
PHASE3_REPLAY_CELL split=formal task=bowl_drawer episode=demo_47 effect=BOWL_RELEASED_IN_DRAWER rep=3 success=False
PHASE3_REPLAY_CELL split=formal task=bowl_drawer episode=demo_47 effect=BOWL_RELEASED_IN_DRAWER rep=4 success=False
PHASE3_REPLAY_CELL split=formal task=bowl_drawer episode=demo_48 effect=BOWL_RELEASED_IN_DRAWER rep=0 success=False
PHASE3_REPLAY_CELL split=formal task=bowl_drawer episode=demo_48 effect=BOWL_RELEASED_IN_DRAWER rep=1 success=False
PHASE3_REPLAY_CELL split=formal task=bowl_drawer episode=demo_48 effect=BOWL_RELEASED_IN_DRAWER rep=2 success=False
PHASE3_REPLAY_CELL split=formal task=bowl_drawer episode=demo_48 effect=BOWL_RELEASED_IN_DRAWER rep=3 success=False
PHASE3_REPLAY_CELL split=formal task=bowl_drawer episode=demo_48 effect=BOWL_RELEASED_IN_DRAWER rep=4 success=False
PHASE3_REPLAY_CELL split=formal task=bowl_drawer episode=demo_49 effect=BOWL_RELEASED_IN_DRAWER rep=0 success=True
PHASE3_REPLAY_CELL split=formal task=bowl_drawer episode=demo_49 effect=BOWL_RELEASED_IN_DRAWER rep=1 success=True
PHASE3_REPLAY_CELL split=formal task=bowl_drawer episode=demo_49 effect=BOWL_RELEASED_IN_DRAWER rep=2 success=True
PHASE3_REPLAY_CELL split=formal task=bowl_drawer episode=demo_49 effect=BOWL_RELEASED_IN_DRAWER rep=3 success=True
PHASE3_REPLAY_CELL split=formal task=bowl_drawer episode=demo_49 effect=BOWL_RELEASED_IN_DRAWER rep=4 success=True
PHASE3_MATRIX_CELL chain=S2_MOKA_GRASP_TO_ON_STOVE episode=demo_30 condition=C0 arm=B2_COMMAND_PROGRESS success=True failure=None
PHASE3_MATRIX_CELL chain=S2_MOKA_GRASP_TO_ON_STOVE episode=demo_30 condition=C0 arm=B3_MONOLITHIC success=True failure=None
PHASE3_MATRIX_CELL chain=S2_MOKA_GRASP_TO_ON_STOVE episode=demo_30 condition=C0 arm=POSTCHECK_RECOVERY success=True failure=None
PHASE3_MATRIX_CELL chain=S2_MOKA_GRASP_TO_ON_STOVE episode=demo_30 condition=C0 arm=PERSISTENCE_RECOVERY success=True failure=None
PHASE3_MATRIX_CELL chain=S2_MOKA_GRASP_TO_ON_STOVE episode=demo_30 condition=C0 arm=TYPED_MATCHED_RECOVERY success=True failure=None
PHASE3_MATRIX_CELL chain=S2_MOKA_GRASP_TO_ON_STOVE episode=demo_30 condition=C0 arm=B6_FULL success=True failure=None
PHASE3_MATRIX_CELL chain=S2_MOKA_GRASP_TO_ON_STOVE episode=demo_30 condition=C3 arm=B2_COMMAND_PROGRESS success=False failure=PREMATURE_ADVANCE
PHASE3_MATRIX_CELL chain=S2_MOKA_GRASP_TO_ON_STOVE episode=demo_30 condition=C3 arm=B3_MONOLITHIC success=False failure=PREMATURE_ADVANCE
PHASE3_MATRIX_CELL chain=S2_MOKA_GRASP_TO_ON_STOVE episode=demo_30 condition=C3 arm=POSTCHECK_RECOVERY success=True failure=None
PHASE3_MATRIX_CELL chain=S2_MOKA_GRASP_TO_ON_STOVE episode=demo_30 condition=C3 arm=PERSISTENCE_RECOVERY success=False failure=TIMEOUT
PHASE3_MATRIX_CELL chain=S2_MOKA_GRASP_TO_ON_STOVE episode=demo_30 condition=C3 arm=TYPED_MATCHED_RECOVERY success=True failure=None
PHASE3_MATRIX_CELL chain=S2_MOKA_GRASP_TO_ON_STOVE episode=demo_30 condition=C3 arm=B6_FULL success=True failure=None
PHASE3_MATRIX_CELL chain=S2_MOKA_GRASP_TO_ON_STOVE episode=demo_40 condition=C0 arm=B2_COMMAND_PROGRESS success=True failure=None
PHASE3_MATRIX_CELL chain=S2_MOKA_GRASP_TO_ON_STOVE episode=demo_40 condition=C0 arm=B3_MONOLITHIC success=True failure=None
PHASE3_MATRIX_CELL chain=S2_MOKA_GRASP_TO_ON_STOVE episode=demo_40 condition=C0 arm=POSTCHECK_RECOVERY success=True failure=None
PHASE3_MATRIX_CELL chain=S2_MOKA_GRASP_TO_ON_STOVE episode=demo_40 condition=C0 arm=PERSISTENCE_RECOVERY success=True failure=None
PHASE3_MATRIX_CELL chain=S2_MOKA_GRASP_TO_ON_STOVE episode=demo_40 condition=C0 arm=TYPED_MATCHED_RECOVERY success=True failure=None
PHASE3_MATRIX_CELL chain=S2_MOKA_GRASP_TO_ON_STOVE episode=demo_40 condition=C0 arm=B6_FULL success=True failure=None
PHASE3_MATRIX_CELL chain=S2_MOKA_GRASP_TO_ON_STOVE episode=demo_40 condition=C1 arm=B2_COMMAND_PROGRESS success=False failure=PREMATURE_ADVANCE
PHASE3_MATRIX_CELL chain=S2_MOKA_GRASP_TO_ON_STOVE episode=demo_40 condition=C1 arm=B3_MONOLITHIC success=False failure=PREMATURE_ADVANCE
PHASE3_MATRIX_CELL chain=S2_MOKA_GRASP_TO_ON_STOVE episode=demo_40 condition=C1 arm=POSTCHECK_RECOVERY success=True failure=None
PHASE3_MATRIX_CELL chain=S2_MOKA_GRASP_TO_ON_STOVE episode=demo_40 condition=C1 arm=PERSISTENCE_RECOVERY success=False failure=TIMEOUT
PHASE3_MATRIX_CELL chain=S2_MOKA_GRASP_TO_ON_STOVE episode=demo_40 condition=C1 arm=TYPED_MATCHED_RECOVERY success=True failure=None
PHASE3_MATRIX_CELL chain=S2_MOKA_GRASP_TO_ON_STOVE episode=demo_40 condition=C1 arm=B6_FULL success=True failure=None
PHASE3_MATRIX_CELL chain=S2_MOKA_GRASP_TO_ON_STOVE episode=demo_40 condition=C3 arm=B2_COMMAND_PROGRESS success=False failure=PREMATURE_ADVANCE
PHASE3_MATRIX_CELL chain=S2_MOKA_GRASP_TO_ON_STOVE episode=demo_40 condition=C3 arm=B3_MONOLITHIC success=False failure=PREMATURE_ADVANCE
PHASE3_MATRIX_CELL chain=S2_MOKA_GRASP_TO_ON_STOVE episode=demo_40 condition=C3 arm=POSTCHECK_RECOVERY success=True failure=None
PHASE3_MATRIX_CELL chain=S2_MOKA_GRASP_TO_ON_STOVE episode=demo_40 condition=C3 arm=PERSISTENCE_RECOVERY success=False failure=TIMEOUT
PHASE3_MATRIX_CELL chain=S2_MOKA_GRASP_TO_ON_STOVE episode=demo_40 condition=C3 arm=TYPED_MATCHED_RECOVERY success=True failure=None
PHASE3_MATRIX_CELL chain=S2_MOKA_GRASP_TO_ON_STOVE episode=demo_40 condition=C3 arm=B6_FULL success=True failure=None
PHASE3_MATRIX_CELL chain=S2_MOKA_GRASP_TO_ON_STOVE episode=demo_40 condition=C4 arm=B2_COMMAND_PROGRESS success=False failure=PREMATURE_ADVANCE
PHASE3_MATRIX_CELL chain=S2_MOKA_GRASP_TO_ON_STOVE episode=demo_40 condition=C4 arm=B3_MONOLITHIC success=False failure=PREMATURE_ADVANCE
PHASE3_MATRIX_CELL chain=S2_MOKA_GRASP_TO_ON_STOVE episode=demo_40 condition=C4 arm=POSTCHECK_RECOVERY success=False failure=PREMATURE_ADVANCE
PHASE3_MATRIX_CELL chain=S2_MOKA_GRASP_TO_ON_STOVE episode=demo_40 condition=C4 arm=PERSISTENCE_RECOVERY success=False failure=TIMEOUT
PHASE3_MATRIX_CELL chain=S2_MOKA_GRASP_TO_ON_STOVE episode=demo_40 condition=C4 arm=TYPED_MATCHED_RECOVERY success=True failure=None
PHASE3_MATRIX_CELL chain=S2_MOKA_GRASP_TO_ON_STOVE episode=demo_40 condition=C4 arm=B6_FULL success=True failure=None
PHASE3_MATRIX_CELL chain=S2_MOKA_GRASP_TO_ON_STOVE episode=demo_40 condition=C7 arm=B2_COMMAND_PROGRESS success=False failure=PREMATURE_ADVANCE
PHASE3_MATRIX_CELL chain=S2_MOKA_GRASP_TO_ON_STOVE episode=demo_40 condition=C7 arm=B3_MONOLITHIC success=False failure=PREMATURE_ADVANCE
PHASE3_MATRIX_CELL chain=S2_MOKA_GRASP_TO_ON_STOVE episode=demo_40 condition=C7 arm=POSTCHECK_RECOVERY success=True failure=None
PHASE3_MATRIX_CELL chain=S2_MOKA_GRASP_TO_ON_STOVE episode=demo_40 condition=C7 arm=PERSISTENCE_RECOVERY success=False failure=TIMEOUT
PHASE3_MATRIX_CELL chain=S2_MOKA_GRASP_TO_ON_STOVE episode=demo_40 condition=C7 arm=TYPED_MATCHED_RECOVERY success=True failure=None
PHASE3_MATRIX_CELL chain=S2_MOKA_GRASP_TO_ON_STOVE episode=demo_40 condition=C7 arm=B6_FULL success=True failure=None
PHASE3_MATRIX_CELL chain=S2_MOKA_GRASP_TO_ON_STOVE episode=demo_41 condition=C0 arm=B2_COMMAND_PROGRESS success=True failure=None
PHASE3_MATRIX_CELL chain=S2_MOKA_GRASP_TO_ON_STOVE episode=demo_41 condition=C0 arm=B3_MONOLITHIC success=True failure=None
PHASE3_MATRIX_CELL chain=S2_MOKA_GRASP_TO_ON_STOVE episode=demo_41 condition=C0 arm=POSTCHECK_RECOVERY success=True failure=None
PHASE3_MATRIX_CELL chain=S2_MOKA_GRASP_TO_ON_STOVE episode=demo_41 condition=C0 arm=PERSISTENCE_RECOVERY success=True failure=None
PHASE3_MATRIX_CELL chain=S2_MOKA_GRASP_TO_ON_STOVE episode=demo_41 condition=C0 arm=TYPED_MATCHED_RECOVERY success=True failure=None
PHASE3_MATRIX_CELL chain=S2_MOKA_GRASP_TO_ON_STOVE episode=demo_41 condition=C0 arm=B6_FULL success=True failure=None
PHASE3_MATRIX_CELL chain=S2_MOKA_GRASP_TO_ON_STOVE episode=demo_41 condition=C1 arm=B2_COMMAND_PROGRESS success=False failure=PREMATURE_ADVANCE
PHASE3_MATRIX_CELL chain=S2_MOKA_GRASP_TO_ON_STOVE episode=demo_41 condition=C1 arm=B3_MONOLITHIC success=False failure=PREMATURE_ADVANCE
PHASE3_MATRIX_CELL chain=S2_MOKA_GRASP_TO_ON_STOVE episode=demo_41 condition=C1 arm=POSTCHECK_RECOVERY success=True failure=None
PHASE3_MATRIX_CELL chain=S2_MOKA_GRASP_TO_ON_STOVE episode=demo_41 condition=C1 arm=PERSISTENCE_RECOVERY success=False failure=TIMEOUT
PHASE3_MATRIX_CELL chain=S2_MOKA_GRASP_TO_ON_STOVE episode=demo_41 condition=C1 arm=TYPED_MATCHED_RECOVERY success=True failure=None
PHASE3_MATRIX_CELL chain=S2_MOKA_GRASP_TO_ON_STOVE episode=demo_41 condition=C1 arm=B6_FULL success=True failure=None
PHASE3_MATRIX_CELL chain=S2_MOKA_GRASP_TO_ON_STOVE episode=demo_41 condition=C3 arm=B2_COMMAND_PROGRESS success=False failure=PREMATURE_ADVANCE
PHASE3_MATRIX_CELL chain=S2_MOKA_GRASP_TO_ON_STOVE episode=demo_41 condition=C3 arm=B3_MONOLITHIC success=False failure=PREMATURE_ADVANCE
PHASE3_MATRIX_CELL chain=S2_MOKA_GRASP_TO_ON_STOVE episode=demo_41 condition=C3 arm=POSTCHECK_RECOVERY success=False failure=TIMEOUT
PHASE3_MATRIX_CELL chain=S2_MOKA_GRASP_TO_ON_STOVE episode=demo_41 condition=C3 arm=PERSISTENCE_RECOVERY success=False failure=TIMEOUT
PHASE3_MATRIX_CELL chain=S2_MOKA_GRASP_TO_ON_STOVE episode=demo_41 condition=C3 arm=TYPED_MATCHED_RECOVERY success=False failure=TIMEOUT
PHASE3_MATRIX_CELL chain=S2_MOKA_GRASP_TO_ON_STOVE episode=demo_41 condition=C3 arm=B6_FULL success=False failure=TIMEOUT
PHASE3_MATRIX_CELL chain=S2_MOKA_GRASP_TO_ON_STOVE episode=demo_41 condition=C4 arm=B2_COMMAND_PROGRESS success=False failure=PREMATURE_ADVANCE
PHASE3_MATRIX_CELL chain=S2_MOKA_GRASP_TO_ON_STOVE episode=demo_41 condition=C4 arm=B3_MONOLITHIC success=False failure=PREMATURE_ADVANCE
PHASE3_MATRIX_CELL chain=S2_MOKA_GRASP_TO_ON_STOVE episode=demo_41 condition=C4 arm=POSTCHECK_RECOVERY success=False failure=PREMATURE_ADVANCE
PHASE3_MATRIX_CELL chain=S2_MOKA_GRASP_TO_ON_STOVE episode=demo_41 condition=C4 arm=PERSISTENCE_RECOVERY success=False failure=TIMEOUT
PHASE3_MATRIX_CELL chain=S2_MOKA_GRASP_TO_ON_STOVE episode=demo_41 condition=C4 arm=TYPED_MATCHED_RECOVERY success=True failure=None
PHASE3_MATRIX_CELL chain=S2_MOKA_GRASP_TO_ON_STOVE episode=demo_41 condition=C4 arm=B6_FULL success=True failure=None
PHASE3_MATRIX_CELL chain=S2_MOKA_GRASP_TO_ON_STOVE episode=demo_41 condition=C7 arm=B2_COMMAND_PROGRESS success=False failure=PREMATURE_ADVANCE
PHASE3_MATRIX_CELL chain=S2_MOKA_GRASP_TO_ON_STOVE episode=demo_41 condition=C7 arm=B3_MONOLITHIC success=False failure=PREMATURE_ADVANCE
PHASE3_MATRIX_CELL chain=S2_MOKA_GRASP_TO_ON_STOVE episode=demo_41 condition=C7 arm=POSTCHECK_RECOVERY success=True failure=None
PHASE3_MATRIX_CELL chain=S2_MOKA_GRASP_TO_ON_STOVE episode=demo_41 condition=C7 arm=PERSISTENCE_RECOVERY success=False failure=TIMEOUT
PHASE3_MATRIX_CELL chain=S2_MOKA_GRASP_TO_ON_STOVE episode=demo_41 condition=C7 arm=TYPED_MATCHED_RECOVERY success=True failure=None
PHASE3_MATRIX_CELL chain=S2_MOKA_GRASP_TO_ON_STOVE episode=demo_41 condition=C7 arm=B6_FULL success=True failure=None
PHASE3_MATRIX_CELL chain=S2_MOKA_GRASP_TO_ON_STOVE episode=demo_42 condition=C0 arm=B2_COMMAND_PROGRESS success=True failure=None
PHASE3_MATRIX_CELL chain=S2_MOKA_GRASP_TO_ON_STOVE episode=demo_42 condition=C0 arm=B3_MONOLITHIC success=True failure=None
PHASE3_MATRIX_CELL chain=S2_MOKA_GRASP_TO_ON_STOVE episode=demo_42 condition=C0 arm=POSTCHECK_RECOVERY success=True failure=None
PHASE3_MATRIX_CELL chain=S2_MOKA_GRASP_TO_ON_STOVE episode=demo_42 condition=C0 arm=PERSISTENCE_RECOVERY success=True failure=None
PHASE3_MATRIX_CELL chain=S2_MOKA_GRASP_TO_ON_STOVE episode=demo_42 condition=C0 arm=TYPED_MATCHED_RECOVERY success=True failure=None
PHASE3_MATRIX_CELL chain=S2_MOKA_GRASP_TO_ON_STOVE episode=demo_42 condition=C0 arm=B6_FULL success=True failure=None
PHASE3_MATRIX_CELL chain=S2_MOKA_GRASP_TO_ON_STOVE episode=demo_42 condition=C1 arm=B2_COMMAND_PROGRESS success=False failure=PREMATURE_ADVANCE
PHASE3_MATRIX_CELL chain=S2_MOKA_GRASP_TO_ON_STOVE episode=demo_42 condition=C1 arm=B3_MONOLITHIC success=False failure=PREMATURE_ADVANCE
PHASE3_MATRIX_CELL chain=S2_MOKA_GRASP_TO_ON_STOVE episode=demo_42 condition=C1 arm=POSTCHECK_RECOVERY success=True failure=None
PHASE3_MATRIX_CELL chain=S2_MOKA_GRASP_TO_ON_STOVE episode=demo_42 condition=C1 arm=PERSISTENCE_RECOVERY success=True failure=None
PHASE3_MATRIX_CELL chain=S2_MOKA_GRASP_TO_ON_STOVE episode=demo_42 condition=C1 arm=TYPED_MATCHED_RECOVERY success=True failure=None
PHASE3_MATRIX_CELL chain=S2_MOKA_GRASP_TO_ON_STOVE episode=demo_42 condition=C1 arm=B6_FULL success=True failure=None
PHASE3_MATRIX_CELL chain=S2_MOKA_GRASP_TO_ON_STOVE episode=demo_42 condition=C3 arm=B2_COMMAND_PROGRESS success=False failure=PREMATURE_ADVANCE
PHASE3_MATRIX_CELL chain=S2_MOKA_GRASP_TO_ON_STOVE episode=demo_42 condition=C3 arm=B3_MONOLITHIC success=False failure=PREMATURE_ADVANCE
PHASE3_MATRIX_CELL chain=S2_MOKA_GRASP_TO_ON_STOVE episode=demo_42 condition=C3 arm=POSTCHECK_RECOVERY success=True failure=None
PHASE3_MATRIX_CELL chain=S2_MOKA_GRASP_TO_ON_STOVE episode=demo_42 condition=C3 arm=PERSISTENCE_RECOVERY success=False failure=TIMEOUT
PHASE3_MATRIX_CELL chain=S2_MOKA_GRASP_TO_ON_STOVE episode=demo_42 condition=C3 arm=TYPED_MATCHED_RECOVERY success=True failure=None
PHASE3_MATRIX_CELL chain=S2_MOKA_GRASP_TO_ON_STOVE episode=demo_42 condition=C3 arm=B6_FULL success=True failure=None
PHASE3_MATRIX_CELL chain=S2_MOKA_GRASP_TO_ON_STOVE episode=demo_42 condition=C4 arm=B2_COMMAND_PROGRESS success=False failure=PREMATURE_ADVANCE
PHASE3_MATRIX_CELL chain=S2_MOKA_GRASP_TO_ON_STOVE episode=demo_42 condition=C4 arm=B3_MONOLITHIC success=False failure=PREMATURE_ADVANCE
PHASE3_MATRIX_CELL chain=S2_MOKA_GRASP_TO_ON_STOVE episode=demo_42 condition=C4 arm=POSTCHECK_RECOVERY success=False failure=PREMATURE_ADVANCE
PHASE3_MATRIX_CELL chain=S2_MOKA_GRASP_TO_ON_STOVE episode=demo_42 condition=C4 arm=PERSISTENCE_RECOVERY success=True failure=None
PHASE3_MATRIX_CELL chain=S2_MOKA_GRASP_TO_ON_STOVE episode=demo_42 condition=C4 arm=TYPED_MATCHED_RECOVERY success=True failure=None
PHASE3_MATRIX_CELL chain=S2_MOKA_GRASP_TO_ON_STOVE episode=demo_42 condition=C4 arm=B6_FULL success=True failure=None
PHASE3_MATRIX_CELL chain=S2_MOKA_GRASP_TO_ON_STOVE episode=demo_42 condition=C7 arm=B2_COMMAND_PROGRESS success=False failure=PREMATURE_ADVANCE
PHASE3_MATRIX_CELL chain=S2_MOKA_GRASP_TO_ON_STOVE episode=demo_42 condition=C7 arm=B3_MONOLITHIC success=False failure=PREMATURE_ADVANCE
PHASE3_MATRIX_CELL chain=S2_MOKA_GRASP_TO_ON_STOVE episode=demo_42 condition=C7 arm=POSTCHECK_RECOVERY success=True failure=None
PHASE3_MATRIX_CELL chain=S2_MOKA_GRASP_TO_ON_STOVE episode=demo_42 condition=C7 arm=PERSISTENCE_RECOVERY success=True failure=None
PHASE3_MATRIX_CELL chain=S2_MOKA_GRASP_TO_ON_STOVE episode=demo_42 condition=C7 arm=TYPED_MATCHED_RECOVERY success=True failure=None
PHASE3_MATRIX_CELL chain=S2_MOKA_GRASP_TO_ON_STOVE episode=demo_42 condition=C7 arm=B6_FULL success=True failure=None
PHASE3_MATRIX_CELL chain=S2_MOKA_GRASP_TO_ON_STOVE episode=demo_43 condition=C0 arm=B2_COMMAND_PROGRESS success=False failure=REPLAY_BACKEND_FAILURE
PHASE3_MATRIX_CELL chain=S2_MOKA_GRASP_TO_ON_STOVE episode=demo_43 condition=C0 arm=B3_MONOLITHIC success=False failure=REPLAY_BACKEND_FAILURE
PHASE3_MATRIX_CELL chain=S2_MOKA_GRASP_TO_ON_STOVE episode=demo_43 condition=C0 arm=POSTCHECK_RECOVERY success=False failure=REPLAY_BACKEND_FAILURE
PHASE3_MATRIX_CELL chain=S2_MOKA_GRASP_TO_ON_STOVE episode=demo_43 condition=C0 arm=PERSISTENCE_RECOVERY success=False failure=REPLAY_BACKEND_FAILURE
PHASE3_MATRIX_CELL chain=S2_MOKA_GRASP_TO_ON_STOVE episode=demo_43 condition=C0 arm=TYPED_MATCHED_RECOVERY success=False failure=REPLAY_BACKEND_FAILURE
PHASE3_MATRIX_CELL chain=S2_MOKA_GRASP_TO_ON_STOVE episode=demo_43 condition=C0 arm=B6_FULL success=False failure=REPLAY_BACKEND_FAILURE
PHASE3_MATRIX_CELL chain=S2_MOKA_GRASP_TO_ON_STOVE episode=demo_43 condition=C1 arm=B2_COMMAND_PROGRESS success=False failure=REPLAY_BACKEND_FAILURE
PHASE3_MATRIX_CELL chain=S2_MOKA_GRASP_TO_ON_STOVE episode=demo_43 condition=C1 arm=B3_MONOLITHIC success=False failure=REPLAY_BACKEND_FAILURE
PHASE3_MATRIX_CELL chain=S2_MOKA_GRASP_TO_ON_STOVE episode=demo_43 condition=C1 arm=POSTCHECK_RECOVERY success=False failure=REPLAY_BACKEND_FAILURE
PHASE3_MATRIX_CELL chain=S2_MOKA_GRASP_TO_ON_STOVE episode=demo_43 condition=C1 arm=PERSISTENCE_RECOVERY success=False failure=REPLAY_BACKEND_FAILURE
PHASE3_MATRIX_CELL chain=S2_MOKA_GRASP_TO_ON_STOVE episode=demo_43 condition=C1 arm=TYPED_MATCHED_RECOVERY success=False failure=REPLAY_BACKEND_FAILURE
PHASE3_MATRIX_CELL chain=S2_MOKA_GRASP_TO_ON_STOVE episode=demo_43 condition=C1 arm=B6_FULL success=False failure=REPLAY_BACKEND_FAILURE
PHASE3_MATRIX_CELL chain=S2_MOKA_GRASP_TO_ON_STOVE episode=demo_43 condition=C3 arm=B2_COMMAND_PROGRESS success=False failure=REPLAY_BACKEND_FAILURE
PHASE3_MATRIX_CELL chain=S2_MOKA_GRASP_TO_ON_STOVE episode=demo_43 condition=C3 arm=B3_MONOLITHIC success=False failure=REPLAY_BACKEND_FAILURE
PHASE3_MATRIX_CELL chain=S2_MOKA_GRASP_TO_ON_STOVE episode=demo_43 condition=C3 arm=POSTCHECK_RECOVERY success=False failure=REPLAY_BACKEND_FAILURE
PHASE3_MATRIX_CELL chain=S2_MOKA_GRASP_TO_ON_STOVE episode=demo_43 condition=C3 arm=PERSISTENCE_RECOVERY success=False failure=REPLAY_BACKEND_FAILURE
PHASE3_MATRIX_CELL chain=S2_MOKA_GRASP_TO_ON_STOVE episode=demo_43 condition=C3 arm=TYPED_MATCHED_RECOVERY success=False failure=REPLAY_BACKEND_FAILURE
PHASE3_MATRIX_CELL chain=S2_MOKA_GRASP_TO_ON_STOVE episode=demo_43 condition=C3 arm=B6_FULL success=False failure=REPLAY_BACKEND_FAILURE
PHASE3_MATRIX_CELL chain=S2_MOKA_GRASP_TO_ON_STOVE episode=demo_43 condition=C4 arm=B2_COMMAND_PROGRESS success=False failure=REPLAY_BACKEND_FAILURE
PHASE3_MATRIX_CELL chain=S2_MOKA_GRASP_TO_ON_STOVE episode=demo_43 condition=C4 arm=B3_MONOLITHIC success=False failure=REPLAY_BACKEND_FAILURE
PHASE3_MATRIX_CELL chain=S2_MOKA_GRASP_TO_ON_STOVE episode=demo_43 condition=C4 arm=POSTCHECK_RECOVERY success=False failure=REPLAY_BACKEND_FAILURE
PHASE3_MATRIX_CELL chain=S2_MOKA_GRASP_TO_ON_STOVE episode=demo_43 condition=C4 arm=PERSISTENCE_RECOVERY success=False failure=REPLAY_BACKEND_FAILURE
PHASE3_MATRIX_CELL chain=S2_MOKA_GRASP_TO_ON_STOVE episode=demo_43 condition=C4 arm=TYPED_MATCHED_RECOVERY success=False failure=REPLAY_BACKEND_FAILURE
PHASE3_MATRIX_CELL chain=S2_MOKA_GRASP_TO_ON_STOVE episode=demo_43 condition=C4 arm=B6_FULL success=False failure=REPLAY_BACKEND_FAILURE
PHASE3_MATRIX_CELL chain=S2_MOKA_GRASP_TO_ON_STOVE episode=demo_43 condition=C7 arm=B2_COMMAND_PROGRESS success=False failure=REPLAY_BACKEND_FAILURE
PHASE3_MATRIX_CELL chain=S2_MOKA_GRASP_TO_ON_STOVE episode=demo_43 condition=C7 arm=B3_MONOLITHIC success=False failure=REPLAY_BACKEND_FAILURE
PHASE3_MATRIX_CELL chain=S2_MOKA_GRASP_TO_ON_STOVE episode=demo_43 condition=C7 arm=POSTCHECK_RECOVERY success=False failure=REPLAY_BACKEND_FAILURE
PHASE3_MATRIX_CELL chain=S2_MOKA_GRASP_TO_ON_STOVE episode=demo_43 condition=C7 arm=PERSISTENCE_RECOVERY success=False failure=REPLAY_BACKEND_FAILURE
PHASE3_MATRIX_CELL chain=S2_MOKA_GRASP_TO_ON_STOVE episode=demo_43 condition=C7 arm=TYPED_MATCHED_RECOVERY success=False failure=REPLAY_BACKEND_FAILURE
PHASE3_MATRIX_CELL chain=S2_MOKA_GRASP_TO_ON_STOVE episode=demo_43 condition=C7 arm=B6_FULL success=False failure=REPLAY_BACKEND_FAILURE
PHASE3_MATRIX_CELL chain=S2_MOKA_GRASP_TO_ON_STOVE episode=demo_44 condition=C0 arm=B2_COMMAND_PROGRESS success=False failure=REPLAY_BACKEND_FAILURE
PHASE3_MATRIX_CELL chain=S2_MOKA_GRASP_TO_ON_STOVE episode=demo_44 condition=C0 arm=B3_MONOLITHIC success=False failure=REPLAY_BACKEND_FAILURE
PHASE3_MATRIX_CELL chain=S2_MOKA_GRASP_TO_ON_STOVE episode=demo_44 condition=C0 arm=POSTCHECK_RECOVERY success=False failure=REPLAY_BACKEND_FAILURE
PHASE3_MATRIX_CELL chain=S2_MOKA_GRASP_TO_ON_STOVE episode=demo_44 condition=C0 arm=PERSISTENCE_RECOVERY success=False failure=REPLAY_BACKEND_FAILURE
PHASE3_MATRIX_CELL chain=S2_MOKA_GRASP_TO_ON_STOVE episode=demo_44 condition=C0 arm=TYPED_MATCHED_RECOVERY success=False failure=REPLAY_BACKEND_FAILURE
PHASE3_MATRIX_CELL chain=S2_MOKA_GRASP_TO_ON_STOVE episode=demo_44 condition=C0 arm=B6_FULL success=False failure=REPLAY_BACKEND_FAILURE
PHASE3_MATRIX_CELL chain=S2_MOKA_GRASP_TO_ON_STOVE episode=demo_44 condition=C1 arm=B2_COMMAND_PROGRESS success=False failure=REPLAY_BACKEND_FAILURE
PHASE3_MATRIX_CELL chain=S2_MOKA_GRASP_TO_ON_STOVE episode=demo_44 condition=C1 arm=B3_MONOLITHIC success=False failure=REPLAY_BACKEND_FAILURE
PHASE3_MATRIX_CELL chain=S2_MOKA_GRASP_TO_ON_STOVE episode=demo_44 condition=C1 arm=POSTCHECK_RECOVERY success=False failure=REPLAY_BACKEND_FAILURE
PHASE3_MATRIX_CELL chain=S2_MOKA_GRASP_TO_ON_STOVE episode=demo_44 condition=C1 arm=PERSISTENCE_RECOVERY success=False failure=REPLAY_BACKEND_FAILURE
PHASE3_MATRIX_CELL chain=S2_MOKA_GRASP_TO_ON_STOVE episode=demo_44 condition=C1 arm=TYPED_MATCHED_RECOVERY success=False failure=REPLAY_BACKEND_FAILURE
PHASE3_MATRIX_CELL chain=S2_MOKA_GRASP_TO_ON_STOVE episode=demo_44 condition=C1 arm=B6_FULL success=False failure=REPLAY_BACKEND_FAILURE
PHASE3_MATRIX_CELL chain=S2_MOKA_GRASP_TO_ON_STOVE episode=demo_44 condition=C3 arm=B2_COMMAND_PROGRESS success=False failure=REPLAY_BACKEND_FAILURE
PHASE3_MATRIX_CELL chain=S2_MOKA_GRASP_TO_ON_STOVE episode=demo_44 condition=C3 arm=B3_MONOLITHIC success=False failure=REPLAY_BACKEND_FAILURE
PHASE3_MATRIX_CELL chain=S2_MOKA_GRASP_TO_ON_STOVE episode=demo_44 condition=C3 arm=POSTCHECK_RECOVERY success=False failure=REPLAY_BACKEND_FAILURE
PHASE3_MATRIX_CELL chain=S2_MOKA_GRASP_TO_ON_STOVE episode=demo_44 condition=C3 arm=PERSISTENCE_RECOVERY success=False failure=REPLAY_BACKEND_FAILURE
PHASE3_MATRIX_CELL chain=S2_MOKA_GRASP_TO_ON_STOVE episode=demo_44 condition=C3 arm=TYPED_MATCHED_RECOVERY success=False failure=REPLAY_BACKEND_FAILURE
PHASE3_MATRIX_CELL chain=S2_MOKA_GRASP_TO_ON_STOVE episode=demo_44 condition=C3 arm=B6_FULL success=False failure=REPLAY_BACKEND_FAILURE
PHASE3_MATRIX_CELL chain=S2_MOKA_GRASP_TO_ON_STOVE episode=demo_44 condition=C4 arm=B2_COMMAND_PROGRESS success=False failure=REPLAY_BACKEND_FAILURE
PHASE3_MATRIX_CELL chain=S2_MOKA_GRASP_TO_ON_STOVE episode=demo_44 condition=C4 arm=B3_MONOLITHIC success=False failure=REPLAY_BACKEND_FAILURE
PHASE3_MATRIX_CELL chain=S2_MOKA_GRASP_TO_ON_STOVE episode=demo_44 condition=C4 arm=POSTCHECK_RECOVERY success=False failure=REPLAY_BACKEND_FAILURE
PHASE3_MATRIX_CELL chain=S2_MOKA_GRASP_TO_ON_STOVE episode=demo_44 condition=C4 arm=PERSISTENCE_RECOVERY success=False failure=REPLAY_BACKEND_FAILURE
PHASE3_MATRIX_CELL chain=S2_MOKA_GRASP_TO_ON_STOVE episode=demo_44 condition=C4 arm=TYPED_MATCHED_RECOVERY success=False failure=REPLAY_BACKEND_FAILURE
PHASE3_MATRIX_CELL chain=S2_MOKA_GRASP_TO_ON_STOVE episode=demo_44 condition=C4 arm=B6_FULL success=False failure=REPLAY_BACKEND_FAILURE
PHASE3_MATRIX_CELL chain=S2_MOKA_GRASP_TO_ON_STOVE episode=demo_44 condition=C7 arm=B2_COMMAND_PROGRESS success=False failure=REPLAY_BACKEND_FAILURE
PHASE3_MATRIX_CELL chain=S2_MOKA_GRASP_TO_ON_STOVE episode=demo_44 condition=C7 arm=B3_MONOLITHIC success=False failure=REPLAY_BACKEND_FAILURE
PHASE3_MATRIX_CELL chain=S2_MOKA_GRASP_TO_ON_STOVE episode=demo_44 condition=C7 arm=POSTCHECK_RECOVERY success=False failure=REPLAY_BACKEND_FAILURE
PHASE3_MATRIX_CELL chain=S2_MOKA_GRASP_TO_ON_STOVE episode=demo_44 condition=C7 arm=PERSISTENCE_RECOVERY success=False failure=REPLAY_BACKEND_FAILURE
PHASE3_MATRIX_CELL chain=S2_MOKA_GRASP_TO_ON_STOVE episode=demo_44 condition=C7 arm=TYPED_MATCHED_RECOVERY success=False failure=REPLAY_BACKEND_FAILURE
PHASE3_MATRIX_CELL chain=S2_MOKA_GRASP_TO_ON_STOVE episode=demo_44 condition=C7 arm=B6_FULL success=False failure=REPLAY_BACKEND_FAILURE
PHASE3_MATRIX_CELL chain=S2_MOKA_GRASP_TO_ON_STOVE episode=demo_45 condition=C0 arm=B2_COMMAND_PROGRESS success=True failure=None
PHASE3_MATRIX_CELL chain=S2_MOKA_GRASP_TO_ON_STOVE episode=demo_45 condition=C0 arm=B3_MONOLITHIC success=True failure=None
PHASE3_MATRIX_CELL chain=S2_MOKA_GRASP_TO_ON_STOVE episode=demo_45 condition=C0 arm=POSTCHECK_RECOVERY success=True failure=None
PHASE3_MATRIX_CELL chain=S2_MOKA_GRASP_TO_ON_STOVE episode=demo_45 condition=C0 arm=PERSISTENCE_RECOVERY success=True failure=None
PHASE3_MATRIX_CELL chain=S2_MOKA_GRASP_TO_ON_STOVE episode=demo_45 condition=C0 arm=TYPED_MATCHED_RECOVERY success=True failure=None
PHASE3_MATRIX_CELL chain=S2_MOKA_GRASP_TO_ON_STOVE episode=demo_45 condition=C0 arm=B6_FULL success=True failure=None
PHASE3_MATRIX_CELL chain=S2_MOKA_GRASP_TO_ON_STOVE episode=demo_45 condition=C1 arm=B2_COMMAND_PROGRESS success=False failure=PREMATURE_ADVANCE
PHASE3_MATRIX_CELL chain=S2_MOKA_GRASP_TO_ON_STOVE episode=demo_45 condition=C1 arm=B3_MONOLITHIC success=False failure=PREMATURE_ADVANCE
PHASE3_MATRIX_CELL chain=S2_MOKA_GRASP_TO_ON_STOVE episode=demo_45 condition=C1 arm=POSTCHECK_RECOVERY success=True failure=None
PHASE3_MATRIX_CELL chain=S2_MOKA_GRASP_TO_ON_STOVE episode=demo_45 condition=C1 arm=PERSISTENCE_RECOVERY success=True failure=None
PHASE3_MATRIX_CELL chain=S2_MOKA_GRASP_TO_ON_STOVE episode=demo_45 condition=C1 arm=TYPED_MATCHED_RECOVERY success=True failure=None
PHASE3_MATRIX_CELL chain=S2_MOKA_GRASP_TO_ON_STOVE episode=demo_45 condition=C1 arm=B6_FULL success=True failure=None
PHASE3_MATRIX_CELL chain=S2_MOKA_GRASP_TO_ON_STOVE episode=demo_45 condition=C3 arm=B2_COMMAND_PROGRESS success=False failure=PREMATURE_ADVANCE
PHASE3_MATRIX_CELL chain=S2_MOKA_GRASP_TO_ON_STOVE episode=demo_45 condition=C3 arm=B3_MONOLITHIC success=False failure=PREMATURE_ADVANCE
PHASE3_MATRIX_CELL chain=S2_MOKA_GRASP_TO_ON_STOVE episode=demo_45 condition=C3 arm=POSTCHECK_RECOVERY success=True failure=None
PHASE3_MATRIX_CELL chain=S2_MOKA_GRASP_TO_ON_STOVE episode=demo_45 condition=C3 arm=PERSISTENCE_RECOVERY success=False failure=TIMEOUT
PHASE3_MATRIX_CELL chain=S2_MOKA_GRASP_TO_ON_STOVE episode=demo_45 condition=C3 arm=TYPED_MATCHED_RECOVERY success=True failure=None
PHASE3_MATRIX_CELL chain=S2_MOKA_GRASP_TO_ON_STOVE episode=demo_45 condition=C3 arm=B6_FULL success=True failure=None
PHASE3_MATRIX_CELL chain=S2_MOKA_GRASP_TO_ON_STOVE episode=demo_45 condition=C4 arm=B2_COMMAND_PROGRESS success=False failure=PREMATURE_ADVANCE
PHASE3_MATRIX_CELL chain=S2_MOKA_GRASP_TO_ON_STOVE episode=demo_45 condition=C4 arm=B3_MONOLITHIC success=False failure=PREMATURE_ADVANCE
PHASE3_MATRIX_CELL chain=S2_MOKA_GRASP_TO_ON_STOVE episode=demo_45 condition=C4 arm=POSTCHECK_RECOVERY success=False failure=PREMATURE_ADVANCE
PHASE3_MATRIX_CELL chain=S2_MOKA_GRASP_TO_ON_STOVE episode=demo_45 condition=C4 arm=PERSISTENCE_RECOVERY success=True failure=None
PHASE3_MATRIX_CELL chain=S2_MOKA_GRASP_TO_ON_STOVE episode=demo_45 condition=C4 arm=TYPED_MATCHED_RECOVERY success=True failure=None
PHASE3_MATRIX_CELL chain=S2_MOKA_GRASP_TO_ON_STOVE episode=demo_45 condition=C4 arm=B6_FULL success=True failure=None
PHASE3_MATRIX_CELL chain=S2_MOKA_GRASP_TO_ON_STOVE episode=demo_45 condition=C7 arm=B2_COMMAND_PROGRESS success=False failure=PREMATURE_ADVANCE
PHASE3_MATRIX_CELL chain=S2_MOKA_GRASP_TO_ON_STOVE episode=demo_45 condition=C7 arm=B3_MONOLITHIC success=False failure=PREMATURE_ADVANCE
PHASE3_MATRIX_CELL chain=S2_MOKA_GRASP_TO_ON_STOVE episode=demo_45 condition=C7 arm=POSTCHECK_RECOVERY success=True failure=None
PHASE3_MATRIX_CELL chain=S2_MOKA_GRASP_TO_ON_STOVE episode=demo_45 condition=C7 arm=PERSISTENCE_RECOVERY success=True failure=None
PHASE3_MATRIX_CELL chain=S2_MOKA_GRASP_TO_ON_STOVE episode=demo_45 condition=C7 arm=TYPED_MATCHED_RECOVERY success=True failure=None
PHASE3_MATRIX_CELL chain=S2_MOKA_GRASP_TO_ON_STOVE episode=demo_45 condition=C7 arm=B6_FULL success=True failure=None
PHASE3_MATRIX_CELL chain=S2_MOKA_GRASP_TO_ON_STOVE episode=demo_46 condition=C0 arm=B2_COMMAND_PROGRESS success=False failure=PREMATURE_ADVANCE
PHASE3_MATRIX_CELL chain=S2_MOKA_GRASP_TO_ON_STOVE episode=demo_46 condition=C0 arm=B3_MONOLITHIC success=False failure=PREMATURE_ADVANCE
PHASE3_MATRIX_CELL chain=S2_MOKA_GRASP_TO_ON_STOVE episode=demo_46 condition=C0 arm=POSTCHECK_RECOVERY success=False failure=TIMEOUT
PHASE3_MATRIX_CELL chain=S2_MOKA_GRASP_TO_ON_STOVE episode=demo_46 condition=C0 arm=PERSISTENCE_RECOVERY success=False failure=TIMEOUT
PHASE3_MATRIX_CELL chain=S2_MOKA_GRASP_TO_ON_STOVE episode=demo_46 condition=C0 arm=TYPED_MATCHED_RECOVERY success=False failure=TIMEOUT
PHASE3_MATRIX_CELL chain=S2_MOKA_GRASP_TO_ON_STOVE episode=demo_46 condition=C0 arm=B6_FULL success=False failure=TIMEOUT
PHASE3_MATRIX_CELL chain=S2_MOKA_GRASP_TO_ON_STOVE episode=demo_46 condition=C1 arm=B2_COMMAND_PROGRESS success=False failure=PREMATURE_ADVANCE
PHASE3_MATRIX_CELL chain=S2_MOKA_GRASP_TO_ON_STOVE episode=demo_46 condition=C1 arm=B3_MONOLITHIC success=False failure=PREMATURE_ADVANCE
PHASE3_MATRIX_CELL chain=S2_MOKA_GRASP_TO_ON_STOVE episode=demo_46 condition=C1 arm=POSTCHECK_RECOVERY success=True failure=None
PHASE3_MATRIX_CELL chain=S2_MOKA_GRASP_TO_ON_STOVE episode=demo_46 condition=C1 arm=PERSISTENCE_RECOVERY success=True failure=None
PHASE3_MATRIX_CELL chain=S2_MOKA_GRASP_TO_ON_STOVE episode=demo_46 condition=C1 arm=TYPED_MATCHED_RECOVERY success=True failure=None
PHASE3_MATRIX_CELL chain=S2_MOKA_GRASP_TO_ON_STOVE episode=demo_46 condition=C1 arm=B6_FULL success=True failure=None
PHASE3_MATRIX_CELL chain=S2_MOKA_GRASP_TO_ON_STOVE episode=demo_46 condition=C3 arm=B2_COMMAND_PROGRESS success=False failure=PREMATURE_ADVANCE
PHASE3_MATRIX_CELL chain=S2_MOKA_GRASP_TO_ON_STOVE episode=demo_46 condition=C3 arm=B3_MONOLITHIC success=False failure=PREMATURE_ADVANCE
PHASE3_MATRIX_CELL chain=S2_MOKA_GRASP_TO_ON_STOVE episode=demo_46 condition=C3 arm=POSTCHECK_RECOVERY success=True failure=None
PHASE3_MATRIX_CELL chain=S2_MOKA_GRASP_TO_ON_STOVE episode=demo_46 condition=C3 arm=PERSISTENCE_RECOVERY success=False failure=TIMEOUT
PHASE3_MATRIX_CELL chain=S2_MOKA_GRASP_TO_ON_STOVE episode=demo_46 condition=C3 arm=TYPED_MATCHED_RECOVERY success=True failure=None
PHASE3_MATRIX_CELL chain=S2_MOKA_GRASP_TO_ON_STOVE episode=demo_46 condition=C3 arm=B6_FULL success=True failure=None
PHASE3_MATRIX_CELL chain=S2_MOKA_GRASP_TO_ON_STOVE episode=demo_46 condition=C4 arm=B2_COMMAND_PROGRESS success=False failure=PREMATURE_ADVANCE
PHASE3_MATRIX_CELL chain=S2_MOKA_GRASP_TO_ON_STOVE episode=demo_46 condition=C4 arm=B3_MONOLITHIC success=False failure=PREMATURE_ADVANCE
PHASE3_MATRIX_CELL chain=S2_MOKA_GRASP_TO_ON_STOVE episode=demo_46 condition=C4 arm=POSTCHECK_RECOVERY success=False failure=PREMATURE_ADVANCE
PHASE3_MATRIX_CELL chain=S2_MOKA_GRASP_TO_ON_STOVE episode=demo_46 condition=C4 arm=PERSISTENCE_RECOVERY success=True failure=None
PHASE3_MATRIX_CELL chain=S2_MOKA_GRASP_TO_ON_STOVE episode=demo_46 condition=C4 arm=TYPED_MATCHED_RECOVERY success=True failure=None
PHASE3_MATRIX_CELL chain=S2_MOKA_GRASP_TO_ON_STOVE episode=demo_46 condition=C4 arm=B6_FULL success=True failure=None
PHASE3_MATRIX_CELL chain=S2_MOKA_GRASP_TO_ON_STOVE episode=demo_46 condition=C7 arm=B2_COMMAND_PROGRESS success=False failure=PREMATURE_ADVANCE
PHASE3_MATRIX_CELL chain=S2_MOKA_GRASP_TO_ON_STOVE episode=demo_46 condition=C7 arm=B3_MONOLITHIC success=False failure=PREMATURE_ADVANCE
PHASE3_MATRIX_CELL chain=S2_MOKA_GRASP_TO_ON_STOVE episode=demo_46 condition=C7 arm=POSTCHECK_RECOVERY success=True failure=None
PHASE3_MATRIX_CELL chain=S2_MOKA_GRASP_TO_ON_STOVE episode=demo_46 condition=C7 arm=PERSISTENCE_RECOVERY success=True failure=None
PHASE3_MATRIX_CELL chain=S2_MOKA_GRASP_TO_ON_STOVE episode=demo_46 condition=C7 arm=TYPED_MATCHED_RECOVERY success=True failure=None
PHASE3_MATRIX_CELL chain=S2_MOKA_GRASP_TO_ON_STOVE episode=demo_46 condition=C7 arm=B6_FULL success=True failure=None
PHASE3_MATRIX_CELL chain=S2_MOKA_GRASP_TO_ON_STOVE episode=demo_47 condition=C0 arm=B2_COMMAND_PROGRESS success=False failure=PREMATURE_ADVANCE
PHASE3_MATRIX_CELL chain=S2_MOKA_GRASP_TO_ON_STOVE episode=demo_47 condition=C0 arm=B3_MONOLITHIC success=True failure=None
PHASE3_MATRIX_CELL chain=S2_MOKA_GRASP_TO_ON_STOVE episode=demo_47 condition=C0 arm=POSTCHECK_RECOVERY success=True failure=None
PHASE3_MATRIX_CELL chain=S2_MOKA_GRASP_TO_ON_STOVE episode=demo_47 condition=C0 arm=PERSISTENCE_RECOVERY success=False failure=TIMEOUT
PHASE3_MATRIX_CELL chain=S2_MOKA_GRASP_TO_ON_STOVE episode=demo_47 condition=C0 arm=TYPED_MATCHED_RECOVERY success=True failure=None
PHASE3_MATRIX_CELL chain=S2_MOKA_GRASP_TO_ON_STOVE episode=demo_47 condition=C0 arm=B6_FULL success=True failure=None
PHASE3_MATRIX_CELL chain=S2_MOKA_GRASP_TO_ON_STOVE episode=demo_47 condition=C1 arm=B2_COMMAND_PROGRESS success=False failure=PREMATURE_ADVANCE
PHASE3_MATRIX_CELL chain=S2_MOKA_GRASP_TO_ON_STOVE episode=demo_47 condition=C1 arm=B3_MONOLITHIC success=False failure=PREMATURE_ADVANCE
PHASE3_MATRIX_CELL chain=S2_MOKA_GRASP_TO_ON_STOVE episode=demo_47 condition=C1 arm=POSTCHECK_RECOVERY success=True failure=None
PHASE3_MATRIX_CELL chain=S2_MOKA_GRASP_TO_ON_STOVE episode=demo_47 condition=C1 arm=PERSISTENCE_RECOVERY success=False failure=TIMEOUT
PHASE3_MATRIX_CELL chain=S2_MOKA_GRASP_TO_ON_STOVE episode=demo_47 condition=C1 arm=TYPED_MATCHED_RECOVERY success=True failure=None
PHASE3_MATRIX_CELL chain=S2_MOKA_GRASP_TO_ON_STOVE episode=demo_47 condition=C1 arm=B6_FULL success=True failure=None
PHASE3_MATRIX_CELL chain=S2_MOKA_GRASP_TO_ON_STOVE episode=demo_47 condition=C3 arm=B2_COMMAND_PROGRESS success=False failure=PREMATURE_ADVANCE
PHASE3_MATRIX_CELL chain=S2_MOKA_GRASP_TO_ON_STOVE episode=demo_47 condition=C3 arm=B3_MONOLITHIC success=False failure=PREMATURE_ADVANCE
PHASE3_MATRIX_CELL chain=S2_MOKA_GRASP_TO_ON_STOVE episode=demo_47 condition=C3 arm=POSTCHECK_RECOVERY success=False failure=TIMEOUT
PHASE3_MATRIX_CELL chain=S2_MOKA_GRASP_TO_ON_STOVE episode=demo_47 condition=C3 arm=PERSISTENCE_RECOVERY success=False failure=TIMEOUT
PHASE3_MATRIX_CELL chain=S2_MOKA_GRASP_TO_ON_STOVE episode=demo_47 condition=C3 arm=TYPED_MATCHED_RECOVERY success=False failure=TIMEOUT
PHASE3_MATRIX_CELL chain=S2_MOKA_GRASP_TO_ON_STOVE episode=demo_47 condition=C3 arm=B6_FULL success=False failure=TIMEOUT
PHASE3_MATRIX_CELL chain=S2_MOKA_GRASP_TO_ON_STOVE episode=demo_47 condition=C4 arm=B2_COMMAND_PROGRESS success=False failure=PREMATURE_ADVANCE
PHASE3_MATRIX_CELL chain=S2_MOKA_GRASP_TO_ON_STOVE episode=demo_47 condition=C4 arm=B3_MONOLITHIC success=False failure=PREMATURE_ADVANCE
PHASE3_MATRIX_CELL chain=S2_MOKA_GRASP_TO_ON_STOVE episode=demo_47 condition=C4 arm=POSTCHECK_RECOVERY success=False failure=PREMATURE_ADVANCE
PHASE3_MATRIX_CELL chain=S2_MOKA_GRASP_TO_ON_STOVE episode=demo_47 condition=C4 arm=PERSISTENCE_RECOVERY success=False failure=TIMEOUT
PHASE3_MATRIX_CELL chain=S2_MOKA_GRASP_TO_ON_STOVE episode=demo_47 condition=C4 arm=TYPED_MATCHED_RECOVERY success=True failure=None
PHASE3_MATRIX_CELL chain=S2_MOKA_GRASP_TO_ON_STOVE episode=demo_47 condition=C4 arm=B6_FULL success=True failure=None
PHASE3_MATRIX_CELL chain=S2_MOKA_GRASP_TO_ON_STOVE episode=demo_47 condition=C7 arm=B2_COMMAND_PROGRESS success=False failure=PREMATURE_ADVANCE
PHASE3_MATRIX_CELL chain=S2_MOKA_GRASP_TO_ON_STOVE episode=demo_47 condition=C7 arm=B3_MONOLITHIC success=False failure=PREMATURE_ADVANCE
PHASE3_MATRIX_CELL chain=S2_MOKA_GRASP_TO_ON_STOVE episode=demo_47 condition=C7 arm=POSTCHECK_RECOVERY success=False failure=TIMEOUT
PHASE3_MATRIX_CELL chain=S2_MOKA_GRASP_TO_ON_STOVE episode=demo_47 condition=C7 arm=PERSISTENCE_RECOVERY success=False failure=TIMEOUT
PHASE3_MATRIX_CELL chain=S2_MOKA_GRASP_TO_ON_STOVE episode=demo_47 condition=C7 arm=TYPED_MATCHED_RECOVERY success=False failure=TIMEOUT
PHASE3_MATRIX_CELL chain=S2_MOKA_GRASP_TO_ON_STOVE episode=demo_47 condition=C7 arm=B6_FULL success=False failure=TIMEOUT
PHASE3_MATRIX_CELL chain=S2_MOKA_GRASP_TO_ON_STOVE episode=demo_48 condition=C0 arm=B2_COMMAND_PROGRESS success=True failure=None
PHASE3_MATRIX_CELL chain=S2_MOKA_GRASP_TO_ON_STOVE episode=demo_48 condition=C0 arm=B3_MONOLITHIC success=True failure=None
PHASE3_MATRIX_CELL chain=S2_MOKA_GRASP_TO_ON_STOVE episode=demo_48 condition=C0 arm=POSTCHECK_RECOVERY success=True failure=None
PHASE3_MATRIX_CELL chain=S2_MOKA_GRASP_TO_ON_STOVE episode=demo_48 condition=C0 arm=PERSISTENCE_RECOVERY success=True failure=None
PHASE3_MATRIX_CELL chain=S2_MOKA_GRASP_TO_ON_STOVE episode=demo_48 condition=C0 arm=TYPED_MATCHED_RECOVERY success=True failure=None
PHASE3_MATRIX_CELL chain=S2_MOKA_GRASP_TO_ON_STOVE episode=demo_48 condition=C0 arm=B6_FULL success=True failure=None
PHASE3_MATRIX_CELL chain=S2_MOKA_GRASP_TO_ON_STOVE episode=demo_48 condition=C1 arm=B2_COMMAND_PROGRESS success=False failure=PREMATURE_ADVANCE
PHASE3_MATRIX_CELL chain=S2_MOKA_GRASP_TO_ON_STOVE episode=demo_48 condition=C1 arm=B3_MONOLITHIC success=False failure=PREMATURE_ADVANCE
PHASE3_MATRIX_CELL chain=S2_MOKA_GRASP_TO_ON_STOVE episode=demo_48 condition=C1 arm=POSTCHECK_RECOVERY success=True failure=None
PHASE3_MATRIX_CELL chain=S2_MOKA_GRASP_TO_ON_STOVE episode=demo_48 condition=C1 arm=PERSISTENCE_RECOVERY success=False failure=TIMEOUT
PHASE3_MATRIX_CELL chain=S2_MOKA_GRASP_TO_ON_STOVE episode=demo_48 condition=C1 arm=TYPED_MATCHED_RECOVERY success=True failure=None
PHASE3_MATRIX_CELL chain=S2_MOKA_GRASP_TO_ON_STOVE episode=demo_48 condition=C1 arm=B6_FULL success=True failure=None
PHASE3_MATRIX_CELL chain=S2_MOKA_GRASP_TO_ON_STOVE episode=demo_48 condition=C3 arm=B2_COMMAND_PROGRESS success=False failure=PREMATURE_ADVANCE
PHASE3_MATRIX_CELL chain=S2_MOKA_GRASP_TO_ON_STOVE episode=demo_48 condition=C3 arm=B3_MONOLITHIC success=False failure=PREMATURE_ADVANCE
PHASE3_MATRIX_CELL chain=S2_MOKA_GRASP_TO_ON_STOVE episode=demo_48 condition=C3 arm=POSTCHECK_RECOVERY success=True failure=None
PHASE3_MATRIX_CELL chain=S2_MOKA_GRASP_TO_ON_STOVE episode=demo_48 condition=C3 arm=PERSISTENCE_RECOVERY success=False failure=TIMEOUT
PHASE3_MATRIX_CELL chain=S2_MOKA_GRASP_TO_ON_STOVE episode=demo_48 condition=C3 arm=TYPED_MATCHED_RECOVERY success=True failure=None
PHASE3_MATRIX_CELL chain=S2_MOKA_GRASP_TO_ON_STOVE episode=demo_48 condition=C3 arm=B6_FULL success=True failure=None
PHASE3_MATRIX_CELL chain=S2_MOKA_GRASP_TO_ON_STOVE episode=demo_48 condition=C4 arm=B2_COMMAND_PROGRESS success=False failure=PREMATURE_ADVANCE
PHASE3_MATRIX_CELL chain=S2_MOKA_GRASP_TO_ON_STOVE episode=demo_48 condition=C4 arm=B3_MONOLITHIC success=False failure=PREMATURE_ADVANCE
PHASE3_MATRIX_CELL chain=S2_MOKA_GRASP_TO_ON_STOVE episode=demo_48 condition=C4 arm=POSTCHECK_RECOVERY success=False failure=PREMATURE_ADVANCE
PHASE3_MATRIX_CELL chain=S2_MOKA_GRASP_TO_ON_STOVE episode=demo_48 condition=C4 arm=PERSISTENCE_RECOVERY success=False failure=TIMEOUT
PHASE3_MATRIX_CELL chain=S2_MOKA_GRASP_TO_ON_STOVE episode=demo_48 condition=C4 arm=TYPED_MATCHED_RECOVERY success=True failure=None
PHASE3_MATRIX_CELL chain=S2_MOKA_GRASP_TO_ON_STOVE episode=demo_48 condition=C4 arm=B6_FULL success=True failure=None
PHASE3_MATRIX_CELL chain=S2_MOKA_GRASP_TO_ON_STOVE episode=demo_48 condition=C7 arm=B2_COMMAND_PROGRESS success=False failure=PREMATURE_ADVANCE
PHASE3_MATRIX_CELL chain=S2_MOKA_GRASP_TO_ON_STOVE episode=demo_48 condition=C7 arm=B3_MONOLITHIC success=False failure=PREMATURE_ADVANCE
PHASE3_MATRIX_CELL chain=S2_MOKA_GRASP_TO_ON_STOVE episode=demo_48 condition=C7 arm=POSTCHECK_RECOVERY success=True failure=None
PHASE3_MATRIX_CELL chain=S2_MOKA_GRASP_TO_ON_STOVE episode=demo_48 condition=C7 arm=PERSISTENCE_RECOVERY success=False failure=TIMEOUT
PHASE3_MATRIX_CELL chain=S2_MOKA_GRASP_TO_ON_STOVE episode=demo_48 condition=C7 arm=TYPED_MATCHED_RECOVERY success=True failure=None
PHASE3_MATRIX_CELL chain=S2_MOKA_GRASP_TO_ON_STOVE episode=demo_48 condition=C7 arm=B6_FULL success=True failure=None
PHASE3_MATRIX_CELL chain=S2_MOKA_GRASP_TO_ON_STOVE episode=demo_49 condition=C0 arm=B2_COMMAND_PROGRESS success=True failure=None
PHASE3_MATRIX_CELL chain=S2_MOKA_GRASP_TO_ON_STOVE episode=demo_49 condition=C0 arm=B3_MONOLITHIC success=True failure=None
PHASE3_MATRIX_CELL chain=S2_MOKA_GRASP_TO_ON_STOVE episode=demo_49 condition=C0 arm=POSTCHECK_RECOVERY success=True failure=None
PHASE3_MATRIX_CELL chain=S2_MOKA_GRASP_TO_ON_STOVE episode=demo_49 condition=C0 arm=PERSISTENCE_RECOVERY success=True failure=None
PHASE3_MATRIX_CELL chain=S2_MOKA_GRASP_TO_ON_STOVE episode=demo_49 condition=C0 arm=TYPED_MATCHED_RECOVERY success=True failure=None
PHASE3_MATRIX_CELL chain=S2_MOKA_GRASP_TO_ON_STOVE episode=demo_49 condition=C0 arm=B6_FULL success=True failure=None
PHASE3_MATRIX_CELL chain=S2_MOKA_GRASP_TO_ON_STOVE episode=demo_49 condition=C1 arm=B2_COMMAND_PROGRESS success=False failure=PREMATURE_ADVANCE
PHASE3_MATRIX_CELL chain=S2_MOKA_GRASP_TO_ON_STOVE episode=demo_49 condition=C1 arm=B3_MONOLITHIC success=False failure=PREMATURE_ADVANCE
PHASE3_MATRIX_CELL chain=S2_MOKA_GRASP_TO_ON_STOVE episode=demo_49 condition=C1 arm=POSTCHECK_RECOVERY success=True failure=None
PHASE3_MATRIX_CELL chain=S2_MOKA_GRASP_TO_ON_STOVE episode=demo_49 condition=C1 arm=PERSISTENCE_RECOVERY success=False failure=TIMEOUT
PHASE3_MATRIX_CELL chain=S2_MOKA_GRASP_TO_ON_STOVE episode=demo_49 condition=C1 arm=TYPED_MATCHED_RECOVERY success=True failure=None
PHASE3_MATRIX_CELL chain=S2_MOKA_GRASP_TO_ON_STOVE episode=demo_49 condition=C1 arm=B6_FULL success=True failure=None
PHASE3_MATRIX_CELL chain=S2_MOKA_GRASP_TO_ON_STOVE episode=demo_49 condition=C3 arm=B2_COMMAND_PROGRESS success=False failure=PREMATURE_ADVANCE
PHASE3_MATRIX_CELL chain=S2_MOKA_GRASP_TO_ON_STOVE episode=demo_49 condition=C3 arm=B3_MONOLITHIC success=False failure=PREMATURE_ADVANCE
PHASE3_MATRIX_CELL chain=S2_MOKA_GRASP_TO_ON_STOVE episode=demo_49 condition=C3 arm=POSTCHECK_RECOVERY success=True failure=None
PHASE3_MATRIX_CELL chain=S2_MOKA_GRASP_TO_ON_STOVE episode=demo_49 condition=C3 arm=PERSISTENCE_RECOVERY success=False failure=TIMEOUT
PHASE3_MATRIX_CELL chain=S2_MOKA_GRASP_TO_ON_STOVE episode=demo_49 condition=C3 arm=TYPED_MATCHED_RECOVERY success=True failure=None
PHASE3_MATRIX_CELL chain=S2_MOKA_GRASP_TO_ON_STOVE episode=demo_49 condition=C3 arm=B6_FULL success=True failure=None
PHASE3_MATRIX_CELL chain=S2_MOKA_GRASP_TO_ON_STOVE episode=demo_49 condition=C4 arm=B2_COMMAND_PROGRESS success=False failure=PREMATURE_ADVANCE
PHASE3_MATRIX_CELL chain=S2_MOKA_GRASP_TO_ON_STOVE episode=demo_49 condition=C4 arm=B3_MONOLITHIC success=False failure=PREMATURE_ADVANCE
PHASE3_MATRIX_CELL chain=S2_MOKA_GRASP_TO_ON_STOVE episode=demo_49 condition=C4 arm=POSTCHECK_RECOVERY success=False failure=PREMATURE_ADVANCE
PHASE3_MATRIX_CELL chain=S2_MOKA_GRASP_TO_ON_STOVE episode=demo_49 condition=C4 arm=PERSISTENCE_RECOVERY success=False failure=TIMEOUT
PHASE3_MATRIX_CELL chain=S2_MOKA_GRASP_TO_ON_STOVE episode=demo_49 condition=C4 arm=TYPED_MATCHED_RECOVERY success=True failure=None
PHASE3_MATRIX_CELL chain=S2_MOKA_GRASP_TO_ON_STOVE episode=demo_49 condition=C4 arm=B6_FULL success=True failure=None
PHASE3_MATRIX_CELL chain=S2_MOKA_GRASP_TO_ON_STOVE episode=demo_49 condition=C7 arm=B2_COMMAND_PROGRESS success=False failure=PREMATURE_ADVANCE
PHASE3_MATRIX_CELL chain=S2_MOKA_GRASP_TO_ON_STOVE episode=demo_49 condition=C7 arm=B3_MONOLITHIC success=False failure=PREMATURE_ADVANCE
PHASE3_MATRIX_CELL chain=S2_MOKA_GRASP_TO_ON_STOVE episode=demo_49 condition=C7 arm=POSTCHECK_RECOVERY success=True failure=None
PHASE3_MATRIX_CELL chain=S2_MOKA_GRASP_TO_ON_STOVE episode=demo_49 condition=C7 arm=PERSISTENCE_RECOVERY success=False failure=TIMEOUT
PHASE3_MATRIX_CELL chain=S2_MOKA_GRASP_TO_ON_STOVE episode=demo_49 condition=C7 arm=TYPED_MATCHED_RECOVERY success=True failure=None
PHASE3_MATRIX_CELL chain=S2_MOKA_GRASP_TO_ON_STOVE episode=demo_49 condition=C7 arm=B6_FULL success=True failure=None
PHASE3_MATRIX_CELL chain=B1_BOWL_GRASP_TO_DRAWER episode=demo_40 condition=C0 arm=B2_COMMAND_PROGRESS success=False failure=REPLAY_BACKEND_FAILURE
PHASE3_MATRIX_CELL chain=B1_BOWL_GRASP_TO_DRAWER episode=demo_40 condition=C0 arm=B3_MONOLITHIC success=False failure=REPLAY_BACKEND_FAILURE
PHASE3_MATRIX_CELL chain=B1_BOWL_GRASP_TO_DRAWER episode=demo_40 condition=C0 arm=POSTCHECK_RECOVERY success=False failure=REPLAY_BACKEND_FAILURE
PHASE3_MATRIX_CELL chain=B1_BOWL_GRASP_TO_DRAWER episode=demo_40 condition=C0 arm=PERSISTENCE_RECOVERY success=False failure=REPLAY_BACKEND_FAILURE
PHASE3_MATRIX_CELL chain=B1_BOWL_GRASP_TO_DRAWER episode=demo_40 condition=C0 arm=TYPED_MATCHED_RECOVERY success=False failure=REPLAY_BACKEND_FAILURE
PHASE3_MATRIX_CELL chain=B1_BOWL_GRASP_TO_DRAWER episode=demo_40 condition=C0 arm=B6_FULL success=False failure=REPLAY_BACKEND_FAILURE
PHASE3_MATRIX_CELL chain=B1_BOWL_GRASP_TO_DRAWER episode=demo_40 condition=C1 arm=B2_COMMAND_PROGRESS success=False failure=REPLAY_BACKEND_FAILURE
PHASE3_MATRIX_CELL chain=B1_BOWL_GRASP_TO_DRAWER episode=demo_40 condition=C1 arm=B3_MONOLITHIC success=False failure=REPLAY_BACKEND_FAILURE
PHASE3_MATRIX_CELL chain=B1_BOWL_GRASP_TO_DRAWER episode=demo_40 condition=C1 arm=POSTCHECK_RECOVERY success=False failure=REPLAY_BACKEND_FAILURE
PHASE3_MATRIX_CELL chain=B1_BOWL_GRASP_TO_DRAWER episode=demo_40 condition=C1 arm=PERSISTENCE_RECOVERY success=False failure=REPLAY_BACKEND_FAILURE
PHASE3_MATRIX_CELL chain=B1_BOWL_GRASP_TO_DRAWER episode=demo_40 condition=C1 arm=TYPED_MATCHED_RECOVERY success=False failure=REPLAY_BACKEND_FAILURE
PHASE3_MATRIX_CELL chain=B1_BOWL_GRASP_TO_DRAWER episode=demo_40 condition=C1 arm=B6_FULL success=False failure=REPLAY_BACKEND_FAILURE
PHASE3_MATRIX_CELL chain=B1_BOWL_GRASP_TO_DRAWER episode=demo_40 condition=C3 arm=B2_COMMAND_PROGRESS success=False failure=REPLAY_BACKEND_FAILURE
PHASE3_MATRIX_CELL chain=B1_BOWL_GRASP_TO_DRAWER episode=demo_40 condition=C3 arm=B3_MONOLITHIC success=False failure=REPLAY_BACKEND_FAILURE
PHASE3_MATRIX_CELL chain=B1_BOWL_GRASP_TO_DRAWER episode=demo_40 condition=C3 arm=POSTCHECK_RECOVERY success=False failure=REPLAY_BACKEND_FAILURE
PHASE3_MATRIX_CELL chain=B1_BOWL_GRASP_TO_DRAWER episode=demo_40 condition=C3 arm=PERSISTENCE_RECOVERY success=False failure=REPLAY_BACKEND_FAILURE
PHASE3_MATRIX_CELL chain=B1_BOWL_GRASP_TO_DRAWER episode=demo_40 condition=C3 arm=TYPED_MATCHED_RECOVERY success=False failure=REPLAY_BACKEND_FAILURE
PHASE3_MATRIX_CELL chain=B1_BOWL_GRASP_TO_DRAWER episode=demo_40 condition=C3 arm=B6_FULL success=False failure=REPLAY_BACKEND_FAILURE
PHASE3_MATRIX_CELL chain=B1_BOWL_GRASP_TO_DRAWER episode=demo_40 condition=C4 arm=B2_COMMAND_PROGRESS success=False failure=REPLAY_BACKEND_FAILURE
PHASE3_MATRIX_CELL chain=B1_BOWL_GRASP_TO_DRAWER episode=demo_40 condition=C4 arm=B3_MONOLITHIC success=False failure=REPLAY_BACKEND_FAILURE
PHASE3_MATRIX_CELL chain=B1_BOWL_GRASP_TO_DRAWER episode=demo_40 condition=C4 arm=POSTCHECK_RECOVERY success=False failure=REPLAY_BACKEND_FAILURE
PHASE3_MATRIX_CELL chain=B1_BOWL_GRASP_TO_DRAWER episode=demo_40 condition=C4 arm=PERSISTENCE_RECOVERY success=False failure=REPLAY_BACKEND_FAILURE
PHASE3_MATRIX_CELL chain=B1_BOWL_GRASP_TO_DRAWER episode=demo_40 condition=C4 arm=TYPED_MATCHED_RECOVERY success=False failure=REPLAY_BACKEND_FAILURE
PHASE3_MATRIX_CELL chain=B1_BOWL_GRASP_TO_DRAWER episode=demo_40 condition=C4 arm=B6_FULL success=False failure=REPLAY_BACKEND_FAILURE
PHASE3_MATRIX_CELL chain=B1_BOWL_GRASP_TO_DRAWER episode=demo_40 condition=C7 arm=B2_COMMAND_PROGRESS success=False failure=REPLAY_BACKEND_FAILURE
PHASE3_MATRIX_CELL chain=B1_BOWL_GRASP_TO_DRAWER episode=demo_40 condition=C7 arm=B3_MONOLITHIC success=False failure=REPLAY_BACKEND_FAILURE
PHASE3_MATRIX_CELL chain=B1_BOWL_GRASP_TO_DRAWER episode=demo_40 condition=C7 arm=POSTCHECK_RECOVERY success=False failure=REPLAY_BACKEND_FAILURE
PHASE3_MATRIX_CELL chain=B1_BOWL_GRASP_TO_DRAWER episode=demo_40 condition=C7 arm=PERSISTENCE_RECOVERY success=False failure=REPLAY_BACKEND_FAILURE
PHASE3_MATRIX_CELL chain=B1_BOWL_GRASP_TO_DRAWER episode=demo_40 condition=C7 arm=TYPED_MATCHED_RECOVERY success=False failure=REPLAY_BACKEND_FAILURE
PHASE3_MATRIX_CELL chain=B1_BOWL_GRASP_TO_DRAWER episode=demo_40 condition=C7 arm=B6_FULL success=False failure=REPLAY_BACKEND_FAILURE
PHASE3_MATRIX_CELL chain=B1_BOWL_GRASP_TO_DRAWER episode=demo_41 condition=C0 arm=B2_COMMAND_PROGRESS success=True failure=None
PHASE3_MATRIX_CELL chain=B1_BOWL_GRASP_TO_DRAWER episode=demo_41 condition=C0 arm=B3_MONOLITHIC success=True failure=None
PHASE3_MATRIX_CELL chain=B1_BOWL_GRASP_TO_DRAWER episode=demo_41 condition=C0 arm=POSTCHECK_RECOVERY success=True failure=None
PHASE3_MATRIX_CELL chain=B1_BOWL_GRASP_TO_DRAWER episode=demo_41 condition=C0 arm=PERSISTENCE_RECOVERY success=True failure=None
PHASE3_MATRIX_CELL chain=B1_BOWL_GRASP_TO_DRAWER episode=demo_41 condition=C0 arm=TYPED_MATCHED_RECOVERY success=True failure=None
PHASE3_MATRIX_CELL chain=B1_BOWL_GRASP_TO_DRAWER episode=demo_41 condition=C0 arm=B6_FULL success=True failure=None
PHASE3_MATRIX_CELL chain=B1_BOWL_GRASP_TO_DRAWER episode=demo_41 condition=C1 arm=B2_COMMAND_PROGRESS success=False failure=PREMATURE_ADVANCE
PHASE3_MATRIX_CELL chain=B1_BOWL_GRASP_TO_DRAWER episode=demo_41 condition=C1 arm=B3_MONOLITHIC success=False failure=PREMATURE_ADVANCE
PHASE3_MATRIX_CELL chain=B1_BOWL_GRASP_TO_DRAWER episode=demo_41 condition=C1 arm=POSTCHECK_RECOVERY success=True failure=None
PHASE3_MATRIX_CELL chain=B1_BOWL_GRASP_TO_DRAWER episode=demo_41 condition=C1 arm=PERSISTENCE_RECOVERY success=False failure=TIMEOUT
PHASE3_MATRIX_CELL chain=B1_BOWL_GRASP_TO_DRAWER episode=demo_41 condition=C1 arm=TYPED_MATCHED_RECOVERY success=True failure=None
PHASE3_MATRIX_CELL chain=B1_BOWL_GRASP_TO_DRAWER episode=demo_41 condition=C1 arm=B6_FULL success=True failure=None
PHASE3_MATRIX_CELL chain=B1_BOWL_GRASP_TO_DRAWER episode=demo_41 condition=C3 arm=B2_COMMAND_PROGRESS success=False failure=PREMATURE_ADVANCE
PHASE3_MATRIX_CELL chain=B1_BOWL_GRASP_TO_DRAWER episode=demo_41 condition=C3 arm=B3_MONOLITHIC success=False failure=PREMATURE_ADVANCE
PHASE3_MATRIX_CELL chain=B1_BOWL_GRASP_TO_DRAWER episode=demo_41 condition=C3 arm=POSTCHECK_RECOVERY success=True failure=None
PHASE3_MATRIX_CELL chain=B1_BOWL_GRASP_TO_DRAWER episode=demo_41 condition=C3 arm=PERSISTENCE_RECOVERY success=False failure=TIMEOUT
PHASE3_MATRIX_CELL chain=B1_BOWL_GRASP_TO_DRAWER episode=demo_41 condition=C3 arm=TYPED_MATCHED_RECOVERY success=True failure=None
PHASE3_MATRIX_CELL chain=B1_BOWL_GRASP_TO_DRAWER episode=demo_41 condition=C3 arm=B6_FULL success=True failure=None
PHASE3_MATRIX_CELL chain=B1_BOWL_GRASP_TO_DRAWER episode=demo_41 condition=C4 arm=B2_COMMAND_PROGRESS success=False failure=PREMATURE_ADVANCE
PHASE3_MATRIX_CELL chain=B1_BOWL_GRASP_TO_DRAWER episode=demo_41 condition=C4 arm=B3_MONOLITHIC success=False failure=PREMATURE_ADVANCE
PHASE3_MATRIX_CELL chain=B1_BOWL_GRASP_TO_DRAWER episode=demo_41 condition=C4 arm=POSTCHECK_RECOVERY success=False failure=PREMATURE_ADVANCE
PHASE3_MATRIX_CELL chain=B1_BOWL_GRASP_TO_DRAWER episode=demo_41 condition=C4 arm=PERSISTENCE_RECOVERY success=False failure=TIMEOUT
PHASE3_MATRIX_CELL chain=B1_BOWL_GRASP_TO_DRAWER episode=demo_41 condition=C4 arm=TYPED_MATCHED_RECOVERY success=True failure=None
PHASE3_MATRIX_CELL chain=B1_BOWL_GRASP_TO_DRAWER episode=demo_41 condition=C4 arm=B6_FULL success=True failure=None
PHASE3_MATRIX_CELL chain=B1_BOWL_GRASP_TO_DRAWER episode=demo_41 condition=C7 arm=B2_COMMAND_PROGRESS success=False failure=PREMATURE_ADVANCE
PHASE3_MATRIX_CELL chain=B1_BOWL_GRASP_TO_DRAWER episode=demo_41 condition=C7 arm=B3_MONOLITHIC success=False failure=PREMATURE_ADVANCE
PHASE3_MATRIX_CELL chain=B1_BOWL_GRASP_TO_DRAWER episode=demo_41 condition=C7 arm=POSTCHECK_RECOVERY success=True failure=None
PHASE3_MATRIX_CELL chain=B1_BOWL_GRASP_TO_DRAWER episode=demo_41 condition=C7 arm=PERSISTENCE_RECOVERY success=False failure=TIMEOUT
PHASE3_MATRIX_CELL chain=B1_BOWL_GRASP_TO_DRAWER episode=demo_41 condition=C7 arm=TYPED_MATCHED_RECOVERY success=True failure=None
PHASE3_MATRIX_CELL chain=B1_BOWL_GRASP_TO_DRAWER episode=demo_41 condition=C7 arm=B6_FULL success=True failure=None
PHASE3_MATRIX_CELL chain=B1_BOWL_GRASP_TO_DRAWER episode=demo_42 condition=C0 arm=B2_COMMAND_PROGRESS success=True failure=None
PHASE3_MATRIX_CELL chain=B1_BOWL_GRASP_TO_DRAWER episode=demo_42 condition=C0 arm=B3_MONOLITHIC success=True failure=None
PHASE3_MATRIX_CELL chain=B1_BOWL_GRASP_TO_DRAWER episode=demo_42 condition=C0 arm=POSTCHECK_RECOVERY success=True failure=None
PHASE3_MATRIX_CELL chain=B1_BOWL_GRASP_TO_DRAWER episode=demo_42 condition=C0 arm=PERSISTENCE_RECOVERY success=True failure=None
PHASE3_MATRIX_CELL chain=B1_BOWL_GRASP_TO_DRAWER episode=demo_42 condition=C0 arm=TYPED_MATCHED_RECOVERY success=True failure=None
PHASE3_MATRIX_CELL chain=B1_BOWL_GRASP_TO_DRAWER episode=demo_42 condition=C0 arm=B6_FULL success=True failure=None
PHASE3_MATRIX_CELL chain=B1_BOWL_GRASP_TO_DRAWER episode=demo_42 condition=C1 arm=B2_COMMAND_PROGRESS success=False failure=PREMATURE_ADVANCE
PHASE3_MATRIX_CELL chain=B1_BOWL_GRASP_TO_DRAWER episode=demo_42 condition=C1 arm=B3_MONOLITHIC success=False failure=PREMATURE_ADVANCE
PHASE3_MATRIX_CELL chain=B1_BOWL_GRASP_TO_DRAWER episode=demo_42 condition=C1 arm=POSTCHECK_RECOVERY success=True failure=None
PHASE3_MATRIX_CELL chain=B1_BOWL_GRASP_TO_DRAWER episode=demo_42 condition=C1 arm=PERSISTENCE_RECOVERY success=False failure=TIMEOUT
PHASE3_MATRIX_CELL chain=B1_BOWL_GRASP_TO_DRAWER episode=demo_42 condition=C1 arm=TYPED_MATCHED_RECOVERY success=True failure=None
PHASE3_MATRIX_CELL chain=B1_BOWL_GRASP_TO_DRAWER episode=demo_42 condition=C1 arm=B6_FULL success=True failure=None
PHASE3_MATRIX_CELL chain=B1_BOWL_GRASP_TO_DRAWER episode=demo_42 condition=C3 arm=B2_COMMAND_PROGRESS success=False failure=PREMATURE_ADVANCE
PHASE3_MATRIX_CELL chain=B1_BOWL_GRASP_TO_DRAWER episode=demo_42 condition=C3 arm=B3_MONOLITHIC success=False failure=PREMATURE_ADVANCE
PHASE3_MATRIX_CELL chain=B1_BOWL_GRASP_TO_DRAWER episode=demo_42 condition=C3 arm=POSTCHECK_RECOVERY success=True failure=None
PHASE3_MATRIX_CELL chain=B1_BOWL_GRASP_TO_DRAWER episode=demo_42 condition=C3 arm=PERSISTENCE_RECOVERY success=False failure=TIMEOUT
PHASE3_MATRIX_CELL chain=B1_BOWL_GRASP_TO_DRAWER episode=demo_42 condition=C3 arm=TYPED_MATCHED_RECOVERY success=True failure=None
PHASE3_MATRIX_CELL chain=B1_BOWL_GRASP_TO_DRAWER episode=demo_42 condition=C3 arm=B6_FULL success=True failure=None
PHASE3_MATRIX_CELL chain=B1_BOWL_GRASP_TO_DRAWER episode=demo_42 condition=C4 arm=B2_COMMAND_PROGRESS success=False failure=PREMATURE_ADVANCE
PHASE3_MATRIX_CELL chain=B1_BOWL_GRASP_TO_DRAWER episode=demo_42 condition=C4 arm=B3_MONOLITHIC success=False failure=PREMATURE_ADVANCE
PHASE3_MATRIX_CELL chain=B1_BOWL_GRASP_TO_DRAWER episode=demo_42 condition=C4 arm=POSTCHECK_RECOVERY success=False failure=PREMATURE_ADVANCE
PHASE3_MATRIX_CELL chain=B1_BOWL_GRASP_TO_DRAWER episode=demo_42 condition=C4 arm=PERSISTENCE_RECOVERY success=False failure=TIMEOUT
PHASE3_MATRIX_CELL chain=B1_BOWL_GRASP_TO_DRAWER episode=demo_42 condition=C4 arm=TYPED_MATCHED_RECOVERY success=False failure=TIMEOUT
PHASE3_MATRIX_CELL chain=B1_BOWL_GRASP_TO_DRAWER episode=demo_42 condition=C4 arm=B6_FULL success=False failure=TIMEOUT
PHASE3_MATRIX_CELL chain=B1_BOWL_GRASP_TO_DRAWER episode=demo_42 condition=C7 arm=B2_COMMAND_PROGRESS success=False failure=PREMATURE_ADVANCE
PHASE3_MATRIX_CELL chain=B1_BOWL_GRASP_TO_DRAWER episode=demo_42 condition=C7 arm=B3_MONOLITHIC success=False failure=PREMATURE_ADVANCE
PHASE3_MATRIX_CELL chain=B1_BOWL_GRASP_TO_DRAWER episode=demo_42 condition=C7 arm=POSTCHECK_RECOVERY success=False failure=TIMEOUT
PHASE3_MATRIX_CELL chain=B1_BOWL_GRASP_TO_DRAWER episode=demo_42 condition=C7 arm=PERSISTENCE_RECOVERY success=False failure=TIMEOUT
PHASE3_MATRIX_CELL chain=B1_BOWL_GRASP_TO_DRAWER episode=demo_42 condition=C7 arm=TYPED_MATCHED_RECOVERY success=False failure=TIMEOUT
PHASE3_MATRIX_CELL chain=B1_BOWL_GRASP_TO_DRAWER episode=demo_42 condition=C7 arm=B6_FULL success=False failure=TIMEOUT
PHASE3_MATRIX_CELL chain=B1_BOWL_GRASP_TO_DRAWER episode=demo_43 condition=C0 arm=B2_COMMAND_PROGRESS success=True failure=None
PHASE3_MATRIX_CELL chain=B1_BOWL_GRASP_TO_DRAWER episode=demo_43 condition=C0 arm=B3_MONOLITHIC success=True failure=None
PHASE3_MATRIX_CELL chain=B1_BOWL_GRASP_TO_DRAWER episode=demo_43 condition=C0 arm=POSTCHECK_RECOVERY success=True failure=None
PHASE3_MATRIX_CELL chain=B1_BOWL_GRASP_TO_DRAWER episode=demo_43 condition=C0 arm=PERSISTENCE_RECOVERY success=True failure=None
PHASE3_MATRIX_CELL chain=B1_BOWL_GRASP_TO_DRAWER episode=demo_43 condition=C0 arm=TYPED_MATCHED_RECOVERY success=True failure=None
PHASE3_MATRIX_CELL chain=B1_BOWL_GRASP_TO_DRAWER episode=demo_43 condition=C0 arm=B6_FULL success=True failure=None
PHASE3_MATRIX_CELL chain=B1_BOWL_GRASP_TO_DRAWER episode=demo_43 condition=C1 arm=B2_COMMAND_PROGRESS success=False failure=PREMATURE_ADVANCE
PHASE3_MATRIX_CELL chain=B1_BOWL_GRASP_TO_DRAWER episode=demo_43 condition=C1 arm=B3_MONOLITHIC success=False failure=PREMATURE_ADVANCE
PHASE3_MATRIX_CELL chain=B1_BOWL_GRASP_TO_DRAWER episode=demo_43 condition=C1 arm=POSTCHECK_RECOVERY success=True failure=None
PHASE3_MATRIX_CELL chain=B1_BOWL_GRASP_TO_DRAWER episode=demo_43 condition=C1 arm=PERSISTENCE_RECOVERY success=False failure=TIMEOUT
PHASE3_MATRIX_CELL chain=B1_BOWL_GRASP_TO_DRAWER episode=demo_43 condition=C1 arm=TYPED_MATCHED_RECOVERY success=True failure=None
PHASE3_MATRIX_CELL chain=B1_BOWL_GRASP_TO_DRAWER episode=demo_43 condition=C1 arm=B6_FULL success=True failure=None
PHASE3_MATRIX_CELL chain=B1_BOWL_GRASP_TO_DRAWER episode=demo_43 condition=C3 arm=B2_COMMAND_PROGRESS success=False failure=PREMATURE_ADVANCE
PHASE3_MATRIX_CELL chain=B1_BOWL_GRASP_TO_DRAWER episode=demo_43 condition=C3 arm=B3_MONOLITHIC success=False failure=PREMATURE_ADVANCE
PHASE3_MATRIX_CELL chain=B1_BOWL_GRASP_TO_DRAWER episode=demo_43 condition=C3 arm=POSTCHECK_RECOVERY success=True failure=None
PHASE3_MATRIX_CELL chain=B1_BOWL_GRASP_TO_DRAWER episode=demo_43 condition=C3 arm=PERSISTENCE_RECOVERY success=False failure=TIMEOUT
PHASE3_MATRIX_CELL chain=B1_BOWL_GRASP_TO_DRAWER episode=demo_43 condition=C3 arm=TYPED_MATCHED_RECOVERY success=True failure=None
PHASE3_MATRIX_CELL chain=B1_BOWL_GRASP_TO_DRAWER episode=demo_43 condition=C3 arm=B6_FULL success=True failure=None
PHASE3_MATRIX_CELL chain=B1_BOWL_GRASP_TO_DRAWER episode=demo_43 condition=C4 arm=B2_COMMAND_PROGRESS success=False failure=PREMATURE_ADVANCE
PHASE3_MATRIX_CELL chain=B1_BOWL_GRASP_TO_DRAWER episode=demo_43 condition=C4 arm=B3_MONOLITHIC success=False failure=PREMATURE_ADVANCE
PHASE3_MATRIX_CELL chain=B1_BOWL_GRASP_TO_DRAWER episode=demo_43 condition=C4 arm=POSTCHECK_RECOVERY success=False failure=PREMATURE_ADVANCE
PHASE3_MATRIX_CELL chain=B1_BOWL_GRASP_TO_DRAWER episode=demo_43 condition=C4 arm=PERSISTENCE_RECOVERY success=False failure=TIMEOUT
PHASE3_MATRIX_CELL chain=B1_BOWL_GRASP_TO_DRAWER episode=demo_43 condition=C4 arm=TYPED_MATCHED_RECOVERY success=True failure=None
PHASE3_MATRIX_CELL chain=B1_BOWL_GRASP_TO_DRAWER episode=demo_43 condition=C4 arm=B6_FULL success=True failure=None
PHASE3_MATRIX_CELL chain=B1_BOWL_GRASP_TO_DRAWER episode=demo_43 condition=C7 arm=B2_COMMAND_PROGRESS success=False failure=PREMATURE_ADVANCE
PHASE3_MATRIX_CELL chain=B1_BOWL_GRASP_TO_DRAWER episode=demo_43 condition=C7 arm=B3_MONOLITHIC success=False failure=PREMATURE_ADVANCE
PHASE3_MATRIX_CELL chain=B1_BOWL_GRASP_TO_DRAWER episode=demo_43 condition=C7 arm=POSTCHECK_RECOVERY success=True failure=None
PHASE3_MATRIX_CELL chain=B1_BOWL_GRASP_TO_DRAWER episode=demo_43 condition=C7 arm=PERSISTENCE_RECOVERY success=False failure=TIMEOUT
PHASE3_MATRIX_CELL chain=B1_BOWL_GRASP_TO_DRAWER episode=demo_43 condition=C7 arm=TYPED_MATCHED_RECOVERY success=True failure=None
PHASE3_MATRIX_CELL chain=B1_BOWL_GRASP_TO_DRAWER episode=demo_43 condition=C7 arm=B6_FULL success=True failure=None
PHASE3_MATRIX_CELL chain=B1_BOWL_GRASP_TO_DRAWER episode=demo_44 condition=C0 arm=B2_COMMAND_PROGRESS success=True failure=None
PHASE3_MATRIX_CELL chain=B1_BOWL_GRASP_TO_DRAWER episode=demo_44 condition=C0 arm=B3_MONOLITHIC success=True failure=None
PHASE3_MATRIX_CELL chain=B1_BOWL_GRASP_TO_DRAWER episode=demo_44 condition=C0 arm=POSTCHECK_RECOVERY success=True failure=None
PHASE3_MATRIX_CELL chain=B1_BOWL_GRASP_TO_DRAWER episode=demo_44 condition=C0 arm=PERSISTENCE_RECOVERY success=True failure=None
PHASE3_MATRIX_CELL chain=B1_BOWL_GRASP_TO_DRAWER episode=demo_44 condition=C0 arm=TYPED_MATCHED_RECOVERY success=True failure=None
PHASE3_MATRIX_CELL chain=B1_BOWL_GRASP_TO_DRAWER episode=demo_44 condition=C0 arm=B6_FULL success=True failure=None
PHASE3_MATRIX_CELL chain=B1_BOWL_GRASP_TO_DRAWER episode=demo_44 condition=C1 arm=B2_COMMAND_PROGRESS success=False failure=PREMATURE_ADVANCE
PHASE3_MATRIX_CELL chain=B1_BOWL_GRASP_TO_DRAWER episode=demo_44 condition=C1 arm=B3_MONOLITHIC success=False failure=PREMATURE_ADVANCE
PHASE3_MATRIX_CELL chain=B1_BOWL_GRASP_TO_DRAWER episode=demo_44 condition=C1 arm=POSTCHECK_RECOVERY success=True failure=None
PHASE3_MATRIX_CELL chain=B1_BOWL_GRASP_TO_DRAWER episode=demo_44 condition=C1 arm=PERSISTENCE_RECOVERY success=False failure=TIMEOUT
PHASE3_MATRIX_CELL chain=B1_BOWL_GRASP_TO_DRAWER episode=demo_44 condition=C1 arm=TYPED_MATCHED_RECOVERY success=True failure=None
PHASE3_MATRIX_CELL chain=B1_BOWL_GRASP_TO_DRAWER episode=demo_44 condition=C1 arm=B6_FULL success=True failure=None
PHASE3_MATRIX_CELL chain=B1_BOWL_GRASP_TO_DRAWER episode=demo_44 condition=C3 arm=B2_COMMAND_PROGRESS success=False failure=PREMATURE_ADVANCE
PHASE3_MATRIX_CELL chain=B1_BOWL_GRASP_TO_DRAWER episode=demo_44 condition=C3 arm=B3_MONOLITHIC success=False failure=PREMATURE_ADVANCE
PHASE3_MATRIX_CELL chain=B1_BOWL_GRASP_TO_DRAWER episode=demo_44 condition=C3 arm=POSTCHECK_RECOVERY success=True failure=None
PHASE3_MATRIX_CELL chain=B1_BOWL_GRASP_TO_DRAWER episode=demo_44 condition=C3 arm=PERSISTENCE_RECOVERY success=False failure=TIMEOUT
PHASE3_MATRIX_CELL chain=B1_BOWL_GRASP_TO_DRAWER episode=demo_44 condition=C3 arm=TYPED_MATCHED_RECOVERY success=True failure=None
PHASE3_MATRIX_CELL chain=B1_BOWL_GRASP_TO_DRAWER episode=demo_44 condition=C3 arm=B6_FULL success=True failure=None
PHASE3_MATRIX_CELL chain=B1_BOWL_GRASP_TO_DRAWER episode=demo_44 condition=C4 arm=B2_COMMAND_PROGRESS success=False failure=PREMATURE_ADVANCE
PHASE3_MATRIX_CELL chain=B1_BOWL_GRASP_TO_DRAWER episode=demo_44 condition=C4 arm=B3_MONOLITHIC success=False failure=PREMATURE_ADVANCE
PHASE3_MATRIX_CELL chain=B1_BOWL_GRASP_TO_DRAWER episode=demo_44 condition=C4 arm=POSTCHECK_RECOVERY success=False failure=PREMATURE_ADVANCE
PHASE3_MATRIX_CELL chain=B1_BOWL_GRASP_TO_DRAWER episode=demo_44 condition=C4 arm=PERSISTENCE_RECOVERY success=False failure=TIMEOUT
PHASE3_MATRIX_CELL chain=B1_BOWL_GRASP_TO_DRAWER episode=demo_44 condition=C4 arm=TYPED_MATCHED_RECOVERY success=True failure=None
PHASE3_MATRIX_CELL chain=B1_BOWL_GRASP_TO_DRAWER episode=demo_44 condition=C4 arm=B6_FULL success=True failure=None
PHASE3_MATRIX_CELL chain=B1_BOWL_GRASP_TO_DRAWER episode=demo_44 condition=C7 arm=B2_COMMAND_PROGRESS success=False failure=PREMATURE_ADVANCE
PHASE3_MATRIX_CELL chain=B1_BOWL_GRASP_TO_DRAWER episode=demo_44 condition=C7 arm=B3_MONOLITHIC success=False failure=PREMATURE_ADVANCE
PHASE3_MATRIX_CELL chain=B1_BOWL_GRASP_TO_DRAWER episode=demo_44 condition=C7 arm=POSTCHECK_RECOVERY success=True failure=None
PHASE3_MATRIX_CELL chain=B1_BOWL_GRASP_TO_DRAWER episode=demo_44 condition=C7 arm=PERSISTENCE_RECOVERY success=False failure=TIMEOUT
PHASE3_MATRIX_CELL chain=B1_BOWL_GRASP_TO_DRAWER episode=demo_44 condition=C7 arm=TYPED_MATCHED_RECOVERY success=True failure=None
PHASE3_MATRIX_CELL chain=B1_BOWL_GRASP_TO_DRAWER episode=demo_44 condition=C7 arm=B6_FULL success=True failure=None
PHASE3_MATRIX_CELL chain=B1_BOWL_GRASP_TO_DRAWER episode=demo_45 condition=C0 arm=B2_COMMAND_PROGRESS success=True failure=None
PHASE3_MATRIX_CELL chain=B1_BOWL_GRASP_TO_DRAWER episode=demo_45 condition=C0 arm=B3_MONOLITHIC success=True failure=None
PHASE3_MATRIX_CELL chain=B1_BOWL_GRASP_TO_DRAWER episode=demo_45 condition=C0 arm=POSTCHECK_RECOVERY success=True failure=None
PHASE3_MATRIX_CELL chain=B1_BOWL_GRASP_TO_DRAWER episode=demo_45 condition=C0 arm=PERSISTENCE_RECOVERY success=True failure=None
PHASE3_MATRIX_CELL chain=B1_BOWL_GRASP_TO_DRAWER episode=demo_45 condition=C0 arm=TYPED_MATCHED_RECOVERY success=True failure=None
PHASE3_MATRIX_CELL chain=B1_BOWL_GRASP_TO_DRAWER episode=demo_45 condition=C0 arm=B6_FULL success=True failure=None
PHASE3_MATRIX_CELL chain=B1_BOWL_GRASP_TO_DRAWER episode=demo_45 condition=C1 arm=B2_COMMAND_PROGRESS success=False failure=PREMATURE_ADVANCE
PHASE3_MATRIX_CELL chain=B1_BOWL_GRASP_TO_DRAWER episode=demo_45 condition=C1 arm=B3_MONOLITHIC success=False failure=PREMATURE_ADVANCE
PHASE3_MATRIX_CELL chain=B1_BOWL_GRASP_TO_DRAWER episode=demo_45 condition=C1 arm=POSTCHECK_RECOVERY success=True failure=None
PHASE3_MATRIX_CELL chain=B1_BOWL_GRASP_TO_DRAWER episode=demo_45 condition=C1 arm=PERSISTENCE_RECOVERY success=False failure=TIMEOUT
PHASE3_MATRIX_CELL chain=B1_BOWL_GRASP_TO_DRAWER episode=demo_45 condition=C1 arm=TYPED_MATCHED_RECOVERY success=True failure=None
PHASE3_MATRIX_CELL chain=B1_BOWL_GRASP_TO_DRAWER episode=demo_45 condition=C1 arm=B6_FULL success=True failure=None
PHASE3_MATRIX_CELL chain=B1_BOWL_GRASP_TO_DRAWER episode=demo_45 condition=C3 arm=B2_COMMAND_PROGRESS success=False failure=PREMATURE_ADVANCE
PHASE3_MATRIX_CELL chain=B1_BOWL_GRASP_TO_DRAWER episode=demo_45 condition=C3 arm=B3_MONOLITHIC success=False failure=PREMATURE_ADVANCE
PHASE3_MATRIX_CELL chain=B1_BOWL_GRASP_TO_DRAWER episode=demo_45 condition=C3 arm=POSTCHECK_RECOVERY success=True failure=None
PHASE3_MATRIX_CELL chain=B1_BOWL_GRASP_TO_DRAWER episode=demo_45 condition=C3 arm=PERSISTENCE_RECOVERY success=False failure=TIMEOUT
PHASE3_MATRIX_CELL chain=B1_BOWL_GRASP_TO_DRAWER episode=demo_45 condition=C3 arm=TYPED_MATCHED_RECOVERY success=True failure=None
PHASE3_MATRIX_CELL chain=B1_BOWL_GRASP_TO_DRAWER episode=demo_45 condition=C3 arm=B6_FULL success=True failure=None
PHASE3_MATRIX_CELL chain=B1_BOWL_GRASP_TO_DRAWER episode=demo_45 condition=C4 arm=B2_COMMAND_PROGRESS success=False failure=PREMATURE_ADVANCE
PHASE3_MATRIX_CELL chain=B1_BOWL_GRASP_TO_DRAWER episode=demo_45 condition=C4 arm=B3_MONOLITHIC success=False failure=PREMATURE_ADVANCE
PHASE3_MATRIX_CELL chain=B1_BOWL_GRASP_TO_DRAWER episode=demo_45 condition=C4 arm=POSTCHECK_RECOVERY success=False failure=PREMATURE_ADVANCE
PHASE3_MATRIX_CELL chain=B1_BOWL_GRASP_TO_DRAWER episode=demo_45 condition=C4 arm=PERSISTENCE_RECOVERY success=False failure=TIMEOUT
PHASE3_MATRIX_CELL chain=B1_BOWL_GRASP_TO_DRAWER episode=demo_45 condition=C4 arm=TYPED_MATCHED_RECOVERY success=True failure=None
PHASE3_MATRIX_CELL chain=B1_BOWL_GRASP_TO_DRAWER episode=demo_45 condition=C4 arm=B6_FULL success=True failure=None
PHASE3_MATRIX_CELL chain=B1_BOWL_GRASP_TO_DRAWER episode=demo_45 condition=C7 arm=B2_COMMAND_PROGRESS success=False failure=PREMATURE_ADVANCE
PHASE3_MATRIX_CELL chain=B1_BOWL_GRASP_TO_DRAWER episode=demo_45 condition=C7 arm=B3_MONOLITHIC success=False failure=PREMATURE_ADVANCE
PHASE3_MATRIX_CELL chain=B1_BOWL_GRASP_TO_DRAWER episode=demo_45 condition=C7 arm=POSTCHECK_RECOVERY success=True failure=None
PHASE3_MATRIX_CELL chain=B1_BOWL_GRASP_TO_DRAWER episode=demo_45 condition=C7 arm=PERSISTENCE_RECOVERY success=False failure=TIMEOUT
PHASE3_MATRIX_CELL chain=B1_BOWL_GRASP_TO_DRAWER episode=demo_45 condition=C7 arm=TYPED_MATCHED_RECOVERY success=True failure=None
PHASE3_MATRIX_CELL chain=B1_BOWL_GRASP_TO_DRAWER episode=demo_45 condition=C7 arm=B6_FULL success=True failure=None
PHASE3_MATRIX_CELL chain=B1_BOWL_GRASP_TO_DRAWER episode=demo_46 condition=C0 arm=B2_COMMAND_PROGRESS success=True failure=None
PHASE3_MATRIX_CELL chain=B1_BOWL_GRASP_TO_DRAWER episode=demo_46 condition=C0 arm=B3_MONOLITHIC success=True failure=None
PHASE3_MATRIX_CELL chain=B1_BOWL_GRASP_TO_DRAWER episode=demo_46 condition=C0 arm=POSTCHECK_RECOVERY success=True failure=None
PHASE3_MATRIX_CELL chain=B1_BOWL_GRASP_TO_DRAWER episode=demo_46 condition=C0 arm=PERSISTENCE_RECOVERY success=True failure=None
PHASE3_MATRIX_CELL chain=B1_BOWL_GRASP_TO_DRAWER episode=demo_46 condition=C0 arm=TYPED_MATCHED_RECOVERY success=True failure=None
PHASE3_MATRIX_CELL chain=B1_BOWL_GRASP_TO_DRAWER episode=demo_46 condition=C0 arm=B6_FULL success=True failure=None
PHASE3_MATRIX_CELL chain=B1_BOWL_GRASP_TO_DRAWER episode=demo_46 condition=C1 arm=B2_COMMAND_PROGRESS success=False failure=PREMATURE_ADVANCE
PHASE3_MATRIX_CELL chain=B1_BOWL_GRASP_TO_DRAWER episode=demo_46 condition=C1 arm=B3_MONOLITHIC success=False failure=PREMATURE_ADVANCE
PHASE3_MATRIX_CELL chain=B1_BOWL_GRASP_TO_DRAWER episode=demo_46 condition=C1 arm=POSTCHECK_RECOVERY success=True failure=None
PHASE3_MATRIX_CELL chain=B1_BOWL_GRASP_TO_DRAWER episode=demo_46 condition=C1 arm=PERSISTENCE_RECOVERY success=False failure=TIMEOUT
PHASE3_MATRIX_CELL chain=B1_BOWL_GRASP_TO_DRAWER episode=demo_46 condition=C1 arm=TYPED_MATCHED_RECOVERY success=True failure=None
PHASE3_MATRIX_CELL chain=B1_BOWL_GRASP_TO_DRAWER episode=demo_46 condition=C1 arm=B6_FULL success=True failure=None
PHASE3_MATRIX_CELL chain=B1_BOWL_GRASP_TO_DRAWER episode=demo_46 condition=C3 arm=B2_COMMAND_PROGRESS success=False failure=PREMATURE_ADVANCE
PHASE3_MATRIX_CELL chain=B1_BOWL_GRASP_TO_DRAWER episode=demo_46 condition=C3 arm=B3_MONOLITHIC success=False failure=PREMATURE_ADVANCE
PHASE3_MATRIX_CELL chain=B1_BOWL_GRASP_TO_DRAWER episode=demo_46 condition=C3 arm=POSTCHECK_RECOVERY success=True failure=None
PHASE3_MATRIX_CELL chain=B1_BOWL_GRASP_TO_DRAWER episode=demo_46 condition=C3 arm=PERSISTENCE_RECOVERY success=False failure=TIMEOUT
PHASE3_MATRIX_CELL chain=B1_BOWL_GRASP_TO_DRAWER episode=demo_46 condition=C3 arm=TYPED_MATCHED_RECOVERY success=True failure=None
PHASE3_MATRIX_CELL chain=B1_BOWL_GRASP_TO_DRAWER episode=demo_46 condition=C3 arm=B6_FULL success=True failure=None
PHASE3_MATRIX_CELL chain=B1_BOWL_GRASP_TO_DRAWER episode=demo_46 condition=C4 arm=B2_COMMAND_PROGRESS success=False failure=PREMATURE_ADVANCE
PHASE3_MATRIX_CELL chain=B1_BOWL_GRASP_TO_DRAWER episode=demo_46 condition=C4 arm=B3_MONOLITHIC success=False failure=PREMATURE_ADVANCE
PHASE3_MATRIX_CELL chain=B1_BOWL_GRASP_TO_DRAWER episode=demo_46 condition=C4 arm=POSTCHECK_RECOVERY success=False failure=PREMATURE_ADVANCE
PHASE3_MATRIX_CELL chain=B1_BOWL_GRASP_TO_DRAWER episode=demo_46 condition=C4 arm=PERSISTENCE_RECOVERY success=False failure=TIMEOUT
PHASE3_MATRIX_CELL chain=B1_BOWL_GRASP_TO_DRAWER episode=demo_46 condition=C4 arm=TYPED_MATCHED_RECOVERY success=True failure=None
PHASE3_MATRIX_CELL chain=B1_BOWL_GRASP_TO_DRAWER episode=demo_46 condition=C4 arm=B6_FULL success=True failure=None
PHASE3_MATRIX_CELL chain=B1_BOWL_GRASP_TO_DRAWER episode=demo_46 condition=C7 arm=B2_COMMAND_PROGRESS success=False failure=PREMATURE_ADVANCE
PHASE3_MATRIX_CELL chain=B1_BOWL_GRASP_TO_DRAWER episode=demo_46 condition=C7 arm=B3_MONOLITHIC success=False failure=PREMATURE_ADVANCE
PHASE3_MATRIX_CELL chain=B1_BOWL_GRASP_TO_DRAWER episode=demo_46 condition=C7 arm=POSTCHECK_RECOVERY success=True failure=None
PHASE3_MATRIX_CELL chain=B1_BOWL_GRASP_TO_DRAWER episode=demo_46 condition=C7 arm=PERSISTENCE_RECOVERY success=False failure=TIMEOUT
PHASE3_MATRIX_CELL chain=B1_BOWL_GRASP_TO_DRAWER episode=demo_46 condition=C7 arm=TYPED_MATCHED_RECOVERY success=True failure=None
PHASE3_MATRIX_CELL chain=B1_BOWL_GRASP_TO_DRAWER episode=demo_46 condition=C7 arm=B6_FULL success=True failure=None
PHASE3_MATRIX_CELL chain=B1_BOWL_GRASP_TO_DRAWER episode=demo_47 condition=C0 arm=B2_COMMAND_PROGRESS success=True failure=None
PHASE3_MATRIX_CELL chain=B1_BOWL_GRASP_TO_DRAWER episode=demo_47 condition=C0 arm=B3_MONOLITHIC success=True failure=None
PHASE3_MATRIX_CELL chain=B1_BOWL_GRASP_TO_DRAWER episode=demo_47 condition=C0 arm=POSTCHECK_RECOVERY success=True failure=None
PHASE3_MATRIX_CELL chain=B1_BOWL_GRASP_TO_DRAWER episode=demo_47 condition=C0 arm=PERSISTENCE_RECOVERY success=True failure=None
PHASE3_MATRIX_CELL chain=B1_BOWL_GRASP_TO_DRAWER episode=demo_47 condition=C0 arm=TYPED_MATCHED_RECOVERY success=True failure=None
PHASE3_MATRIX_CELL chain=B1_BOWL_GRASP_TO_DRAWER episode=demo_47 condition=C0 arm=B6_FULL success=True failure=None
PHASE3_MATRIX_CELL chain=B1_BOWL_GRASP_TO_DRAWER episode=demo_47 condition=C1 arm=B2_COMMAND_PROGRESS success=False failure=PREMATURE_ADVANCE
PHASE3_MATRIX_CELL chain=B1_BOWL_GRASP_TO_DRAWER episode=demo_47 condition=C1 arm=B3_MONOLITHIC success=False failure=PREMATURE_ADVANCE
PHASE3_MATRIX_CELL chain=B1_BOWL_GRASP_TO_DRAWER episode=demo_47 condition=C1 arm=POSTCHECK_RECOVERY success=True failure=None
PHASE3_MATRIX_CELL chain=B1_BOWL_GRASP_TO_DRAWER episode=demo_47 condition=C1 arm=PERSISTENCE_RECOVERY success=False failure=TIMEOUT
PHASE3_MATRIX_CELL chain=B1_BOWL_GRASP_TO_DRAWER episode=demo_47 condition=C1 arm=TYPED_MATCHED_RECOVERY success=True failure=None
PHASE3_MATRIX_CELL chain=B1_BOWL_GRASP_TO_DRAWER episode=demo_47 condition=C1 arm=B6_FULL success=True failure=None
PHASE3_MATRIX_CELL chain=B1_BOWL_GRASP_TO_DRAWER episode=demo_47 condition=C3 arm=B2_COMMAND_PROGRESS success=False failure=PREMATURE_ADVANCE
PHASE3_MATRIX_CELL chain=B1_BOWL_GRASP_TO_DRAWER episode=demo_47 condition=C3 arm=B3_MONOLITHIC success=False failure=PREMATURE_ADVANCE
PHASE3_MATRIX_CELL chain=B1_BOWL_GRASP_TO_DRAWER episode=demo_47 condition=C3 arm=POSTCHECK_RECOVERY success=True failure=None
PHASE3_MATRIX_CELL chain=B1_BOWL_GRASP_TO_DRAWER episode=demo_47 condition=C3 arm=PERSISTENCE_RECOVERY success=False failure=TIMEOUT
PHASE3_MATRIX_CELL chain=B1_BOWL_GRASP_TO_DRAWER episode=demo_47 condition=C3 arm=TYPED_MATCHED_RECOVERY success=True failure=None
PHASE3_MATRIX_CELL chain=B1_BOWL_GRASP_TO_DRAWER episode=demo_47 condition=C3 arm=B6_FULL success=True failure=None
PHASE3_MATRIX_CELL chain=B1_BOWL_GRASP_TO_DRAWER episode=demo_47 condition=C4 arm=B2_COMMAND_PROGRESS success=False failure=PREMATURE_ADVANCE
PHASE3_MATRIX_CELL chain=B1_BOWL_GRASP_TO_DRAWER episode=demo_47 condition=C4 arm=B3_MONOLITHIC success=False failure=PREMATURE_ADVANCE
PHASE3_MATRIX_CELL chain=B1_BOWL_GRASP_TO_DRAWER episode=demo_47 condition=C4 arm=POSTCHECK_RECOVERY success=False failure=PREMATURE_ADVANCE
PHASE3_MATRIX_CELL chain=B1_BOWL_GRASP_TO_DRAWER episode=demo_47 condition=C4 arm=PERSISTENCE_RECOVERY success=False failure=TIMEOUT
PHASE3_MATRIX_CELL chain=B1_BOWL_GRASP_TO_DRAWER episode=demo_47 condition=C4 arm=TYPED_MATCHED_RECOVERY success=True failure=None
PHASE3_MATRIX_CELL chain=B1_BOWL_GRASP_TO_DRAWER episode=demo_47 condition=C4 arm=B6_FULL success=True failure=None
PHASE3_MATRIX_CELL chain=B1_BOWL_GRASP_TO_DRAWER episode=demo_47 condition=C7 arm=B2_COMMAND_PROGRESS success=False failure=PREMATURE_ADVANCE
PHASE3_MATRIX_CELL chain=B1_BOWL_GRASP_TO_DRAWER episode=demo_47 condition=C7 arm=B3_MONOLITHIC success=False failure=PREMATURE_ADVANCE
PHASE3_MATRIX_CELL chain=B1_BOWL_GRASP_TO_DRAWER episode=demo_47 condition=C7 arm=POSTCHECK_RECOVERY success=True failure=None
PHASE3_MATRIX_CELL chain=B1_BOWL_GRASP_TO_DRAWER episode=demo_47 condition=C7 arm=PERSISTENCE_RECOVERY success=False failure=TIMEOUT
PHASE3_MATRIX_CELL chain=B1_BOWL_GRASP_TO_DRAWER episode=demo_47 condition=C7 arm=TYPED_MATCHED_RECOVERY success=True failure=None
PHASE3_MATRIX_CELL chain=B1_BOWL_GRASP_TO_DRAWER episode=demo_47 condition=C7 arm=B6_FULL success=True failure=None
PHASE3_MATRIX_CELL chain=B1_BOWL_GRASP_TO_DRAWER episode=demo_48 condition=C0 arm=B2_COMMAND_PROGRESS success=True failure=None
PHASE3_MATRIX_CELL chain=B1_BOWL_GRASP_TO_DRAWER episode=demo_48 condition=C0 arm=B3_MONOLITHIC success=True failure=None
PHASE3_MATRIX_CELL chain=B1_BOWL_GRASP_TO_DRAWER episode=demo_48 condition=C0 arm=POSTCHECK_RECOVERY success=True failure=None
PHASE3_MATRIX_CELL chain=B1_BOWL_GRASP_TO_DRAWER episode=demo_48 condition=C0 arm=PERSISTENCE_RECOVERY success=True failure=None
PHASE3_MATRIX_CELL chain=B1_BOWL_GRASP_TO_DRAWER episode=demo_48 condition=C0 arm=TYPED_MATCHED_RECOVERY success=True failure=None
PHASE3_MATRIX_CELL chain=B1_BOWL_GRASP_TO_DRAWER episode=demo_48 condition=C0 arm=B6_FULL success=True failure=None
PHASE3_MATRIX_CELL chain=B1_BOWL_GRASP_TO_DRAWER episode=demo_48 condition=C1 arm=B2_COMMAND_PROGRESS success=False failure=PREMATURE_ADVANCE
PHASE3_MATRIX_CELL chain=B1_BOWL_GRASP_TO_DRAWER episode=demo_48 condition=C1 arm=B3_MONOLITHIC success=False failure=PREMATURE_ADVANCE
PHASE3_MATRIX_CELL chain=B1_BOWL_GRASP_TO_DRAWER episode=demo_48 condition=C1 arm=POSTCHECK_RECOVERY success=True failure=None
PHASE3_MATRIX_CELL chain=B1_BOWL_GRASP_TO_DRAWER episode=demo_48 condition=C1 arm=PERSISTENCE_RECOVERY success=True failure=None
PHASE3_MATRIX_CELL chain=B1_BOWL_GRASP_TO_DRAWER episode=demo_48 condition=C1 arm=TYPED_MATCHED_RECOVERY success=True failure=None
PHASE3_MATRIX_CELL chain=B1_BOWL_GRASP_TO_DRAWER episode=demo_48 condition=C1 arm=B6_FULL success=True failure=None
PHASE3_MATRIX_CELL chain=B1_BOWL_GRASP_TO_DRAWER episode=demo_48 condition=C3 arm=B2_COMMAND_PROGRESS success=False failure=PREMATURE_ADVANCE
PHASE3_MATRIX_CELL chain=B1_BOWL_GRASP_TO_DRAWER episode=demo_48 condition=C3 arm=B3_MONOLITHIC success=False failure=PREMATURE_ADVANCE
PHASE3_MATRIX_CELL chain=B1_BOWL_GRASP_TO_DRAWER episode=demo_48 condition=C3 arm=POSTCHECK_RECOVERY success=True failure=None
PHASE3_MATRIX_CELL chain=B1_BOWL_GRASP_TO_DRAWER episode=demo_48 condition=C3 arm=PERSISTENCE_RECOVERY success=False failure=TIMEOUT
PHASE3_MATRIX_CELL chain=B1_BOWL_GRASP_TO_DRAWER episode=demo_48 condition=C3 arm=TYPED_MATCHED_RECOVERY success=True failure=None
PHASE3_MATRIX_CELL chain=B1_BOWL_GRASP_TO_DRAWER episode=demo_48 condition=C3 arm=B6_FULL success=True failure=None
PHASE3_MATRIX_CELL chain=B1_BOWL_GRASP_TO_DRAWER episode=demo_48 condition=C4 arm=B2_COMMAND_PROGRESS success=False failure=PREMATURE_ADVANCE
PHASE3_MATRIX_CELL chain=B1_BOWL_GRASP_TO_DRAWER episode=demo_48 condition=C4 arm=B3_MONOLITHIC success=False failure=PREMATURE_ADVANCE
PHASE3_MATRIX_CELL chain=B1_BOWL_GRASP_TO_DRAWER episode=demo_48 condition=C4 arm=POSTCHECK_RECOVERY success=False failure=PREMATURE_ADVANCE
PHASE3_MATRIX_CELL chain=B1_BOWL_GRASP_TO_DRAWER episode=demo_48 condition=C4 arm=PERSISTENCE_RECOVERY success=False failure=TIMEOUT
PHASE3_MATRIX_CELL chain=B1_BOWL_GRASP_TO_DRAWER episode=demo_48 condition=C4 arm=TYPED_MATCHED_RECOVERY success=True failure=None
PHASE3_MATRIX_CELL chain=B1_BOWL_GRASP_TO_DRAWER episode=demo_48 condition=C4 arm=B6_FULL success=True failure=None
PHASE3_MATRIX_CELL chain=B1_BOWL_GRASP_TO_DRAWER episode=demo_48 condition=C7 arm=B2_COMMAND_PROGRESS success=False failure=PREMATURE_ADVANCE
PHASE3_MATRIX_CELL chain=B1_BOWL_GRASP_TO_DRAWER episode=demo_48 condition=C7 arm=B3_MONOLITHIC success=False failure=PREMATURE_ADVANCE
PHASE3_MATRIX_CELL chain=B1_BOWL_GRASP_TO_DRAWER episode=demo_48 condition=C7 arm=POSTCHECK_RECOVERY success=True failure=None
PHASE3_MATRIX_CELL chain=B1_BOWL_GRASP_TO_DRAWER episode=demo_48 condition=C7 arm=PERSISTENCE_RECOVERY success=False failure=TIMEOUT
PHASE3_MATRIX_CELL chain=B1_BOWL_GRASP_TO_DRAWER episode=demo_48 condition=C7 arm=TYPED_MATCHED_RECOVERY success=True failure=None
PHASE3_MATRIX_CELL chain=B1_BOWL_GRASP_TO_DRAWER episode=demo_48 condition=C7 arm=B6_FULL success=True failure=None
PHASE3_MATRIX_CELL chain=B1_BOWL_GRASP_TO_DRAWER episode=demo_49 condition=C0 arm=B2_COMMAND_PROGRESS success=True failure=None
PHASE3_MATRIX_CELL chain=B1_BOWL_GRASP_TO_DRAWER episode=demo_49 condition=C0 arm=B3_MONOLITHIC success=True failure=None
PHASE3_MATRIX_CELL chain=B1_BOWL_GRASP_TO_DRAWER episode=demo_49 condition=C0 arm=POSTCHECK_RECOVERY success=True failure=None
PHASE3_MATRIX_CELL chain=B1_BOWL_GRASP_TO_DRAWER episode=demo_49 condition=C0 arm=PERSISTENCE_RECOVERY success=True failure=None
PHASE3_MATRIX_CELL chain=B1_BOWL_GRASP_TO_DRAWER episode=demo_49 condition=C0 arm=TYPED_MATCHED_RECOVERY success=True failure=None
PHASE3_MATRIX_CELL chain=B1_BOWL_GRASP_TO_DRAWER episode=demo_49 condition=C0 arm=B6_FULL success=True failure=None
PHASE3_MATRIX_CELL chain=B1_BOWL_GRASP_TO_DRAWER episode=demo_49 condition=C1 arm=B2_COMMAND_PROGRESS success=False failure=PREMATURE_ADVANCE
PHASE3_MATRIX_CELL chain=B1_BOWL_GRASP_TO_DRAWER episode=demo_49 condition=C1 arm=B3_MONOLITHIC success=False failure=PREMATURE_ADVANCE
PHASE3_MATRIX_CELL chain=B1_BOWL_GRASP_TO_DRAWER episode=demo_49 condition=C1 arm=POSTCHECK_RECOVERY success=True failure=None
PHASE3_MATRIX_CELL chain=B1_BOWL_GRASP_TO_DRAWER episode=demo_49 condition=C1 arm=PERSISTENCE_RECOVERY success=False failure=TIMEOUT
PHASE3_MATRIX_CELL chain=B1_BOWL_GRASP_TO_DRAWER episode=demo_49 condition=C1 arm=TYPED_MATCHED_RECOVERY success=True failure=None
PHASE3_MATRIX_CELL chain=B1_BOWL_GRASP_TO_DRAWER episode=demo_49 condition=C1 arm=B6_FULL success=True failure=None
PHASE3_MATRIX_CELL chain=B1_BOWL_GRASP_TO_DRAWER episode=demo_49 condition=C3 arm=B2_COMMAND_PROGRESS success=False failure=PREMATURE_ADVANCE
PHASE3_MATRIX_CELL chain=B1_BOWL_GRASP_TO_DRAWER episode=demo_49 condition=C3 arm=B3_MONOLITHIC success=False failure=PREMATURE_ADVANCE
PHASE3_MATRIX_CELL chain=B1_BOWL_GRASP_TO_DRAWER episode=demo_49 condition=C3 arm=POSTCHECK_RECOVERY success=True failure=None
PHASE3_MATRIX_CELL chain=B1_BOWL_GRASP_TO_DRAWER episode=demo_49 condition=C3 arm=PERSISTENCE_RECOVERY success=False failure=TIMEOUT
PHASE3_MATRIX_CELL chain=B1_BOWL_GRASP_TO_DRAWER episode=demo_49 condition=C3 arm=TYPED_MATCHED_RECOVERY success=True failure=None
PHASE3_MATRIX_CELL chain=B1_BOWL_GRASP_TO_DRAWER episode=demo_49 condition=C3 arm=B6_FULL success=True failure=None
PHASE3_MATRIX_CELL chain=B1_BOWL_GRASP_TO_DRAWER episode=demo_49 condition=C4 arm=B2_COMMAND_PROGRESS success=False failure=PREMATURE_ADVANCE
PHASE3_MATRIX_CELL chain=B1_BOWL_GRASP_TO_DRAWER episode=demo_49 condition=C4 arm=B3_MONOLITHIC success=False failure=PREMATURE_ADVANCE
PHASE3_MATRIX_CELL chain=B1_BOWL_GRASP_TO_DRAWER episode=demo_49 condition=C4 arm=POSTCHECK_RECOVERY success=False failure=PREMATURE_ADVANCE
PHASE3_MATRIX_CELL chain=B1_BOWL_GRASP_TO_DRAWER episode=demo_49 condition=C4 arm=PERSISTENCE_RECOVERY success=False failure=TIMEOUT
PHASE3_MATRIX_CELL chain=B1_BOWL_GRASP_TO_DRAWER episode=demo_49 condition=C4 arm=TYPED_MATCHED_RECOVERY success=True failure=None
PHASE3_MATRIX_CELL chain=B1_BOWL_GRASP_TO_DRAWER episode=demo_49 condition=C4 arm=B6_FULL success=True failure=None
PHASE3_MATRIX_CELL chain=B1_BOWL_GRASP_TO_DRAWER episode=demo_49 condition=C7 arm=B2_COMMAND_PROGRESS success=False failure=PREMATURE_ADVANCE
PHASE3_MATRIX_CELL chain=B1_BOWL_GRASP_TO_DRAWER episode=demo_49 condition=C7 arm=B3_MONOLITHIC success=False failure=PREMATURE_ADVANCE
PHASE3_MATRIX_CELL chain=B1_BOWL_GRASP_TO_DRAWER episode=demo_49 condition=C7 arm=POSTCHECK_RECOVERY success=True failure=None
PHASE3_MATRIX_CELL chain=B1_BOWL_GRASP_TO_DRAWER episode=demo_49 condition=C7 arm=PERSISTENCE_RECOVERY success=False failure=TIMEOUT
PHASE3_MATRIX_CELL chain=B1_BOWL_GRASP_TO_DRAWER episode=demo_49 condition=C7 arm=TYPED_MATCHED_RECOVERY success=True failure=None
PHASE3_MATRIX_CELL chain=B1_BOWL_GRASP_TO_DRAWER episode=demo_49 condition=C7 arm=B6_FULL success=True failure=None
PHASE3_MATRIX_CELL chain=B2_BOWL_IN_TO_RELEASED episode=demo_40 condition=C0 arm=B2_COMMAND_PROGRESS success=False failure=REPLAY_BACKEND_FAILURE
PHASE3_MATRIX_CELL chain=B2_BOWL_IN_TO_RELEASED episode=demo_40 condition=C0 arm=B3_MONOLITHIC success=False failure=REPLAY_BACKEND_FAILURE
PHASE3_MATRIX_CELL chain=B2_BOWL_IN_TO_RELEASED episode=demo_40 condition=C0 arm=POSTCHECK_RECOVERY success=False failure=REPLAY_BACKEND_FAILURE
PHASE3_MATRIX_CELL chain=B2_BOWL_IN_TO_RELEASED episode=demo_40 condition=C0 arm=PERSISTENCE_RECOVERY success=False failure=REPLAY_BACKEND_FAILURE
PHASE3_MATRIX_CELL chain=B2_BOWL_IN_TO_RELEASED episode=demo_40 condition=C0 arm=TYPED_MATCHED_RECOVERY success=False failure=REPLAY_BACKEND_FAILURE
PHASE3_MATRIX_CELL chain=B2_BOWL_IN_TO_RELEASED episode=demo_40 condition=C0 arm=B6_FULL success=False failure=REPLAY_BACKEND_FAILURE
PHASE3_MATRIX_CELL chain=B2_BOWL_IN_TO_RELEASED episode=demo_40 condition=C1 arm=B2_COMMAND_PROGRESS success=False failure=REPLAY_BACKEND_FAILURE
PHASE3_MATRIX_CELL chain=B2_BOWL_IN_TO_RELEASED episode=demo_40 condition=C1 arm=B3_MONOLITHIC success=False failure=REPLAY_BACKEND_FAILURE
PHASE3_MATRIX_CELL chain=B2_BOWL_IN_TO_RELEASED episode=demo_40 condition=C1 arm=POSTCHECK_RECOVERY success=False failure=REPLAY_BACKEND_FAILURE
PHASE3_MATRIX_CELL chain=B2_BOWL_IN_TO_RELEASED episode=demo_40 condition=C1 arm=PERSISTENCE_RECOVERY success=False failure=REPLAY_BACKEND_FAILURE
PHASE3_MATRIX_CELL chain=B2_BOWL_IN_TO_RELEASED episode=demo_40 condition=C1 arm=TYPED_MATCHED_RECOVERY success=False failure=REPLAY_BACKEND_FAILURE
PHASE3_MATRIX_CELL chain=B2_BOWL_IN_TO_RELEASED episode=demo_40 condition=C1 arm=B6_FULL success=False failure=REPLAY_BACKEND_FAILURE
PHASE3_MATRIX_CELL chain=B2_BOWL_IN_TO_RELEASED episode=demo_40 condition=C3 arm=B2_COMMAND_PROGRESS success=False failure=REPLAY_BACKEND_FAILURE
PHASE3_MATRIX_CELL chain=B2_BOWL_IN_TO_RELEASED episode=demo_40 condition=C3 arm=B3_MONOLITHIC success=False failure=REPLAY_BACKEND_FAILURE
PHASE3_MATRIX_CELL chain=B2_BOWL_IN_TO_RELEASED episode=demo_40 condition=C3 arm=POSTCHECK_RECOVERY success=False failure=REPLAY_BACKEND_FAILURE
PHASE3_MATRIX_CELL chain=B2_BOWL_IN_TO_RELEASED episode=demo_40 condition=C3 arm=PERSISTENCE_RECOVERY success=False failure=REPLAY_BACKEND_FAILURE
PHASE3_MATRIX_CELL chain=B2_BOWL_IN_TO_RELEASED episode=demo_40 condition=C3 arm=TYPED_MATCHED_RECOVERY success=False failure=REPLAY_BACKEND_FAILURE
PHASE3_MATRIX_CELL chain=B2_BOWL_IN_TO_RELEASED episode=demo_40 condition=C3 arm=B6_FULL success=False failure=REPLAY_BACKEND_FAILURE
PHASE3_MATRIX_CELL chain=B2_BOWL_IN_TO_RELEASED episode=demo_40 condition=C4 arm=B2_COMMAND_PROGRESS success=False failure=REPLAY_BACKEND_FAILURE
PHASE3_MATRIX_CELL chain=B2_BOWL_IN_TO_RELEASED episode=demo_40 condition=C4 arm=B3_MONOLITHIC success=False failure=REPLAY_BACKEND_FAILURE
PHASE3_MATRIX_CELL chain=B2_BOWL_IN_TO_RELEASED episode=demo_40 condition=C4 arm=POSTCHECK_RECOVERY success=False failure=REPLAY_BACKEND_FAILURE
PHASE3_MATRIX_CELL chain=B2_BOWL_IN_TO_RELEASED episode=demo_40 condition=C4 arm=PERSISTENCE_RECOVERY success=False failure=REPLAY_BACKEND_FAILURE
PHASE3_MATRIX_CELL chain=B2_BOWL_IN_TO_RELEASED episode=demo_40 condition=C4 arm=TYPED_MATCHED_RECOVERY success=False failure=REPLAY_BACKEND_FAILURE
PHASE3_MATRIX_CELL chain=B2_BOWL_IN_TO_RELEASED episode=demo_40 condition=C4 arm=B6_FULL success=False failure=REPLAY_BACKEND_FAILURE
PHASE3_MATRIX_CELL chain=B2_BOWL_IN_TO_RELEASED episode=demo_40 condition=C7 arm=B2_COMMAND_PROGRESS success=False failure=REPLAY_BACKEND_FAILURE
PHASE3_MATRIX_CELL chain=B2_BOWL_IN_TO_RELEASED episode=demo_40 condition=C7 arm=B3_MONOLITHIC success=False failure=REPLAY_BACKEND_FAILURE
PHASE3_MATRIX_CELL chain=B2_BOWL_IN_TO_RELEASED episode=demo_40 condition=C7 arm=POSTCHECK_RECOVERY success=False failure=REPLAY_BACKEND_FAILURE
PHASE3_MATRIX_CELL chain=B2_BOWL_IN_TO_RELEASED episode=demo_40 condition=C7 arm=PERSISTENCE_RECOVERY success=False failure=REPLAY_BACKEND_FAILURE
PHASE3_MATRIX_CELL chain=B2_BOWL_IN_TO_RELEASED episode=demo_40 condition=C7 arm=TYPED_MATCHED_RECOVERY success=False failure=REPLAY_BACKEND_FAILURE
PHASE3_MATRIX_CELL chain=B2_BOWL_IN_TO_RELEASED episode=demo_40 condition=C7 arm=B6_FULL success=False failure=REPLAY_BACKEND_FAILURE
PHASE3_MATRIX_CELL chain=B2_BOWL_IN_TO_RELEASED episode=demo_41 condition=C0 arm=B2_COMMAND_PROGRESS success=True failure=None
PHASE3_MATRIX_CELL chain=B2_BOWL_IN_TO_RELEASED episode=demo_41 condition=C0 arm=B3_MONOLITHIC success=False failure=PREMATURE_ADVANCE
PHASE3_MATRIX_CELL chain=B2_BOWL_IN_TO_RELEASED episode=demo_41 condition=C0 arm=POSTCHECK_RECOVERY success=True failure=None
PHASE3_MATRIX_CELL chain=B2_BOWL_IN_TO_RELEASED episode=demo_41 condition=C0 arm=PERSISTENCE_RECOVERY success=False failure=TIMEOUT
PHASE3_MATRIX_CELL chain=B2_BOWL_IN_TO_RELEASED episode=demo_41 condition=C0 arm=TYPED_MATCHED_RECOVERY success=True failure=None
PHASE3_MATRIX_CELL chain=B2_BOWL_IN_TO_RELEASED episode=demo_41 condition=C0 arm=B6_FULL success=True failure=None
PHASE3_MATRIX_CELL chain=B2_BOWL_IN_TO_RELEASED episode=demo_41 condition=C1 arm=B2_COMMAND_PROGRESS success=False failure=PREMATURE_ADVANCE
PHASE3_MATRIX_CELL chain=B2_BOWL_IN_TO_RELEASED episode=demo_41 condition=C1 arm=B3_MONOLITHIC success=False failure=PREMATURE_ADVANCE
PHASE3_MATRIX_CELL chain=B2_BOWL_IN_TO_RELEASED episode=demo_41 condition=C1 arm=POSTCHECK_RECOVERY success=True failure=None
PHASE3_MATRIX_CELL chain=B2_BOWL_IN_TO_RELEASED episode=demo_41 condition=C1 arm=PERSISTENCE_RECOVERY success=False failure=TIMEOUT
PHASE3_MATRIX_CELL chain=B2_BOWL_IN_TO_RELEASED episode=demo_41 condition=C1 arm=TYPED_MATCHED_RECOVERY success=True failure=None
PHASE3_MATRIX_CELL chain=B2_BOWL_IN_TO_RELEASED episode=demo_41 condition=C1 arm=B6_FULL success=True failure=None
PHASE3_MATRIX_CELL chain=B2_BOWL_IN_TO_RELEASED episode=demo_41 condition=C3 arm=B2_COMMAND_PROGRESS success=False failure=PREMATURE_ADVANCE
PHASE3_MATRIX_CELL chain=B2_BOWL_IN_TO_RELEASED episode=demo_41 condition=C3 arm=B3_MONOLITHIC success=False failure=PREMATURE_ADVANCE
PHASE3_MATRIX_CELL chain=B2_BOWL_IN_TO_RELEASED episode=demo_41 condition=C3 arm=POSTCHECK_RECOVERY success=True failure=None
PHASE3_MATRIX_CELL chain=B2_BOWL_IN_TO_RELEASED episode=demo_41 condition=C3 arm=PERSISTENCE_RECOVERY success=False failure=TIMEOUT
PHASE3_MATRIX_CELL chain=B2_BOWL_IN_TO_RELEASED episode=demo_41 condition=C3 arm=TYPED_MATCHED_RECOVERY success=True failure=None
PHASE3_MATRIX_CELL chain=B2_BOWL_IN_TO_RELEASED episode=demo_41 condition=C3 arm=B6_FULL success=True failure=None
PHASE3_MATRIX_CELL chain=B2_BOWL_IN_TO_RELEASED episode=demo_41 condition=C4 arm=B2_COMMAND_PROGRESS success=False failure=PREMATURE_ADVANCE
PHASE3_MATRIX_CELL chain=B2_BOWL_IN_TO_RELEASED episode=demo_41 condition=C4 arm=B3_MONOLITHIC success=False failure=PREMATURE_ADVANCE
PHASE3_MATRIX_CELL chain=B2_BOWL_IN_TO_RELEASED episode=demo_41 condition=C4 arm=POSTCHECK_RECOVERY success=False failure=PREMATURE_ADVANCE
PHASE3_MATRIX_CELL chain=B2_BOWL_IN_TO_RELEASED episode=demo_41 condition=C4 arm=PERSISTENCE_RECOVERY success=False failure=TIMEOUT
PHASE3_MATRIX_CELL chain=B2_BOWL_IN_TO_RELEASED episode=demo_41 condition=C4 arm=TYPED_MATCHED_RECOVERY success=True failure=None
PHASE3_MATRIX_CELL chain=B2_BOWL_IN_TO_RELEASED episode=demo_41 condition=C4 arm=B6_FULL success=True failure=None
PHASE3_MATRIX_CELL chain=B2_BOWL_IN_TO_RELEASED episode=demo_41 condition=C7 arm=B2_COMMAND_PROGRESS success=False failure=PREMATURE_ADVANCE
PHASE3_MATRIX_CELL chain=B2_BOWL_IN_TO_RELEASED episode=demo_41 condition=C7 arm=B3_MONOLITHIC success=False failure=PREMATURE_ADVANCE
PHASE3_MATRIX_CELL chain=B2_BOWL_IN_TO_RELEASED episode=demo_41 condition=C7 arm=POSTCHECK_RECOVERY success=True failure=None
PHASE3_MATRIX_CELL chain=B2_BOWL_IN_TO_RELEASED episode=demo_41 condition=C7 arm=PERSISTENCE_RECOVERY success=False failure=TIMEOUT
PHASE3_MATRIX_CELL chain=B2_BOWL_IN_TO_RELEASED episode=demo_41 condition=C7 arm=TYPED_MATCHED_RECOVERY success=True failure=None
PHASE3_MATRIX_CELL chain=B2_BOWL_IN_TO_RELEASED episode=demo_41 condition=C7 arm=B6_FULL success=True failure=None
PHASE3_MATRIX_CELL chain=B2_BOWL_IN_TO_RELEASED episode=demo_42 condition=C0 arm=B2_COMMAND_PROGRESS success=False failure=PREMATURE_ADVANCE
PHASE3_MATRIX_CELL chain=B2_BOWL_IN_TO_RELEASED episode=demo_42 condition=C0 arm=B3_MONOLITHIC success=False failure=PREMATURE_ADVANCE
PHASE3_MATRIX_CELL chain=B2_BOWL_IN_TO_RELEASED episode=demo_42 condition=C0 arm=POSTCHECK_RECOVERY success=False failure=TIMEOUT
PHASE3_MATRIX_CELL chain=B2_BOWL_IN_TO_RELEASED episode=demo_42 condition=C0 arm=PERSISTENCE_RECOVERY success=False failure=TIMEOUT
PHASE3_MATRIX_CELL chain=B2_BOWL_IN_TO_RELEASED episode=demo_42 condition=C0 arm=TYPED_MATCHED_RECOVERY success=False failure=TIMEOUT
PHASE3_MATRIX_CELL chain=B2_BOWL_IN_TO_RELEASED episode=demo_42 condition=C0 arm=B6_FULL success=False failure=TIMEOUT
PHASE3_MATRIX_CELL chain=B2_BOWL_IN_TO_RELEASED episode=demo_42 condition=C1 arm=B2_COMMAND_PROGRESS success=False failure=PREMATURE_ADVANCE
PHASE3_MATRIX_CELL chain=B2_BOWL_IN_TO_RELEASED episode=demo_42 condition=C1 arm=B3_MONOLITHIC success=False failure=PREMATURE_ADVANCE
PHASE3_MATRIX_CELL chain=B2_BOWL_IN_TO_RELEASED episode=demo_42 condition=C1 arm=POSTCHECK_RECOVERY success=False failure=TIMEOUT
PHASE3_MATRIX_CELL chain=B2_BOWL_IN_TO_RELEASED episode=demo_42 condition=C1 arm=PERSISTENCE_RECOVERY success=False failure=TIMEOUT
PHASE3_MATRIX_CELL chain=B2_BOWL_IN_TO_RELEASED episode=demo_42 condition=C1 arm=TYPED_MATCHED_RECOVERY success=False failure=TIMEOUT
PHASE3_MATRIX_CELL chain=B2_BOWL_IN_TO_RELEASED episode=demo_42 condition=C1 arm=B6_FULL success=False failure=TIMEOUT
PHASE3_MATRIX_CELL chain=B2_BOWL_IN_TO_RELEASED episode=demo_42 condition=C3 arm=B2_COMMAND_PROGRESS success=False failure=PREMATURE_ADVANCE
PHASE3_MATRIX_CELL chain=B2_BOWL_IN_TO_RELEASED episode=demo_42 condition=C3 arm=B3_MONOLITHIC success=False failure=PREMATURE_ADVANCE
PHASE3_MATRIX_CELL chain=B2_BOWL_IN_TO_RELEASED episode=demo_42 condition=C3 arm=POSTCHECK_RECOVERY success=True failure=None
PHASE3_MATRIX_CELL chain=B2_BOWL_IN_TO_RELEASED episode=demo_42 condition=C3 arm=PERSISTENCE_RECOVERY success=False failure=TIMEOUT
PHASE3_MATRIX_CELL chain=B2_BOWL_IN_TO_RELEASED episode=demo_42 condition=C3 arm=TYPED_MATCHED_RECOVERY success=True failure=None
PHASE3_MATRIX_CELL chain=B2_BOWL_IN_TO_RELEASED episode=demo_42 condition=C3 arm=B6_FULL success=True failure=None
PHASE3_MATRIX_CELL chain=B2_BOWL_IN_TO_RELEASED episode=demo_42 condition=C4 arm=B2_COMMAND_PROGRESS success=False failure=PREMATURE_ADVANCE
PHASE3_MATRIX_CELL chain=B2_BOWL_IN_TO_RELEASED episode=demo_42 condition=C4 arm=B3_MONOLITHIC success=False failure=PREMATURE_ADVANCE
PHASE3_MATRIX_CELL chain=B2_BOWL_IN_TO_RELEASED episode=demo_42 condition=C4 arm=POSTCHECK_RECOVERY success=False failure=PREMATURE_ADVANCE
PHASE3_MATRIX_CELL chain=B2_BOWL_IN_TO_RELEASED episode=demo_42 condition=C4 arm=PERSISTENCE_RECOVERY success=False failure=TIMEOUT
PHASE3_MATRIX_CELL chain=B2_BOWL_IN_TO_RELEASED episode=demo_42 condition=C4 arm=TYPED_MATCHED_RECOVERY success=True failure=None
PHASE3_MATRIX_CELL chain=B2_BOWL_IN_TO_RELEASED episode=demo_42 condition=C4 arm=B6_FULL success=True failure=None
PHASE3_MATRIX_CELL chain=B2_BOWL_IN_TO_RELEASED episode=demo_42 condition=C7 arm=B2_COMMAND_PROGRESS success=False failure=PREMATURE_ADVANCE
PHASE3_MATRIX_CELL chain=B2_BOWL_IN_TO_RELEASED episode=demo_42 condition=C7 arm=B3_MONOLITHIC success=False failure=PREMATURE_ADVANCE
PHASE3_MATRIX_CELL chain=B2_BOWL_IN_TO_RELEASED episode=demo_42 condition=C7 arm=POSTCHECK_RECOVERY success=True failure=None
PHASE3_MATRIX_CELL chain=B2_BOWL_IN_TO_RELEASED episode=demo_42 condition=C7 arm=PERSISTENCE_RECOVERY success=True failure=None
PHASE3_MATRIX_CELL chain=B2_BOWL_IN_TO_RELEASED episode=demo_42 condition=C7 arm=TYPED_MATCHED_RECOVERY success=True failure=None
PHASE3_MATRIX_CELL chain=B2_BOWL_IN_TO_RELEASED episode=demo_42 condition=C7 arm=B6_FULL success=True failure=None
PHASE3_MATRIX_CELL chain=B2_BOWL_IN_TO_RELEASED episode=demo_43 condition=C0 arm=B2_COMMAND_PROGRESS success=True failure=None
PHASE3_MATRIX_CELL chain=B2_BOWL_IN_TO_RELEASED episode=demo_43 condition=C0 arm=B3_MONOLITHIC success=True failure=None
PHASE3_MATRIX_CELL chain=B2_BOWL_IN_TO_RELEASED episode=demo_43 condition=C0 arm=POSTCHECK_RECOVERY success=True failure=None
PHASE3_MATRIX_CELL chain=B2_BOWL_IN_TO_RELEASED episode=demo_43 condition=C0 arm=PERSISTENCE_RECOVERY success=False failure=TIMEOUT
PHASE3_MATRIX_CELL chain=B2_BOWL_IN_TO_RELEASED episode=demo_43 condition=C0 arm=TYPED_MATCHED_RECOVERY success=True failure=None
PHASE3_MATRIX_CELL chain=B2_BOWL_IN_TO_RELEASED episode=demo_43 condition=C0 arm=B6_FULL success=True failure=None
PHASE3_MATRIX_CELL chain=B2_BOWL_IN_TO_RELEASED episode=demo_43 condition=C1 arm=B2_COMMAND_PROGRESS success=False failure=PREMATURE_ADVANCE
PHASE3_MATRIX_CELL chain=B2_BOWL_IN_TO_RELEASED episode=demo_43 condition=C1 arm=B3_MONOLITHIC success=False failure=PREMATURE_ADVANCE
PHASE3_MATRIX_CELL chain=B2_BOWL_IN_TO_RELEASED episode=demo_43 condition=C1 arm=POSTCHECK_RECOVERY success=False failure=TIMEOUT
PHASE3_MATRIX_CELL chain=B2_BOWL_IN_TO_RELEASED episode=demo_43 condition=C1 arm=PERSISTENCE_RECOVERY success=False failure=TIMEOUT
PHASE3_MATRIX_CELL chain=B2_BOWL_IN_TO_RELEASED episode=demo_43 condition=C1 arm=TYPED_MATCHED_RECOVERY success=False failure=TIMEOUT
PHASE3_MATRIX_CELL chain=B2_BOWL_IN_TO_RELEASED episode=demo_43 condition=C1 arm=B6_FULL success=False failure=TIMEOUT
PHASE3_MATRIX_CELL chain=B2_BOWL_IN_TO_RELEASED episode=demo_43 condition=C3 arm=B2_COMMAND_PROGRESS success=False failure=PREMATURE_ADVANCE
PHASE3_MATRIX_CELL chain=B2_BOWL_IN_TO_RELEASED episode=demo_43 condition=C3 arm=B3_MONOLITHIC success=False failure=PREMATURE_ADVANCE
PHASE3_MATRIX_CELL chain=B2_BOWL_IN_TO_RELEASED episode=demo_43 condition=C3 arm=POSTCHECK_RECOVERY success=False failure=TIMEOUT
PHASE3_MATRIX_CELL chain=B2_BOWL_IN_TO_RELEASED episode=demo_43 condition=C3 arm=PERSISTENCE_RECOVERY success=False failure=TIMEOUT
PHASE3_MATRIX_CELL chain=B2_BOWL_IN_TO_RELEASED episode=demo_43 condition=C3 arm=TYPED_MATCHED_RECOVERY success=False failure=TIMEOUT
PHASE3_MATRIX_CELL chain=B2_BOWL_IN_TO_RELEASED episode=demo_43 condition=C3 arm=B6_FULL success=False failure=TIMEOUT
PHASE3_MATRIX_CELL chain=B2_BOWL_IN_TO_RELEASED episode=demo_43 condition=C4 arm=B2_COMMAND_PROGRESS success=False failure=PREMATURE_ADVANCE
PHASE3_MATRIX_CELL chain=B2_BOWL_IN_TO_RELEASED episode=demo_43 condition=C4 arm=B3_MONOLITHIC success=False failure=PREMATURE_ADVANCE
PHASE3_MATRIX_CELL chain=B2_BOWL_IN_TO_RELEASED episode=demo_43 condition=C4 arm=POSTCHECK_RECOVERY success=False failure=PREMATURE_ADVANCE
PHASE3_MATRIX_CELL chain=B2_BOWL_IN_TO_RELEASED episode=demo_43 condition=C4 arm=PERSISTENCE_RECOVERY success=False failure=TIMEOUT
PHASE3_MATRIX_CELL chain=B2_BOWL_IN_TO_RELEASED episode=demo_43 condition=C4 arm=TYPED_MATCHED_RECOVERY success=True failure=None
PHASE3_MATRIX_CELL chain=B2_BOWL_IN_TO_RELEASED episode=demo_43 condition=C4 arm=B6_FULL success=True failure=None
PHASE3_MATRIX_CELL chain=B2_BOWL_IN_TO_RELEASED episode=demo_43 condition=C7 arm=B2_COMMAND_PROGRESS success=True failure=None
PHASE3_MATRIX_CELL chain=B2_BOWL_IN_TO_RELEASED episode=demo_43 condition=C7 arm=B3_MONOLITHIC success=True failure=None
PHASE3_MATRIX_CELL chain=B2_BOWL_IN_TO_RELEASED episode=demo_43 condition=C7 arm=POSTCHECK_RECOVERY success=True failure=None
PHASE3_MATRIX_CELL chain=B2_BOWL_IN_TO_RELEASED episode=demo_43 condition=C7 arm=PERSISTENCE_RECOVERY success=True failure=None
PHASE3_MATRIX_CELL chain=B2_BOWL_IN_TO_RELEASED episode=demo_43 condition=C7 arm=TYPED_MATCHED_RECOVERY success=True failure=None
PHASE3_MATRIX_CELL chain=B2_BOWL_IN_TO_RELEASED episode=demo_43 condition=C7 arm=B6_FULL success=True failure=None
PHASE3_MATRIX_CELL chain=B2_BOWL_IN_TO_RELEASED episode=demo_44 condition=C0 arm=B2_COMMAND_PROGRESS success=False failure=REPLAY_BACKEND_FAILURE
PHASE3_MATRIX_CELL chain=B2_BOWL_IN_TO_RELEASED episode=demo_44 condition=C0 arm=B3_MONOLITHIC success=False failure=REPLAY_BACKEND_FAILURE
PHASE3_MATRIX_CELL chain=B2_BOWL_IN_TO_RELEASED episode=demo_44 condition=C0 arm=POSTCHECK_RECOVERY success=False failure=REPLAY_BACKEND_FAILURE
PHASE3_MATRIX_CELL chain=B2_BOWL_IN_TO_RELEASED episode=demo_44 condition=C0 arm=PERSISTENCE_RECOVERY success=False failure=REPLAY_BACKEND_FAILURE
PHASE3_MATRIX_CELL chain=B2_BOWL_IN_TO_RELEASED episode=demo_44 condition=C0 arm=TYPED_MATCHED_RECOVERY success=False failure=REPLAY_BACKEND_FAILURE
PHASE3_MATRIX_CELL chain=B2_BOWL_IN_TO_RELEASED episode=demo_44 condition=C0 arm=B6_FULL success=False failure=REPLAY_BACKEND_FAILURE
PHASE3_MATRIX_CELL chain=B2_BOWL_IN_TO_RELEASED episode=demo_44 condition=C1 arm=B2_COMMAND_PROGRESS success=False failure=REPLAY_BACKEND_FAILURE
PHASE3_MATRIX_CELL chain=B2_BOWL_IN_TO_RELEASED episode=demo_44 condition=C1 arm=B3_MONOLITHIC success=False failure=REPLAY_BACKEND_FAILURE
PHASE3_MATRIX_CELL chain=B2_BOWL_IN_TO_RELEASED episode=demo_44 condition=C1 arm=POSTCHECK_RECOVERY success=False failure=REPLAY_BACKEND_FAILURE
PHASE3_MATRIX_CELL chain=B2_BOWL_IN_TO_RELEASED episode=demo_44 condition=C1 arm=PERSISTENCE_RECOVERY success=False failure=REPLAY_BACKEND_FAILURE
PHASE3_MATRIX_CELL chain=B2_BOWL_IN_TO_RELEASED episode=demo_44 condition=C1 arm=TYPED_MATCHED_RECOVERY success=False failure=REPLAY_BACKEND_FAILURE
PHASE3_MATRIX_CELL chain=B2_BOWL_IN_TO_RELEASED episode=demo_44 condition=C1 arm=B6_FULL success=False failure=REPLAY_BACKEND_FAILURE
PHASE3_MATRIX_CELL chain=B2_BOWL_IN_TO_RELEASED episode=demo_44 condition=C3 arm=B2_COMMAND_PROGRESS success=False failure=REPLAY_BACKEND_FAILURE
PHASE3_MATRIX_CELL chain=B2_BOWL_IN_TO_RELEASED episode=demo_44 condition=C3 arm=B3_MONOLITHIC success=False failure=REPLAY_BACKEND_FAILURE
PHASE3_MATRIX_CELL chain=B2_BOWL_IN_TO_RELEASED episode=demo_44 condition=C3 arm=POSTCHECK_RECOVERY success=False failure=REPLAY_BACKEND_FAILURE
PHASE3_MATRIX_CELL chain=B2_BOWL_IN_TO_RELEASED episode=demo_44 condition=C3 arm=PERSISTENCE_RECOVERY success=False failure=REPLAY_BACKEND_FAILURE
PHASE3_MATRIX_CELL chain=B2_BOWL_IN_TO_RELEASED episode=demo_44 condition=C3 arm=TYPED_MATCHED_RECOVERY success=False failure=REPLAY_BACKEND_FAILURE
PHASE3_MATRIX_CELL chain=B2_BOWL_IN_TO_RELEASED episode=demo_44 condition=C3 arm=B6_FULL success=False failure=REPLAY_BACKEND_FAILURE
PHASE3_MATRIX_CELL chain=B2_BOWL_IN_TO_RELEASED episode=demo_44 condition=C4 arm=B2_COMMAND_PROGRESS success=False failure=REPLAY_BACKEND_FAILURE
PHASE3_MATRIX_CELL chain=B2_BOWL_IN_TO_RELEASED episode=demo_44 condition=C4 arm=B3_MONOLITHIC success=False failure=REPLAY_BACKEND_FAILURE
PHASE3_MATRIX_CELL chain=B2_BOWL_IN_TO_RELEASED episode=demo_44 condition=C4 arm=POSTCHECK_RECOVERY success=False failure=REPLAY_BACKEND_FAILURE
PHASE3_MATRIX_CELL chain=B2_BOWL_IN_TO_RELEASED episode=demo_44 condition=C4 arm=PERSISTENCE_RECOVERY success=False failure=REPLAY_BACKEND_FAILURE
PHASE3_MATRIX_CELL chain=B2_BOWL_IN_TO_RELEASED episode=demo_44 condition=C4 arm=TYPED_MATCHED_RECOVERY success=False failure=REPLAY_BACKEND_FAILURE
PHASE3_MATRIX_CELL chain=B2_BOWL_IN_TO_RELEASED episode=demo_44 condition=C4 arm=B6_FULL success=False failure=REPLAY_BACKEND_FAILURE
PHASE3_MATRIX_CELL chain=B2_BOWL_IN_TO_RELEASED episode=demo_44 condition=C7 arm=B2_COMMAND_PROGRESS success=False failure=REPLAY_BACKEND_FAILURE
PHASE3_MATRIX_CELL chain=B2_BOWL_IN_TO_RELEASED episode=demo_44 condition=C7 arm=B3_MONOLITHIC success=False failure=REPLAY_BACKEND_FAILURE
PHASE3_MATRIX_CELL chain=B2_BOWL_IN_TO_RELEASED episode=demo_44 condition=C7 arm=POSTCHECK_RECOVERY success=False failure=REPLAY_BACKEND_FAILURE
PHASE3_MATRIX_CELL chain=B2_BOWL_IN_TO_RELEASED episode=demo_44 condition=C7 arm=PERSISTENCE_RECOVERY success=False failure=REPLAY_BACKEND_FAILURE
PHASE3_MATRIX_CELL chain=B2_BOWL_IN_TO_RELEASED episode=demo_44 condition=C7 arm=TYPED_MATCHED_RECOVERY success=False failure=REPLAY_BACKEND_FAILURE
PHASE3_MATRIX_CELL chain=B2_BOWL_IN_TO_RELEASED episode=demo_44 condition=C7 arm=B6_FULL success=False failure=REPLAY_BACKEND_FAILURE
PHASE3_MATRIX_CELL chain=B2_BOWL_IN_TO_RELEASED episode=demo_45 condition=C0 arm=B2_COMMAND_PROGRESS success=True failure=None
PHASE3_MATRIX_CELL chain=B2_BOWL_IN_TO_RELEASED episode=demo_45 condition=C0 arm=B3_MONOLITHIC success=True failure=None
PHASE3_MATRIX_CELL chain=B2_BOWL_IN_TO_RELEASED episode=demo_45 condition=C0 arm=POSTCHECK_RECOVERY success=True failure=None
PHASE3_MATRIX_CELL chain=B2_BOWL_IN_TO_RELEASED episode=demo_45 condition=C0 arm=PERSISTENCE_RECOVERY success=True failure=None
PHASE3_MATRIX_CELL chain=B2_BOWL_IN_TO_RELEASED episode=demo_45 condition=C0 arm=TYPED_MATCHED_RECOVERY success=True failure=None
PHASE3_MATRIX_CELL chain=B2_BOWL_IN_TO_RELEASED episode=demo_45 condition=C0 arm=B6_FULL success=True failure=None
PHASE3_MATRIX_CELL chain=B2_BOWL_IN_TO_RELEASED episode=demo_45 condition=C1 arm=B2_COMMAND_PROGRESS success=False failure=PREMATURE_ADVANCE
PHASE3_MATRIX_CELL chain=B2_BOWL_IN_TO_RELEASED episode=demo_45 condition=C1 arm=B3_MONOLITHIC success=False failure=PREMATURE_ADVANCE
PHASE3_MATRIX_CELL chain=B2_BOWL_IN_TO_RELEASED episode=demo_45 condition=C1 arm=POSTCHECK_RECOVERY success=True failure=None
PHASE3_MATRIX_CELL chain=B2_BOWL_IN_TO_RELEASED episode=demo_45 condition=C1 arm=PERSISTENCE_RECOVERY success=True failure=None
PHASE3_MATRIX_CELL chain=B2_BOWL_IN_TO_RELEASED episode=demo_45 condition=C1 arm=TYPED_MATCHED_RECOVERY success=True failure=None
PHASE3_MATRIX_CELL chain=B2_BOWL_IN_TO_RELEASED episode=demo_45 condition=C1 arm=B6_FULL success=True failure=None
PHASE3_MATRIX_CELL chain=B2_BOWL_IN_TO_RELEASED episode=demo_45 condition=C3 arm=B2_COMMAND_PROGRESS success=False failure=PREMATURE_ADVANCE
PHASE3_MATRIX_CELL chain=B2_BOWL_IN_TO_RELEASED episode=demo_45 condition=C3 arm=B3_MONOLITHIC success=False failure=PREMATURE_ADVANCE
PHASE3_MATRIX_CELL chain=B2_BOWL_IN_TO_RELEASED episode=demo_45 condition=C3 arm=POSTCHECK_RECOVERY success=True failure=None
PHASE3_MATRIX_CELL chain=B2_BOWL_IN_TO_RELEASED episode=demo_45 condition=C3 arm=PERSISTENCE_RECOVERY success=False failure=TIMEOUT
PHASE3_MATRIX_CELL chain=B2_BOWL_IN_TO_RELEASED episode=demo_45 condition=C3 arm=TYPED_MATCHED_RECOVERY success=True failure=None
PHASE3_MATRIX_CELL chain=B2_BOWL_IN_TO_RELEASED episode=demo_45 condition=C3 arm=B6_FULL success=True failure=None
PHASE3_MATRIX_CELL chain=B2_BOWL_IN_TO_RELEASED episode=demo_45 condition=C4 arm=B2_COMMAND_PROGRESS success=False failure=PREMATURE_ADVANCE
PHASE3_MATRIX_CELL chain=B2_BOWL_IN_TO_RELEASED episode=demo_45 condition=C4 arm=B3_MONOLITHIC success=False failure=PREMATURE_ADVANCE
PHASE3_MATRIX_CELL chain=B2_BOWL_IN_TO_RELEASED episode=demo_45 condition=C4 arm=POSTCHECK_RECOVERY success=False failure=PREMATURE_ADVANCE
PHASE3_MATRIX_CELL chain=B2_BOWL_IN_TO_RELEASED episode=demo_45 condition=C4 arm=PERSISTENCE_RECOVERY success=True failure=None
PHASE3_MATRIX_CELL chain=B2_BOWL_IN_TO_RELEASED episode=demo_45 condition=C4 arm=TYPED_MATCHED_RECOVERY success=True failure=None
PHASE3_MATRIX_CELL chain=B2_BOWL_IN_TO_RELEASED episode=demo_45 condition=C4 arm=B6_FULL success=True failure=None
PHASE3_MATRIX_CELL chain=B2_BOWL_IN_TO_RELEASED episode=demo_45 condition=C7 arm=B2_COMMAND_PROGRESS success=False failure=PREMATURE_ADVANCE
PHASE3_MATRIX_CELL chain=B2_BOWL_IN_TO_RELEASED episode=demo_45 condition=C7 arm=B3_MONOLITHIC success=False failure=PREMATURE_ADVANCE
PHASE3_MATRIX_CELL chain=B2_BOWL_IN_TO_RELEASED episode=demo_45 condition=C7 arm=POSTCHECK_RECOVERY success=True failure=None
PHASE3_MATRIX_CELL chain=B2_BOWL_IN_TO_RELEASED episode=demo_45 condition=C7 arm=PERSISTENCE_RECOVERY success=True failure=None
PHASE3_MATRIX_CELL chain=B2_BOWL_IN_TO_RELEASED episode=demo_45 condition=C7 arm=TYPED_MATCHED_RECOVERY success=True failure=None
PHASE3_MATRIX_CELL chain=B2_BOWL_IN_TO_RELEASED episode=demo_45 condition=C7 arm=B6_FULL success=True failure=None
PHASE3_MATRIX_CELL chain=B2_BOWL_IN_TO_RELEASED episode=demo_46 condition=C0 arm=B2_COMMAND_PROGRESS success=False failure=PREMATURE_ADVANCE
PHASE3_MATRIX_CELL chain=B2_BOWL_IN_TO_RELEASED episode=demo_46 condition=C0 arm=B3_MONOLITHIC success=True failure=None
PHASE3_MATRIX_CELL chain=B2_BOWL_IN_TO_RELEASED episode=demo_46 condition=C0 arm=POSTCHECK_RECOVERY success=True failure=None
PHASE3_MATRIX_CELL chain=B2_BOWL_IN_TO_RELEASED episode=demo_46 condition=C0 arm=PERSISTENCE_RECOVERY success=False failure=TIMEOUT
PHASE3_MATRIX_CELL chain=B2_BOWL_IN_TO_RELEASED episode=demo_46 condition=C0 arm=TYPED_MATCHED_RECOVERY success=True failure=None
PHASE3_MATRIX_CELL chain=B2_BOWL_IN_TO_RELEASED episode=demo_46 condition=C0 arm=B6_FULL success=True failure=None
PHASE3_MATRIX_CELL chain=B2_BOWL_IN_TO_RELEASED episode=demo_46 condition=C1 arm=B2_COMMAND_PROGRESS success=False failure=PREMATURE_ADVANCE
PHASE3_MATRIX_CELL chain=B2_BOWL_IN_TO_RELEASED episode=demo_46 condition=C1 arm=B3_MONOLITHIC success=False failure=PREMATURE_ADVANCE
PHASE3_MATRIX_CELL chain=B2_BOWL_IN_TO_RELEASED episode=demo_46 condition=C1 arm=POSTCHECK_RECOVERY success=True failure=None
PHASE3_MATRIX_CELL chain=B2_BOWL_IN_TO_RELEASED episode=demo_46 condition=C1 arm=PERSISTENCE_RECOVERY success=False failure=TIMEOUT
PHASE3_MATRIX_CELL chain=B2_BOWL_IN_TO_RELEASED episode=demo_46 condition=C1 arm=TYPED_MATCHED_RECOVERY success=True failure=None
PHASE3_MATRIX_CELL chain=B2_BOWL_IN_TO_RELEASED episode=demo_46 condition=C1 arm=B6_FULL success=True failure=None
PHASE3_MATRIX_CELL chain=B2_BOWL_IN_TO_RELEASED episode=demo_46 condition=C3 arm=B2_COMMAND_PROGRESS success=False failure=PREMATURE_ADVANCE
PHASE3_MATRIX_CELL chain=B2_BOWL_IN_TO_RELEASED episode=demo_46 condition=C3 arm=B3_MONOLITHIC success=False failure=PREMATURE_ADVANCE
PHASE3_MATRIX_CELL chain=B2_BOWL_IN_TO_RELEASED episode=demo_46 condition=C3 arm=POSTCHECK_RECOVERY success=True failure=None
PHASE3_MATRIX_CELL chain=B2_BOWL_IN_TO_RELEASED episode=demo_46 condition=C3 arm=PERSISTENCE_RECOVERY success=False failure=TIMEOUT
PHASE3_MATRIX_CELL chain=B2_BOWL_IN_TO_RELEASED episode=demo_46 condition=C3 arm=TYPED_MATCHED_RECOVERY success=True failure=None
PHASE3_MATRIX_CELL chain=B2_BOWL_IN_TO_RELEASED episode=demo_46 condition=C3 arm=B6_FULL success=True failure=None
PHASE3_MATRIX_CELL chain=B2_BOWL_IN_TO_RELEASED episode=demo_46 condition=C4 arm=B2_COMMAND_PROGRESS success=False failure=PREMATURE_ADVANCE
PHASE3_MATRIX_CELL chain=B2_BOWL_IN_TO_RELEASED episode=demo_46 condition=C4 arm=B3_MONOLITHIC success=False failure=PREMATURE_ADVANCE
PHASE3_MATRIX_CELL chain=B2_BOWL_IN_TO_RELEASED episode=demo_46 condition=C4 arm=POSTCHECK_RECOVERY success=False failure=PREMATURE_ADVANCE
PHASE3_MATRIX_CELL chain=B2_BOWL_IN_TO_RELEASED episode=demo_46 condition=C4 arm=PERSISTENCE_RECOVERY success=False failure=TIMEOUT
PHASE3_MATRIX_CELL chain=B2_BOWL_IN_TO_RELEASED episode=demo_46 condition=C4 arm=TYPED_MATCHED_RECOVERY success=True failure=None
PHASE3_MATRIX_CELL chain=B2_BOWL_IN_TO_RELEASED episode=demo_46 condition=C4 arm=B6_FULL success=True failure=None
PHASE3_MATRIX_CELL chain=B2_BOWL_IN_TO_RELEASED episode=demo_46 condition=C7 arm=B2_COMMAND_PROGRESS success=False failure=PREMATURE_ADVANCE
PHASE3_MATRIX_CELL chain=B2_BOWL_IN_TO_RELEASED episode=demo_46 condition=C7 arm=B3_MONOLITHIC success=False failure=PREMATURE_ADVANCE
PHASE3_MATRIX_CELL chain=B2_BOWL_IN_TO_RELEASED episode=demo_46 condition=C7 arm=POSTCHECK_RECOVERY success=True failure=None
PHASE3_MATRIX_CELL chain=B2_BOWL_IN_TO_RELEASED episode=demo_46 condition=C7 arm=PERSISTENCE_RECOVERY success=False failure=TIMEOUT
PHASE3_MATRIX_CELL chain=B2_BOWL_IN_TO_RELEASED episode=demo_46 condition=C7 arm=TYPED_MATCHED_RECOVERY success=True failure=None
PHASE3_MATRIX_CELL chain=B2_BOWL_IN_TO_RELEASED episode=demo_46 condition=C7 arm=B6_FULL success=True failure=None
PHASE3_MATRIX_CELL chain=B2_BOWL_IN_TO_RELEASED episode=demo_47 condition=C0 arm=B2_COMMAND_PROGRESS success=False failure=REPLAY_BACKEND_FAILURE
PHASE3_MATRIX_CELL chain=B2_BOWL_IN_TO_RELEASED episode=demo_47 condition=C0 arm=B3_MONOLITHIC success=False failure=REPLAY_BACKEND_FAILURE
PHASE3_MATRIX_CELL chain=B2_BOWL_IN_TO_RELEASED episode=demo_47 condition=C0 arm=POSTCHECK_RECOVERY success=False failure=REPLAY_BACKEND_FAILURE
PHASE3_MATRIX_CELL chain=B2_BOWL_IN_TO_RELEASED episode=demo_47 condition=C0 arm=PERSISTENCE_RECOVERY success=False failure=REPLAY_BACKEND_FAILURE
PHASE3_MATRIX_CELL chain=B2_BOWL_IN_TO_RELEASED episode=demo_47 condition=C0 arm=TYPED_MATCHED_RECOVERY success=False failure=REPLAY_BACKEND_FAILURE
PHASE3_MATRIX_CELL chain=B2_BOWL_IN_TO_RELEASED episode=demo_47 condition=C0 arm=B6_FULL success=False failure=REPLAY_BACKEND_FAILURE
PHASE3_MATRIX_CELL chain=B2_BOWL_IN_TO_RELEASED episode=demo_47 condition=C1 arm=B2_COMMAND_PROGRESS success=False failure=REPLAY_BACKEND_FAILURE
PHASE3_MATRIX_CELL chain=B2_BOWL_IN_TO_RELEASED episode=demo_47 condition=C1 arm=B3_MONOLITHIC success=False failure=REPLAY_BACKEND_FAILURE
PHASE3_MATRIX_CELL chain=B2_BOWL_IN_TO_RELEASED episode=demo_47 condition=C1 arm=POSTCHECK_RECOVERY success=False failure=REPLAY_BACKEND_FAILURE
PHASE3_MATRIX_CELL chain=B2_BOWL_IN_TO_RELEASED episode=demo_47 condition=C1 arm=PERSISTENCE_RECOVERY success=False failure=REPLAY_BACKEND_FAILURE
PHASE3_MATRIX_CELL chain=B2_BOWL_IN_TO_RELEASED episode=demo_47 condition=C1 arm=TYPED_MATCHED_RECOVERY success=False failure=REPLAY_BACKEND_FAILURE
PHASE3_MATRIX_CELL chain=B2_BOWL_IN_TO_RELEASED episode=demo_47 condition=C1 arm=B6_FULL success=False failure=REPLAY_BACKEND_FAILURE
PHASE3_MATRIX_CELL chain=B2_BOWL_IN_TO_RELEASED episode=demo_47 condition=C3 arm=B2_COMMAND_PROGRESS success=False failure=REPLAY_BACKEND_FAILURE
PHASE3_MATRIX_CELL chain=B2_BOWL_IN_TO_RELEASED episode=demo_47 condition=C3 arm=B3_MONOLITHIC success=False failure=REPLAY_BACKEND_FAILURE
PHASE3_MATRIX_CELL chain=B2_BOWL_IN_TO_RELEASED episode=demo_47 condition=C3 arm=POSTCHECK_RECOVERY success=False failure=REPLAY_BACKEND_FAILURE
PHASE3_MATRIX_CELL chain=B2_BOWL_IN_TO_RELEASED episode=demo_47 condition=C3 arm=PERSISTENCE_RECOVERY success=False failure=REPLAY_BACKEND_FAILURE
PHASE3_MATRIX_CELL chain=B2_BOWL_IN_TO_RELEASED episode=demo_47 condition=C3 arm=TYPED_MATCHED_RECOVERY success=False failure=REPLAY_BACKEND_FAILURE
PHASE3_MATRIX_CELL chain=B2_BOWL_IN_TO_RELEASED episode=demo_47 condition=C3 arm=B6_FULL success=False failure=REPLAY_BACKEND_FAILURE
PHASE3_MATRIX_CELL chain=B2_BOWL_IN_TO_RELEASED episode=demo_47 condition=C4 arm=B2_COMMAND_PROGRESS success=False failure=REPLAY_BACKEND_FAILURE
PHASE3_MATRIX_CELL chain=B2_BOWL_IN_TO_RELEASED episode=demo_47 condition=C4 arm=B3_MONOLITHIC success=False failure=REPLAY_BACKEND_FAILURE
PHASE3_MATRIX_CELL chain=B2_BOWL_IN_TO_RELEASED episode=demo_47 condition=C4 arm=POSTCHECK_RECOVERY success=False failure=REPLAY_BACKEND_FAILURE
PHASE3_MATRIX_CELL chain=B2_BOWL_IN_TO_RELEASED episode=demo_47 condition=C4 arm=PERSISTENCE_RECOVERY success=False failure=REPLAY_BACKEND_FAILURE
PHASE3_MATRIX_CELL chain=B2_BOWL_IN_TO_RELEASED episode=demo_47 condition=C4 arm=TYPED_MATCHED_RECOVERY success=False failure=REPLAY_BACKEND_FAILURE
PHASE3_MATRIX_CELL chain=B2_BOWL_IN_TO_RELEASED episode=demo_47 condition=C4 arm=B6_FULL success=False failure=REPLAY_BACKEND_FAILURE
PHASE3_MATRIX_CELL chain=B2_BOWL_IN_TO_RELEASED episode=demo_47 condition=C7 arm=B2_COMMAND_PROGRESS success=False failure=REPLAY_BACKEND_FAILURE
PHASE3_MATRIX_CELL chain=B2_BOWL_IN_TO_RELEASED episode=demo_47 condition=C7 arm=B3_MONOLITHIC success=False failure=REPLAY_BACKEND_FAILURE
PHASE3_MATRIX_CELL chain=B2_BOWL_IN_TO_RELEASED episode=demo_47 condition=C7 arm=POSTCHECK_RECOVERY success=False failure=REPLAY_BACKEND_FAILURE
PHASE3_MATRIX_CELL chain=B2_BOWL_IN_TO_RELEASED episode=demo_47 condition=C7 arm=PERSISTENCE_RECOVERY success=False failure=REPLAY_BACKEND_FAILURE
PHASE3_MATRIX_CELL chain=B2_BOWL_IN_TO_RELEASED episode=demo_47 condition=C7 arm=TYPED_MATCHED_RECOVERY success=False failure=REPLAY_BACKEND_FAILURE
PHASE3_MATRIX_CELL chain=B2_BOWL_IN_TO_RELEASED episode=demo_47 condition=C7 arm=B6_FULL success=False failure=REPLAY_BACKEND_FAILURE
PHASE3_MATRIX_CELL chain=B2_BOWL_IN_TO_RELEASED episode=demo_48 condition=C0 arm=B2_COMMAND_PROGRESS success=False failure=REPLAY_BACKEND_FAILURE
PHASE3_MATRIX_CELL chain=B2_BOWL_IN_TO_RELEASED episode=demo_48 condition=C0 arm=B3_MONOLITHIC success=False failure=REPLAY_BACKEND_FAILURE
PHASE3_MATRIX_CELL chain=B2_BOWL_IN_TO_RELEASED episode=demo_48 condition=C0 arm=POSTCHECK_RECOVERY success=False failure=REPLAY_BACKEND_FAILURE
PHASE3_MATRIX_CELL chain=B2_BOWL_IN_TO_RELEASED episode=demo_48 condition=C0 arm=PERSISTENCE_RECOVERY success=False failure=REPLAY_BACKEND_FAILURE
PHASE3_MATRIX_CELL chain=B2_BOWL_IN_TO_RELEASED episode=demo_48 condition=C0 arm=TYPED_MATCHED_RECOVERY success=False failure=REPLAY_BACKEND_FAILURE
PHASE3_MATRIX_CELL chain=B2_BOWL_IN_TO_RELEASED episode=demo_48 condition=C0 arm=B6_FULL success=False failure=REPLAY_BACKEND_FAILURE
PHASE3_MATRIX_CELL chain=B2_BOWL_IN_TO_RELEASED episode=demo_48 condition=C1 arm=B2_COMMAND_PROGRESS success=False failure=REPLAY_BACKEND_FAILURE
PHASE3_MATRIX_CELL chain=B2_BOWL_IN_TO_RELEASED episode=demo_48 condition=C1 arm=B3_MONOLITHIC success=False failure=REPLAY_BACKEND_FAILURE
PHASE3_MATRIX_CELL chain=B2_BOWL_IN_TO_RELEASED episode=demo_48 condition=C1 arm=POSTCHECK_RECOVERY success=False failure=REPLAY_BACKEND_FAILURE
PHASE3_MATRIX_CELL chain=B2_BOWL_IN_TO_RELEASED episode=demo_48 condition=C1 arm=PERSISTENCE_RECOVERY success=False failure=REPLAY_BACKEND_FAILURE
PHASE3_MATRIX_CELL chain=B2_BOWL_IN_TO_RELEASED episode=demo_48 condition=C1 arm=TYPED_MATCHED_RECOVERY success=False failure=REPLAY_BACKEND_FAILURE
PHASE3_MATRIX_CELL chain=B2_BOWL_IN_TO_RELEASED episode=demo_48 condition=C1 arm=B6_FULL success=False failure=REPLAY_BACKEND_FAILURE
PHASE3_MATRIX_CELL chain=B2_BOWL_IN_TO_RELEASED episode=demo_48 condition=C3 arm=B2_COMMAND_PROGRESS success=False failure=REPLAY_BACKEND_FAILURE
PHASE3_MATRIX_CELL chain=B2_BOWL_IN_TO_RELEASED episode=demo_48 condition=C3 arm=B3_MONOLITHIC success=False failure=REPLAY_BACKEND_FAILURE
PHASE3_MATRIX_CELL chain=B2_BOWL_IN_TO_RELEASED episode=demo_48 condition=C3 arm=POSTCHECK_RECOVERY success=False failure=REPLAY_BACKEND_FAILURE
PHASE3_MATRIX_CELL chain=B2_BOWL_IN_TO_RELEASED episode=demo_48 condition=C3 arm=PERSISTENCE_RECOVERY success=False failure=REPLAY_BACKEND_FAILURE
PHASE3_MATRIX_CELL chain=B2_BOWL_IN_TO_RELEASED episode=demo_48 condition=C3 arm=TYPED_MATCHED_RECOVERY success=False failure=REPLAY_BACKEND_FAILURE
PHASE3_MATRIX_CELL chain=B2_BOWL_IN_TO_RELEASED episode=demo_48 condition=C3 arm=B6_FULL success=False failure=REPLAY_BACKEND_FAILURE
PHASE3_MATRIX_CELL chain=B2_BOWL_IN_TO_RELEASED episode=demo_48 condition=C4 arm=B2_COMMAND_PROGRESS success=False failure=REPLAY_BACKEND_FAILURE
PHASE3_MATRIX_CELL chain=B2_BOWL_IN_TO_RELEASED episode=demo_48 condition=C4 arm=B3_MONOLITHIC success=False failure=REPLAY_BACKEND_FAILURE
PHASE3_MATRIX_CELL chain=B2_BOWL_IN_TO_RELEASED episode=demo_48 condition=C4 arm=POSTCHECK_RECOVERY success=False failure=REPLAY_BACKEND_FAILURE
PHASE3_MATRIX_CELL chain=B2_BOWL_IN_TO_RELEASED episode=demo_48 condition=C4 arm=PERSISTENCE_RECOVERY success=False failure=REPLAY_BACKEND_FAILURE
PHASE3_MATRIX_CELL chain=B2_BOWL_IN_TO_RELEASED episode=demo_48 condition=C4 arm=TYPED_MATCHED_RECOVERY success=False failure=REPLAY_BACKEND_FAILURE
PHASE3_MATRIX_CELL chain=B2_BOWL_IN_TO_RELEASED episode=demo_48 condition=C4 arm=B6_FULL success=False failure=REPLAY_BACKEND_FAILURE
PHASE3_MATRIX_CELL chain=B2_BOWL_IN_TO_RELEASED episode=demo_48 condition=C7 arm=B2_COMMAND_PROGRESS success=False failure=REPLAY_BACKEND_FAILURE
PHASE3_MATRIX_CELL chain=B2_BOWL_IN_TO_RELEASED episode=demo_48 condition=C7 arm=B3_MONOLITHIC success=False failure=REPLAY_BACKEND_FAILURE
PHASE3_MATRIX_CELL chain=B2_BOWL_IN_TO_RELEASED episode=demo_48 condition=C7 arm=POSTCHECK_RECOVERY success=False failure=REPLAY_BACKEND_FAILURE
PHASE3_MATRIX_CELL chain=B2_BOWL_IN_TO_RELEASED episode=demo_48 condition=C7 arm=PERSISTENCE_RECOVERY success=False failure=REPLAY_BACKEND_FAILURE
PHASE3_MATRIX_CELL chain=B2_BOWL_IN_TO_RELEASED episode=demo_48 condition=C7 arm=TYPED_MATCHED_RECOVERY success=False failure=REPLAY_BACKEND_FAILURE
PHASE3_MATRIX_CELL chain=B2_BOWL_IN_TO_RELEASED episode=demo_48 condition=C7 arm=B6_FULL success=False failure=REPLAY_BACKEND_FAILURE
PHASE3_MATRIX_CELL chain=B2_BOWL_IN_TO_RELEASED episode=demo_49 condition=C0 arm=B2_COMMAND_PROGRESS success=True failure=None
PHASE3_MATRIX_CELL chain=B2_BOWL_IN_TO_RELEASED episode=demo_49 condition=C0 arm=B3_MONOLITHIC success=True failure=None
PHASE3_MATRIX_CELL chain=B2_BOWL_IN_TO_RELEASED episode=demo_49 condition=C0 arm=POSTCHECK_RECOVERY success=True failure=None
PHASE3_MATRIX_CELL chain=B2_BOWL_IN_TO_RELEASED episode=demo_49 condition=C0 arm=PERSISTENCE_RECOVERY success=True failure=None
PHASE3_MATRIX_CELL chain=B2_BOWL_IN_TO_RELEASED episode=demo_49 condition=C0 arm=TYPED_MATCHED_RECOVERY success=True failure=None
PHASE3_MATRIX_CELL chain=B2_BOWL_IN_TO_RELEASED episode=demo_49 condition=C0 arm=B6_FULL success=True failure=None
PHASE3_MATRIX_CELL chain=B2_BOWL_IN_TO_RELEASED episode=demo_49 condition=C1 arm=B2_COMMAND_PROGRESS success=False failure=PREMATURE_ADVANCE
PHASE3_MATRIX_CELL chain=B2_BOWL_IN_TO_RELEASED episode=demo_49 condition=C1 arm=B3_MONOLITHIC success=False failure=PREMATURE_ADVANCE
PHASE3_MATRIX_CELL chain=B2_BOWL_IN_TO_RELEASED episode=demo_49 condition=C1 arm=POSTCHECK_RECOVERY success=True failure=None
PHASE3_MATRIX_CELL chain=B2_BOWL_IN_TO_RELEASED episode=demo_49 condition=C1 arm=PERSISTENCE_RECOVERY success=True failure=None
PHASE3_MATRIX_CELL chain=B2_BOWL_IN_TO_RELEASED episode=demo_49 condition=C1 arm=TYPED_MATCHED_RECOVERY success=True failure=None
PHASE3_MATRIX_CELL chain=B2_BOWL_IN_TO_RELEASED episode=demo_49 condition=C1 arm=B6_FULL success=True failure=None
PHASE3_MATRIX_CELL chain=B2_BOWL_IN_TO_RELEASED episode=demo_49 condition=C3 arm=B2_COMMAND_PROGRESS success=False failure=PREMATURE_ADVANCE
PHASE3_MATRIX_CELL chain=B2_BOWL_IN_TO_RELEASED episode=demo_49 condition=C3 arm=B3_MONOLITHIC success=False failure=PREMATURE_ADVANCE
PHASE3_MATRIX_CELL chain=B2_BOWL_IN_TO_RELEASED episode=demo_49 condition=C3 arm=POSTCHECK_RECOVERY success=True failure=None
PHASE3_MATRIX_CELL chain=B2_BOWL_IN_TO_RELEASED episode=demo_49 condition=C3 arm=PERSISTENCE_RECOVERY success=False failure=TIMEOUT
PHASE3_MATRIX_CELL chain=B2_BOWL_IN_TO_RELEASED episode=demo_49 condition=C3 arm=TYPED_MATCHED_RECOVERY success=True failure=None
PHASE3_MATRIX_CELL chain=B2_BOWL_IN_TO_RELEASED episode=demo_49 condition=C3 arm=B6_FULL success=True failure=None
PHASE3_MATRIX_CELL chain=B2_BOWL_IN_TO_RELEASED episode=demo_49 condition=C4 arm=B2_COMMAND_PROGRESS success=False failure=PREMATURE_ADVANCE
PHASE3_MATRIX_CELL chain=B2_BOWL_IN_TO_RELEASED episode=demo_49 condition=C4 arm=B3_MONOLITHIC success=False failure=PREMATURE_ADVANCE
PHASE3_MATRIX_CELL chain=B2_BOWL_IN_TO_RELEASED episode=demo_49 condition=C4 arm=POSTCHECK_RECOVERY success=False failure=PREMATURE_ADVANCE
PHASE3_MATRIX_CELL chain=B2_BOWL_IN_TO_RELEASED episode=demo_49 condition=C4 arm=PERSISTENCE_RECOVERY success=True failure=None
PHASE3_MATRIX_CELL chain=B2_BOWL_IN_TO_RELEASED episode=demo_49 condition=C4 arm=TYPED_MATCHED_RECOVERY success=True failure=None
PHASE3_MATRIX_CELL chain=B2_BOWL_IN_TO_RELEASED episode=demo_49 condition=C4 arm=B6_FULL success=True failure=None
PHASE3_MATRIX_CELL chain=B2_BOWL_IN_TO_RELEASED episode=demo_49 condition=C7 arm=B2_COMMAND_PROGRESS success=False failure=PREMATURE_ADVANCE
PHASE3_MATRIX_CELL chain=B2_BOWL_IN_TO_RELEASED episode=demo_49 condition=C7 arm=B3_MONOLITHIC success=False failure=PREMATURE_ADVANCE
PHASE3_MATRIX_CELL chain=B2_BOWL_IN_TO_RELEASED episode=demo_49 condition=C7 arm=POSTCHECK_RECOVERY success=True failure=None
PHASE3_MATRIX_CELL chain=B2_BOWL_IN_TO_RELEASED episode=demo_49 condition=C7 arm=PERSISTENCE_RECOVERY success=True failure=None
PHASE3_MATRIX_CELL chain=B2_BOWL_IN_TO_RELEASED episode=demo_49 condition=C7 arm=TYPED_MATCHED_RECOVERY success=True failure=None
PHASE3_MATRIX_CELL chain=B2_BOWL_IN_TO_RELEASED episode=demo_49 condition=C7 arm=B6_FULL success=True failure=None
PHASE3_MATRIX_CELL chain=S2_MOKA_GRASP_TO_ON_STOVE episode=demo_40 condition=D1 arm=B2_COMMAND_PROGRESS success=True failure=None
PHASE3_MATRIX_CELL chain=S2_MOKA_GRASP_TO_ON_STOVE episode=demo_40 condition=D1 arm=B3_MONOLITHIC success=True failure=None
PHASE3_MATRIX_CELL chain=S2_MOKA_GRASP_TO_ON_STOVE episode=demo_40 condition=D1 arm=POSTCHECK_RECOVERY success=True failure=None
PHASE3_MATRIX_CELL chain=S2_MOKA_GRASP_TO_ON_STOVE episode=demo_40 condition=D1 arm=PERSISTENCE_RECOVERY success=True failure=None
PHASE3_MATRIX_CELL chain=S2_MOKA_GRASP_TO_ON_STOVE episode=demo_40 condition=D1 arm=TYPED_MATCHED_RECOVERY success=True failure=None
PHASE3_MATRIX_CELL chain=S2_MOKA_GRASP_TO_ON_STOVE episode=demo_40 condition=D1 arm=B6_FULL success=True failure=None
PHASE3_MATRIX_CELL chain=S2_MOKA_GRASP_TO_ON_STOVE episode=demo_41 condition=D1 arm=B2_COMMAND_PROGRESS success=True failure=None
PHASE3_MATRIX_CELL chain=S2_MOKA_GRASP_TO_ON_STOVE episode=demo_41 condition=D1 arm=B3_MONOLITHIC success=True failure=None
PHASE3_MATRIX_CELL chain=S2_MOKA_GRASP_TO_ON_STOVE episode=demo_41 condition=D1 arm=POSTCHECK_RECOVERY success=True failure=None
PHASE3_MATRIX_CELL chain=S2_MOKA_GRASP_TO_ON_STOVE episode=demo_41 condition=D1 arm=PERSISTENCE_RECOVERY success=True failure=None
PHASE3_MATRIX_CELL chain=S2_MOKA_GRASP_TO_ON_STOVE episode=demo_41 condition=D1 arm=TYPED_MATCHED_RECOVERY success=True failure=None
PHASE3_MATRIX_CELL chain=S2_MOKA_GRASP_TO_ON_STOVE episode=demo_41 condition=D1 arm=B6_FULL success=True failure=None
PHASE3_MATRIX_CELL chain=S2_MOKA_GRASP_TO_ON_STOVE episode=demo_42 condition=D1 arm=B2_COMMAND_PROGRESS success=True failure=None
PHASE3_MATRIX_CELL chain=S2_MOKA_GRASP_TO_ON_STOVE episode=demo_42 condition=D1 arm=B3_MONOLITHIC success=True failure=None
PHASE3_MATRIX_CELL chain=S2_MOKA_GRASP_TO_ON_STOVE episode=demo_42 condition=D1 arm=POSTCHECK_RECOVERY success=True failure=None
PHASE3_MATRIX_CELL chain=S2_MOKA_GRASP_TO_ON_STOVE episode=demo_42 condition=D1 arm=PERSISTENCE_RECOVERY success=True failure=None
PHASE3_MATRIX_CELL chain=S2_MOKA_GRASP_TO_ON_STOVE episode=demo_42 condition=D1 arm=TYPED_MATCHED_RECOVERY success=True failure=None
PHASE3_MATRIX_CELL chain=S2_MOKA_GRASP_TO_ON_STOVE episode=demo_42 condition=D1 arm=B6_FULL success=True failure=None
PHASE3_MATRIX_CELL chain=S2_MOKA_GRASP_TO_ON_STOVE episode=demo_43 condition=D1 arm=B2_COMMAND_PROGRESS success=False failure=REPLAY_BACKEND_FAILURE
PHASE3_MATRIX_CELL chain=S2_MOKA_GRASP_TO_ON_STOVE episode=demo_43 condition=D1 arm=B3_MONOLITHIC success=False failure=REPLAY_BACKEND_FAILURE
PHASE3_MATRIX_CELL chain=S2_MOKA_GRASP_TO_ON_STOVE episode=demo_43 condition=D1 arm=POSTCHECK_RECOVERY success=False failure=REPLAY_BACKEND_FAILURE
PHASE3_MATRIX_CELL chain=S2_MOKA_GRASP_TO_ON_STOVE episode=demo_43 condition=D1 arm=PERSISTENCE_RECOVERY success=False failure=REPLAY_BACKEND_FAILURE
PHASE3_MATRIX_CELL chain=S2_MOKA_GRASP_TO_ON_STOVE episode=demo_43 condition=D1 arm=TYPED_MATCHED_RECOVERY success=False failure=REPLAY_BACKEND_FAILURE
PHASE3_MATRIX_CELL chain=S2_MOKA_GRASP_TO_ON_STOVE episode=demo_43 condition=D1 arm=B6_FULL success=False failure=REPLAY_BACKEND_FAILURE
PHASE3_MATRIX_CELL chain=S2_MOKA_GRASP_TO_ON_STOVE episode=demo_44 condition=D1 arm=B2_COMMAND_PROGRESS success=False failure=REPLAY_BACKEND_FAILURE
PHASE3_MATRIX_CELL chain=S2_MOKA_GRASP_TO_ON_STOVE episode=demo_44 condition=D1 arm=B3_MONOLITHIC success=False failure=REPLAY_BACKEND_FAILURE
PHASE3_MATRIX_CELL chain=S2_MOKA_GRASP_TO_ON_STOVE episode=demo_44 condition=D1 arm=POSTCHECK_RECOVERY success=False failure=REPLAY_BACKEND_FAILURE
PHASE3_MATRIX_CELL chain=S2_MOKA_GRASP_TO_ON_STOVE episode=demo_44 condition=D1 arm=PERSISTENCE_RECOVERY success=False failure=REPLAY_BACKEND_FAILURE
PHASE3_MATRIX_CELL chain=S2_MOKA_GRASP_TO_ON_STOVE episode=demo_44 condition=D1 arm=TYPED_MATCHED_RECOVERY success=False failure=REPLAY_BACKEND_FAILURE
PHASE3_MATRIX_CELL chain=S2_MOKA_GRASP_TO_ON_STOVE episode=demo_44 condition=D1 arm=B6_FULL success=False failure=REPLAY_BACKEND_FAILURE
PHASE3_MATRIX_CELL chain=S2_MOKA_GRASP_TO_ON_STOVE episode=demo_45 condition=D1 arm=B2_COMMAND_PROGRESS success=True failure=None
PHASE3_MATRIX_CELL chain=S2_MOKA_GRASP_TO_ON_STOVE episode=demo_45 condition=D1 arm=B3_MONOLITHIC success=True failure=None
PHASE3_MATRIX_CELL chain=S2_MOKA_GRASP_TO_ON_STOVE episode=demo_45 condition=D1 arm=POSTCHECK_RECOVERY success=True failure=None
PHASE3_MATRIX_CELL chain=S2_MOKA_GRASP_TO_ON_STOVE episode=demo_45 condition=D1 arm=PERSISTENCE_RECOVERY success=True failure=None
PHASE3_MATRIX_CELL chain=S2_MOKA_GRASP_TO_ON_STOVE episode=demo_45 condition=D1 arm=TYPED_MATCHED_RECOVERY success=True failure=None
PHASE3_MATRIX_CELL chain=S2_MOKA_GRASP_TO_ON_STOVE episode=demo_45 condition=D1 arm=B6_FULL success=True failure=None
PHASE3_MATRIX_CELL chain=S2_MOKA_GRASP_TO_ON_STOVE episode=demo_46 condition=D1 arm=B2_COMMAND_PROGRESS success=False failure=PREMATURE_ADVANCE
PHASE3_MATRIX_CELL chain=S2_MOKA_GRASP_TO_ON_STOVE episode=demo_46 condition=D1 arm=B3_MONOLITHIC success=False failure=PREMATURE_ADVANCE
PHASE3_MATRIX_CELL chain=S2_MOKA_GRASP_TO_ON_STOVE episode=demo_46 condition=D1 arm=POSTCHECK_RECOVERY success=False failure=TIMEOUT
PHASE3_MATRIX_CELL chain=S2_MOKA_GRASP_TO_ON_STOVE episode=demo_46 condition=D1 arm=PERSISTENCE_RECOVERY success=False failure=TIMEOUT
PHASE3_MATRIX_CELL chain=S2_MOKA_GRASP_TO_ON_STOVE episode=demo_46 condition=D1 arm=TYPED_MATCHED_RECOVERY success=False failure=TIMEOUT
PHASE3_MATRIX_CELL chain=S2_MOKA_GRASP_TO_ON_STOVE episode=demo_46 condition=D1 arm=B6_FULL success=False failure=TIMEOUT
PHASE3_MATRIX_CELL chain=S2_MOKA_GRASP_TO_ON_STOVE episode=demo_47 condition=D1 arm=B2_COMMAND_PROGRESS success=False failure=PREMATURE_ADVANCE
PHASE3_MATRIX_CELL chain=S2_MOKA_GRASP_TO_ON_STOVE episode=demo_47 condition=D1 arm=B3_MONOLITHIC success=False failure=PREMATURE_ADVANCE
PHASE3_MATRIX_CELL chain=S2_MOKA_GRASP_TO_ON_STOVE episode=demo_47 condition=D1 arm=POSTCHECK_RECOVERY success=False failure=TIMEOUT
PHASE3_MATRIX_CELL chain=S2_MOKA_GRASP_TO_ON_STOVE episode=demo_47 condition=D1 arm=PERSISTENCE_RECOVERY success=False failure=TIMEOUT
PHASE3_MATRIX_CELL chain=S2_MOKA_GRASP_TO_ON_STOVE episode=demo_47 condition=D1 arm=TYPED_MATCHED_RECOVERY success=False failure=TIMEOUT
PHASE3_MATRIX_CELL chain=S2_MOKA_GRASP_TO_ON_STOVE episode=demo_47 condition=D1 arm=B6_FULL success=False failure=TIMEOUT
PHASE3_MATRIX_CELL chain=S2_MOKA_GRASP_TO_ON_STOVE episode=demo_48 condition=D1 arm=B2_COMMAND_PROGRESS success=True failure=None
PHASE3_MATRIX_CELL chain=S2_MOKA_GRASP_TO_ON_STOVE episode=demo_48 condition=D1 arm=B3_MONOLITHIC success=True failure=None
PHASE3_MATRIX_CELL chain=S2_MOKA_GRASP_TO_ON_STOVE episode=demo_48 condition=D1 arm=POSTCHECK_RECOVERY success=True failure=None
PHASE3_MATRIX_CELL chain=S2_MOKA_GRASP_TO_ON_STOVE episode=demo_48 condition=D1 arm=PERSISTENCE_RECOVERY success=True failure=None
PHASE3_MATRIX_CELL chain=S2_MOKA_GRASP_TO_ON_STOVE episode=demo_48 condition=D1 arm=TYPED_MATCHED_RECOVERY success=True failure=None
PHASE3_MATRIX_CELL chain=S2_MOKA_GRASP_TO_ON_STOVE episode=demo_48 condition=D1 arm=B6_FULL success=True failure=None
PHASE3_MATRIX_CELL chain=S2_MOKA_GRASP_TO_ON_STOVE episode=demo_49 condition=D1 arm=B2_COMMAND_PROGRESS success=True failure=None
PHASE3_MATRIX_CELL chain=S2_MOKA_GRASP_TO_ON_STOVE episode=demo_49 condition=D1 arm=B3_MONOLITHIC success=True failure=None
PHASE3_MATRIX_CELL chain=S2_MOKA_GRASP_TO_ON_STOVE episode=demo_49 condition=D1 arm=POSTCHECK_RECOVERY success=True failure=None
PHASE3_MATRIX_CELL chain=S2_MOKA_GRASP_TO_ON_STOVE episode=demo_49 condition=D1 arm=PERSISTENCE_RECOVERY success=True failure=None
PHASE3_MATRIX_CELL chain=S2_MOKA_GRASP_TO_ON_STOVE episode=demo_49 condition=D1 arm=TYPED_MATCHED_RECOVERY success=True failure=None
PHASE3_MATRIX_CELL chain=S2_MOKA_GRASP_TO_ON_STOVE episode=demo_49 condition=D1 arm=B6_FULL success=True failure=None
PHASE3_MATRIX_CELL chain=B1_BOWL_GRASP_TO_DRAWER episode=demo_40 condition=D1 arm=B2_COMMAND_PROGRESS success=False failure=REPLAY_BACKEND_FAILURE
PHASE3_MATRIX_CELL chain=B1_BOWL_GRASP_TO_DRAWER episode=demo_40 condition=D1 arm=B3_MONOLITHIC success=False failure=REPLAY_BACKEND_FAILURE
PHASE3_MATRIX_CELL chain=B1_BOWL_GRASP_TO_DRAWER episode=demo_40 condition=D1 arm=POSTCHECK_RECOVERY success=False failure=REPLAY_BACKEND_FAILURE
PHASE3_MATRIX_CELL chain=B1_BOWL_GRASP_TO_DRAWER episode=demo_40 condition=D1 arm=PERSISTENCE_RECOVERY success=False failure=REPLAY_BACKEND_FAILURE
PHASE3_MATRIX_CELL chain=B1_BOWL_GRASP_TO_DRAWER episode=demo_40 condition=D1 arm=TYPED_MATCHED_RECOVERY success=False failure=REPLAY_BACKEND_FAILURE
PHASE3_MATRIX_CELL chain=B1_BOWL_GRASP_TO_DRAWER episode=demo_40 condition=D1 arm=B6_FULL success=False failure=REPLAY_BACKEND_FAILURE
PHASE3_MATRIX_CELL chain=B1_BOWL_GRASP_TO_DRAWER episode=demo_41 condition=D1 arm=B2_COMMAND_PROGRESS success=True failure=None
PHASE3_MATRIX_CELL chain=B1_BOWL_GRASP_TO_DRAWER episode=demo_41 condition=D1 arm=B3_MONOLITHIC success=True failure=None
PHASE3_MATRIX_CELL chain=B1_BOWL_GRASP_TO_DRAWER episode=demo_41 condition=D1 arm=POSTCHECK_RECOVERY success=True failure=None
PHASE3_MATRIX_CELL chain=B1_BOWL_GRASP_TO_DRAWER episode=demo_41 condition=D1 arm=PERSISTENCE_RECOVERY success=True failure=None
PHASE3_MATRIX_CELL chain=B1_BOWL_GRASP_TO_DRAWER episode=demo_41 condition=D1 arm=TYPED_MATCHED_RECOVERY success=True failure=None
PHASE3_MATRIX_CELL chain=B1_BOWL_GRASP_TO_DRAWER episode=demo_41 condition=D1 arm=B6_FULL success=True failure=None
PHASE3_MATRIX_CELL chain=B1_BOWL_GRASP_TO_DRAWER episode=demo_42 condition=D1 arm=B2_COMMAND_PROGRESS success=True failure=None
PHASE3_MATRIX_CELL chain=B1_BOWL_GRASP_TO_DRAWER episode=demo_42 condition=D1 arm=B3_MONOLITHIC success=True failure=None
PHASE3_MATRIX_CELL chain=B1_BOWL_GRASP_TO_DRAWER episode=demo_42 condition=D1 arm=POSTCHECK_RECOVERY success=True failure=None
PHASE3_MATRIX_CELL chain=B1_BOWL_GRASP_TO_DRAWER episode=demo_42 condition=D1 arm=PERSISTENCE_RECOVERY success=True failure=None
PHASE3_MATRIX_CELL chain=B1_BOWL_GRASP_TO_DRAWER episode=demo_42 condition=D1 arm=TYPED_MATCHED_RECOVERY success=True failure=None
PHASE3_MATRIX_CELL chain=B1_BOWL_GRASP_TO_DRAWER episode=demo_42 condition=D1 arm=B6_FULL success=True failure=None
PHASE3_MATRIX_CELL chain=B1_BOWL_GRASP_TO_DRAWER episode=demo_43 condition=D1 arm=B2_COMMAND_PROGRESS success=True failure=None
PHASE3_MATRIX_CELL chain=B1_BOWL_GRASP_TO_DRAWER episode=demo_43 condition=D1 arm=B3_MONOLITHIC success=True failure=None
PHASE3_MATRIX_CELL chain=B1_BOWL_GRASP_TO_DRAWER episode=demo_43 condition=D1 arm=POSTCHECK_RECOVERY success=True failure=None
PHASE3_MATRIX_CELL chain=B1_BOWL_GRASP_TO_DRAWER episode=demo_43 condition=D1 arm=PERSISTENCE_RECOVERY success=True failure=None
PHASE3_MATRIX_CELL chain=B1_BOWL_GRASP_TO_DRAWER episode=demo_43 condition=D1 arm=TYPED_MATCHED_RECOVERY success=True failure=None
PHASE3_MATRIX_CELL chain=B1_BOWL_GRASP_TO_DRAWER episode=demo_43 condition=D1 arm=B6_FULL success=True failure=None
PHASE3_MATRIX_CELL chain=B1_BOWL_GRASP_TO_DRAWER episode=demo_44 condition=D1 arm=B2_COMMAND_PROGRESS success=True failure=None
PHASE3_MATRIX_CELL chain=B1_BOWL_GRASP_TO_DRAWER episode=demo_44 condition=D1 arm=B3_MONOLITHIC success=True failure=None
PHASE3_MATRIX_CELL chain=B1_BOWL_GRASP_TO_DRAWER episode=demo_44 condition=D1 arm=POSTCHECK_RECOVERY success=True failure=None
PHASE3_MATRIX_CELL chain=B1_BOWL_GRASP_TO_DRAWER episode=demo_44 condition=D1 arm=PERSISTENCE_RECOVERY success=True failure=None
PHASE3_MATRIX_CELL chain=B1_BOWL_GRASP_TO_DRAWER episode=demo_44 condition=D1 arm=TYPED_MATCHED_RECOVERY success=True failure=None
PHASE3_MATRIX_CELL chain=B1_BOWL_GRASP_TO_DRAWER episode=demo_44 condition=D1 arm=B6_FULL success=True failure=None
PHASE3_MATRIX_CELL chain=B1_BOWL_GRASP_TO_DRAWER episode=demo_45 condition=D1 arm=B2_COMMAND_PROGRESS success=True failure=None
PHASE3_MATRIX_CELL chain=B1_BOWL_GRASP_TO_DRAWER episode=demo_45 condition=D1 arm=B3_MONOLITHIC success=True failure=None
PHASE3_MATRIX_CELL chain=B1_BOWL_GRASP_TO_DRAWER episode=demo_45 condition=D1 arm=POSTCHECK_RECOVERY success=True failure=None
PHASE3_MATRIX_CELL chain=B1_BOWL_GRASP_TO_DRAWER episode=demo_45 condition=D1 arm=PERSISTENCE_RECOVERY success=True failure=None
PHASE3_MATRIX_CELL chain=B1_BOWL_GRASP_TO_DRAWER episode=demo_45 condition=D1 arm=TYPED_MATCHED_RECOVERY success=True failure=None
PHASE3_MATRIX_CELL chain=B1_BOWL_GRASP_TO_DRAWER episode=demo_45 condition=D1 arm=B6_FULL success=True failure=None
PHASE3_MATRIX_CELL chain=B1_BOWL_GRASP_TO_DRAWER episode=demo_46 condition=D1 arm=B2_COMMAND_PROGRESS success=True failure=None
PHASE3_MATRIX_CELL chain=B1_BOWL_GRASP_TO_DRAWER episode=demo_46 condition=D1 arm=B3_MONOLITHIC success=True failure=None
PHASE3_MATRIX_CELL chain=B1_BOWL_GRASP_TO_DRAWER episode=demo_46 condition=D1 arm=POSTCHECK_RECOVERY success=True failure=None
PHASE3_MATRIX_CELL chain=B1_BOWL_GRASP_TO_DRAWER episode=demo_46 condition=D1 arm=PERSISTENCE_RECOVERY success=True failure=None
PHASE3_MATRIX_CELL chain=B1_BOWL_GRASP_TO_DRAWER episode=demo_46 condition=D1 arm=TYPED_MATCHED_RECOVERY success=True failure=None
PHASE3_MATRIX_CELL chain=B1_BOWL_GRASP_TO_DRAWER episode=demo_46 condition=D1 arm=B6_FULL success=True failure=None
PHASE3_MATRIX_CELL chain=B1_BOWL_GRASP_TO_DRAWER episode=demo_47 condition=D1 arm=B2_COMMAND_PROGRESS success=True failure=None
PHASE3_MATRIX_CELL chain=B1_BOWL_GRASP_TO_DRAWER episode=demo_47 condition=D1 arm=B3_MONOLITHIC success=True failure=None
PHASE3_MATRIX_CELL chain=B1_BOWL_GRASP_TO_DRAWER episode=demo_47 condition=D1 arm=POSTCHECK_RECOVERY success=True failure=None
PHASE3_MATRIX_CELL chain=B1_BOWL_GRASP_TO_DRAWER episode=demo_47 condition=D1 arm=PERSISTENCE_RECOVERY success=False failure=TIMEOUT
PHASE3_MATRIX_CELL chain=B1_BOWL_GRASP_TO_DRAWER episode=demo_47 condition=D1 arm=TYPED_MATCHED_RECOVERY success=True failure=None
PHASE3_MATRIX_CELL chain=B1_BOWL_GRASP_TO_DRAWER episode=demo_47 condition=D1 arm=B6_FULL success=True failure=None
PHASE3_MATRIX_CELL chain=B1_BOWL_GRASP_TO_DRAWER episode=demo_48 condition=D1 arm=B2_COMMAND_PROGRESS success=True failure=None
PHASE3_MATRIX_CELL chain=B1_BOWL_GRASP_TO_DRAWER episode=demo_48 condition=D1 arm=B3_MONOLITHIC success=True failure=None
PHASE3_MATRIX_CELL chain=B1_BOWL_GRASP_TO_DRAWER episode=demo_48 condition=D1 arm=POSTCHECK_RECOVERY success=True failure=None
PHASE3_MATRIX_CELL chain=B1_BOWL_GRASP_TO_DRAWER episode=demo_48 condition=D1 arm=PERSISTENCE_RECOVERY success=True failure=None
PHASE3_MATRIX_CELL chain=B1_BOWL_GRASP_TO_DRAWER episode=demo_48 condition=D1 arm=TYPED_MATCHED_RECOVERY success=True failure=None
PHASE3_MATRIX_CELL chain=B1_BOWL_GRASP_TO_DRAWER episode=demo_48 condition=D1 arm=B6_FULL success=True failure=None
PHASE3_MATRIX_CELL chain=B1_BOWL_GRASP_TO_DRAWER episode=demo_49 condition=D1 arm=B2_COMMAND_PROGRESS success=True failure=None
PHASE3_MATRIX_CELL chain=B1_BOWL_GRASP_TO_DRAWER episode=demo_49 condition=D1 arm=B3_MONOLITHIC success=True failure=None
PHASE3_MATRIX_CELL chain=B1_BOWL_GRASP_TO_DRAWER episode=demo_49 condition=D1 arm=POSTCHECK_RECOVERY success=True failure=None
PHASE3_MATRIX_CELL chain=B1_BOWL_GRASP_TO_DRAWER episode=demo_49 condition=D1 arm=PERSISTENCE_RECOVERY success=True failure=None
PHASE3_MATRIX_CELL chain=B1_BOWL_GRASP_TO_DRAWER episode=demo_49 condition=D1 arm=TYPED_MATCHED_RECOVERY success=True failure=None
PHASE3_MATRIX_CELL chain=B1_BOWL_GRASP_TO_DRAWER episode=demo_49 condition=D1 arm=B6_FULL success=True failure=None
PHASE3_MATRIX_CELL chain=B2_BOWL_IN_TO_RELEASED episode=demo_40 condition=D1 arm=B2_COMMAND_PROGRESS success=False failure=REPLAY_BACKEND_FAILURE
PHASE3_MATRIX_CELL chain=B2_BOWL_IN_TO_RELEASED episode=demo_40 condition=D1 arm=B3_MONOLITHIC success=False failure=REPLAY_BACKEND_FAILURE
PHASE3_MATRIX_CELL chain=B2_BOWL_IN_TO_RELEASED episode=demo_40 condition=D1 arm=POSTCHECK_RECOVERY success=False failure=REPLAY_BACKEND_FAILURE
PHASE3_MATRIX_CELL chain=B2_BOWL_IN_TO_RELEASED episode=demo_40 condition=D1 arm=PERSISTENCE_RECOVERY success=False failure=REPLAY_BACKEND_FAILURE
PHASE3_MATRIX_CELL chain=B2_BOWL_IN_TO_RELEASED episode=demo_40 condition=D1 arm=TYPED_MATCHED_RECOVERY success=False failure=REPLAY_BACKEND_FAILURE
PHASE3_MATRIX_CELL chain=B2_BOWL_IN_TO_RELEASED episode=demo_40 condition=D1 arm=B6_FULL success=False failure=REPLAY_BACKEND_FAILURE
PHASE3_MATRIX_CELL chain=B2_BOWL_IN_TO_RELEASED episode=demo_41 condition=D1 arm=B2_COMMAND_PROGRESS success=True failure=None
PHASE3_MATRIX_CELL chain=B2_BOWL_IN_TO_RELEASED episode=demo_41 condition=D1 arm=B3_MONOLITHIC success=False failure=PREMATURE_ADVANCE
PHASE3_MATRIX_CELL chain=B2_BOWL_IN_TO_RELEASED episode=demo_41 condition=D1 arm=POSTCHECK_RECOVERY success=True failure=None
PHASE3_MATRIX_CELL chain=B2_BOWL_IN_TO_RELEASED episode=demo_41 condition=D1 arm=PERSISTENCE_RECOVERY success=False failure=TIMEOUT
PHASE3_MATRIX_CELL chain=B2_BOWL_IN_TO_RELEASED episode=demo_41 condition=D1 arm=TYPED_MATCHED_RECOVERY success=True failure=None
PHASE3_MATRIX_CELL chain=B2_BOWL_IN_TO_RELEASED episode=demo_41 condition=D1 arm=B6_FULL success=True failure=None
PHASE3_MATRIX_CELL chain=B2_BOWL_IN_TO_RELEASED episode=demo_42 condition=D1 arm=B2_COMMAND_PROGRESS success=True failure=None
PHASE3_MATRIX_CELL chain=B2_BOWL_IN_TO_RELEASED episode=demo_42 condition=D1 arm=B3_MONOLITHIC success=True failure=None
PHASE3_MATRIX_CELL chain=B2_BOWL_IN_TO_RELEASED episode=demo_42 condition=D1 arm=POSTCHECK_RECOVERY success=True failure=None
PHASE3_MATRIX_CELL chain=B2_BOWL_IN_TO_RELEASED episode=demo_42 condition=D1 arm=PERSISTENCE_RECOVERY success=True failure=None
PHASE3_MATRIX_CELL chain=B2_BOWL_IN_TO_RELEASED episode=demo_42 condition=D1 arm=TYPED_MATCHED_RECOVERY success=True failure=None
PHASE3_MATRIX_CELL chain=B2_BOWL_IN_TO_RELEASED episode=demo_42 condition=D1 arm=B6_FULL success=True failure=None
PHASE3_MATRIX_CELL chain=B2_BOWL_IN_TO_RELEASED episode=demo_43 condition=D1 arm=B2_COMMAND_PROGRESS success=True failure=None
PHASE3_MATRIX_CELL chain=B2_BOWL_IN_TO_RELEASED episode=demo_43 condition=D1 arm=B3_MONOLITHIC success=True failure=None
PHASE3_MATRIX_CELL chain=B2_BOWL_IN_TO_RELEASED episode=demo_43 condition=D1 arm=POSTCHECK_RECOVERY success=True failure=None
PHASE3_MATRIX_CELL chain=B2_BOWL_IN_TO_RELEASED episode=demo_43 condition=D1 arm=PERSISTENCE_RECOVERY success=True failure=None
PHASE3_MATRIX_CELL chain=B2_BOWL_IN_TO_RELEASED episode=demo_43 condition=D1 arm=TYPED_MATCHED_RECOVERY success=True failure=None
PHASE3_MATRIX_CELL chain=B2_BOWL_IN_TO_RELEASED episode=demo_43 condition=D1 arm=B6_FULL success=True failure=None
PHASE3_MATRIX_CELL chain=B2_BOWL_IN_TO_RELEASED episode=demo_44 condition=D1 arm=B2_COMMAND_PROGRESS success=False failure=REPLAY_BACKEND_FAILURE
PHASE3_MATRIX_CELL chain=B2_BOWL_IN_TO_RELEASED episode=demo_44 condition=D1 arm=B3_MONOLITHIC success=False failure=REPLAY_BACKEND_FAILURE
PHASE3_MATRIX_CELL chain=B2_BOWL_IN_TO_RELEASED episode=demo_44 condition=D1 arm=POSTCHECK_RECOVERY success=False failure=REPLAY_BACKEND_FAILURE
PHASE3_MATRIX_CELL chain=B2_BOWL_IN_TO_RELEASED episode=demo_44 condition=D1 arm=PERSISTENCE_RECOVERY success=False failure=REPLAY_BACKEND_FAILURE
PHASE3_MATRIX_CELL chain=B2_BOWL_IN_TO_RELEASED episode=demo_44 condition=D1 arm=TYPED_MATCHED_RECOVERY success=False failure=REPLAY_BACKEND_FAILURE
PHASE3_MATRIX_CELL chain=B2_BOWL_IN_TO_RELEASED episode=demo_44 condition=D1 arm=B6_FULL success=False failure=REPLAY_BACKEND_FAILURE
PHASE3_MATRIX_CELL chain=B2_BOWL_IN_TO_RELEASED episode=demo_45 condition=D1 arm=B2_COMMAND_PROGRESS success=True failure=None
PHASE3_MATRIX_CELL chain=B2_BOWL_IN_TO_RELEASED episode=demo_45 condition=D1 arm=B3_MONOLITHIC success=True failure=None
PHASE3_MATRIX_CELL chain=B2_BOWL_IN_TO_RELEASED episode=demo_45 condition=D1 arm=POSTCHECK_RECOVERY success=True failure=None
PHASE3_MATRIX_CELL chain=B2_BOWL_IN_TO_RELEASED episode=demo_45 condition=D1 arm=PERSISTENCE_RECOVERY success=True failure=None
PHASE3_MATRIX_CELL chain=B2_BOWL_IN_TO_RELEASED episode=demo_45 condition=D1 arm=TYPED_MATCHED_RECOVERY success=True failure=None
PHASE3_MATRIX_CELL chain=B2_BOWL_IN_TO_RELEASED episode=demo_45 condition=D1 arm=B6_FULL success=True failure=None
PHASE3_MATRIX_CELL chain=B2_BOWL_IN_TO_RELEASED episode=demo_46 condition=D1 arm=B2_COMMAND_PROGRESS success=False failure=PREMATURE_ADVANCE
PHASE3_MATRIX_CELL chain=B2_BOWL_IN_TO_RELEASED episode=demo_46 condition=D1 arm=B3_MONOLITHIC success=True failure=None
PHASE3_MATRIX_CELL chain=B2_BOWL_IN_TO_RELEASED episode=demo_46 condition=D1 arm=POSTCHECK_RECOVERY success=True failure=None
PHASE3_MATRIX_CELL chain=B2_BOWL_IN_TO_RELEASED episode=demo_46 condition=D1 arm=PERSISTENCE_RECOVERY success=False failure=TIMEOUT
PHASE3_MATRIX_CELL chain=B2_BOWL_IN_TO_RELEASED episode=demo_46 condition=D1 arm=TYPED_MATCHED_RECOVERY success=True failure=None
PHASE3_MATRIX_CELL chain=B2_BOWL_IN_TO_RELEASED episode=demo_46 condition=D1 arm=B6_FULL success=True failure=None
PHASE3_MATRIX_CELL chain=B2_BOWL_IN_TO_RELEASED episode=demo_47 condition=D1 arm=B2_COMMAND_PROGRESS success=False failure=REPLAY_BACKEND_FAILURE
PHASE3_MATRIX_CELL chain=B2_BOWL_IN_TO_RELEASED episode=demo_47 condition=D1 arm=B3_MONOLITHIC success=False failure=REPLAY_BACKEND_FAILURE
PHASE3_MATRIX_CELL chain=B2_BOWL_IN_TO_RELEASED episode=demo_47 condition=D1 arm=POSTCHECK_RECOVERY success=False failure=REPLAY_BACKEND_FAILURE
PHASE3_MATRIX_CELL chain=B2_BOWL_IN_TO_RELEASED episode=demo_47 condition=D1 arm=PERSISTENCE_RECOVERY success=False failure=REPLAY_BACKEND_FAILURE
PHASE3_MATRIX_CELL chain=B2_BOWL_IN_TO_RELEASED episode=demo_47 condition=D1 arm=TYPED_MATCHED_RECOVERY success=False failure=REPLAY_BACKEND_FAILURE
PHASE3_MATRIX_CELL chain=B2_BOWL_IN_TO_RELEASED episode=demo_47 condition=D1 arm=B6_FULL success=False failure=REPLAY_BACKEND_FAILURE
PHASE3_MATRIX_CELL chain=B2_BOWL_IN_TO_RELEASED episode=demo_48 condition=D1 arm=B2_COMMAND_PROGRESS success=False failure=REPLAY_BACKEND_FAILURE
PHASE3_MATRIX_CELL chain=B2_BOWL_IN_TO_RELEASED episode=demo_48 condition=D1 arm=B3_MONOLITHIC success=False failure=REPLAY_BACKEND_FAILURE
PHASE3_MATRIX_CELL chain=B2_BOWL_IN_TO_RELEASED episode=demo_48 condition=D1 arm=POSTCHECK_RECOVERY success=False failure=REPLAY_BACKEND_FAILURE
PHASE3_MATRIX_CELL chain=B2_BOWL_IN_TO_RELEASED episode=demo_48 condition=D1 arm=PERSISTENCE_RECOVERY success=False failure=REPLAY_BACKEND_FAILURE
PHASE3_MATRIX_CELL chain=B2_BOWL_IN_TO_RELEASED episode=demo_48 condition=D1 arm=TYPED_MATCHED_RECOVERY success=False failure=REPLAY_BACKEND_FAILURE
PHASE3_MATRIX_CELL chain=B2_BOWL_IN_TO_RELEASED episode=demo_48 condition=D1 arm=B6_FULL success=False failure=REPLAY_BACKEND_FAILURE
PHASE3_MATRIX_CELL chain=B2_BOWL_IN_TO_RELEASED episode=demo_49 condition=D1 arm=B2_COMMAND_PROGRESS success=True failure=None
PHASE3_MATRIX_CELL chain=B2_BOWL_IN_TO_RELEASED episode=demo_49 condition=D1 arm=B3_MONOLITHIC success=True failure=None
PHASE3_MATRIX_CELL chain=B2_BOWL_IN_TO_RELEASED episode=demo_49 condition=D1 arm=POSTCHECK_RECOVERY success=True failure=None
PHASE3_MATRIX_CELL chain=B2_BOWL_IN_TO_RELEASED episode=demo_49 condition=D1 arm=PERSISTENCE_RECOVERY success=True failure=None
PHASE3_MATRIX_CELL chain=B2_BOWL_IN_TO_RELEASED episode=demo_49 condition=D1 arm=TYPED_MATCHED_RECOVERY success=True failure=None
PHASE3_MATRIX_CELL chain=B2_BOWL_IN_TO_RELEASED episode=demo_49 condition=D1 arm=B6_FULL success=True failure=None
PHASE3_MATRIX_CELL chain=S2_MOKA_GRASP_TO_ON_STOVE episode=demo_40 condition=C4 arm=B6_NO_PROVENANCE success=True failure=None
PHASE3_MATRIX_CELL chain=S2_MOKA_GRASP_TO_ON_STOVE episode=demo_40 condition=C7 arm=B6_NO_PROVENANCE success=True failure=None
PHASE3_MATRIX_CELL chain=S2_MOKA_GRASP_TO_ON_STOVE episode=demo_41 condition=C4 arm=B6_NO_PROVENANCE success=True failure=None
PHASE3_MATRIX_CELL chain=S2_MOKA_GRASP_TO_ON_STOVE episode=demo_41 condition=C7 arm=B6_NO_PROVENANCE success=True failure=None
PHASE3_MATRIX_CELL chain=S2_MOKA_GRASP_TO_ON_STOVE episode=demo_42 condition=C4 arm=B6_NO_PROVENANCE success=True failure=None
PHASE3_MATRIX_CELL chain=S2_MOKA_GRASP_TO_ON_STOVE episode=demo_42 condition=C7 arm=B6_NO_PROVENANCE success=True failure=None
PHASE3_MATRIX_CELL chain=S2_MOKA_GRASP_TO_ON_STOVE episode=demo_43 condition=C4 arm=B6_NO_PROVENANCE success=False failure=REPLAY_BACKEND_FAILURE
PHASE3_MATRIX_CELL chain=S2_MOKA_GRASP_TO_ON_STOVE episode=demo_43 condition=C7 arm=B6_NO_PROVENANCE success=False failure=REPLAY_BACKEND_FAILURE
PHASE3_MATRIX_CELL chain=S2_MOKA_GRASP_TO_ON_STOVE episode=demo_44 condition=C4 arm=B6_NO_PROVENANCE success=False failure=REPLAY_BACKEND_FAILURE
PHASE3_MATRIX_CELL chain=S2_MOKA_GRASP_TO_ON_STOVE episode=demo_44 condition=C7 arm=B6_NO_PROVENANCE success=False failure=REPLAY_BACKEND_FAILURE
PHASE3_MATRIX_CELL chain=S2_MOKA_GRASP_TO_ON_STOVE episode=demo_45 condition=C4 arm=B6_NO_PROVENANCE success=True failure=None
PHASE3_MATRIX_CELL chain=S2_MOKA_GRASP_TO_ON_STOVE episode=demo_45 condition=C7 arm=B6_NO_PROVENANCE success=True failure=None
PHASE3_MATRIX_CELL chain=S2_MOKA_GRASP_TO_ON_STOVE episode=demo_46 condition=C4 arm=B6_NO_PROVENANCE success=True failure=None
PHASE3_MATRIX_CELL chain=S2_MOKA_GRASP_TO_ON_STOVE episode=demo_46 condition=C7 arm=B6_NO_PROVENANCE success=True failure=None
PHASE3_MATRIX_CELL chain=S2_MOKA_GRASP_TO_ON_STOVE episode=demo_47 condition=C4 arm=B6_NO_PROVENANCE success=True failure=None
PHASE3_MATRIX_CELL chain=S2_MOKA_GRASP_TO_ON_STOVE episode=demo_47 condition=C7 arm=B6_NO_PROVENANCE success=False failure=TIMEOUT
PHASE3_MATRIX_CELL chain=S2_MOKA_GRASP_TO_ON_STOVE episode=demo_48 condition=C4 arm=B6_NO_PROVENANCE success=True failure=None
PHASE3_MATRIX_CELL chain=S2_MOKA_GRASP_TO_ON_STOVE episode=demo_48 condition=C7 arm=B6_NO_PROVENANCE success=True failure=None
PHASE3_MATRIX_CELL chain=S2_MOKA_GRASP_TO_ON_STOVE episode=demo_49 condition=C4 arm=B6_NO_PROVENANCE success=True failure=None
PHASE3_MATRIX_CELL chain=S2_MOKA_GRASP_TO_ON_STOVE episode=demo_49 condition=C7 arm=B6_NO_PROVENANCE success=True failure=None
PHASE3_MATRIX_CELL chain=B1_BOWL_GRASP_TO_DRAWER episode=demo_40 condition=C4 arm=B6_NO_PROVENANCE success=False failure=REPLAY_BACKEND_FAILURE
PHASE3_MATRIX_CELL chain=B1_BOWL_GRASP_TO_DRAWER episode=demo_40 condition=C7 arm=B6_NO_PROVENANCE success=False failure=REPLAY_BACKEND_FAILURE
PHASE3_MATRIX_CELL chain=B1_BOWL_GRASP_TO_DRAWER episode=demo_41 condition=C4 arm=B6_NO_PROVENANCE success=True failure=None
PHASE3_MATRIX_CELL chain=B1_BOWL_GRASP_TO_DRAWER episode=demo_41 condition=C7 arm=B6_NO_PROVENANCE success=True failure=None
PHASE3_MATRIX_CELL chain=B1_BOWL_GRASP_TO_DRAWER episode=demo_42 condition=C4 arm=B6_NO_PROVENANCE success=False failure=TIMEOUT
PHASE3_MATRIX_CELL chain=B1_BOWL_GRASP_TO_DRAWER episode=demo_42 condition=C7 arm=B6_NO_PROVENANCE success=False failure=TIMEOUT
PHASE3_MATRIX_CELL chain=B1_BOWL_GRASP_TO_DRAWER episode=demo_43 condition=C4 arm=B6_NO_PROVENANCE success=True failure=None
PHASE3_MATRIX_CELL chain=B1_BOWL_GRASP_TO_DRAWER episode=demo_43 condition=C7 arm=B6_NO_PROVENANCE success=True failure=None
PHASE3_MATRIX_CELL chain=B1_BOWL_GRASP_TO_DRAWER episode=demo_44 condition=C4 arm=B6_NO_PROVENANCE success=True failure=None
PHASE3_MATRIX_CELL chain=B1_BOWL_GRASP_TO_DRAWER episode=demo_44 condition=C7 arm=B6_NO_PROVENANCE success=True failure=None
PHASE3_MATRIX_CELL chain=B1_BOWL_GRASP_TO_DRAWER episode=demo_45 condition=C4 arm=B6_NO_PROVENANCE success=True failure=None
PHASE3_MATRIX_CELL chain=B1_BOWL_GRASP_TO_DRAWER episode=demo_45 condition=C7 arm=B6_NO_PROVENANCE success=True failure=None
PHASE3_MATRIX_CELL chain=B1_BOWL_GRASP_TO_DRAWER episode=demo_46 condition=C4 arm=B6_NO_PROVENANCE success=True failure=None
PHASE3_MATRIX_CELL chain=B1_BOWL_GRASP_TO_DRAWER episode=demo_46 condition=C7 arm=B6_NO_PROVENANCE success=True failure=None
PHASE3_MATRIX_CELL chain=B1_BOWL_GRASP_TO_DRAWER episode=demo_47 condition=C4 arm=B6_NO_PROVENANCE success=True failure=None
PHASE3_MATRIX_CELL chain=B1_BOWL_GRASP_TO_DRAWER episode=demo_47 condition=C7 arm=B6_NO_PROVENANCE success=True failure=None
PHASE3_MATRIX_CELL chain=B1_BOWL_GRASP_TO_DRAWER episode=demo_48 condition=C4 arm=B6_NO_PROVENANCE success=True failure=None
PHASE3_MATRIX_CELL chain=B1_BOWL_GRASP_TO_DRAWER episode=demo_48 condition=C7 arm=B6_NO_PROVENANCE success=True failure=None
PHASE3_MATRIX_CELL chain=B1_BOWL_GRASP_TO_DRAWER episode=demo_49 condition=C4 arm=B6_NO_PROVENANCE success=True failure=None
PHASE3_MATRIX_CELL chain=B1_BOWL_GRASP_TO_DRAWER episode=demo_49 condition=C7 arm=B6_NO_PROVENANCE success=True failure=None
PHASE3_MATRIX_CELL chain=B2_BOWL_IN_TO_RELEASED episode=demo_40 condition=C4 arm=B6_NO_PROVENANCE success=False failure=REPLAY_BACKEND_FAILURE
PHASE3_MATRIX_CELL chain=B2_BOWL_IN_TO_RELEASED episode=demo_40 condition=C7 arm=B6_NO_PROVENANCE success=False failure=REPLAY_BACKEND_FAILURE
PHASE3_MATRIX_CELL chain=B2_BOWL_IN_TO_RELEASED episode=demo_41 condition=C4 arm=B6_NO_PROVENANCE success=True failure=None
PHASE3_MATRIX_CELL chain=B2_BOWL_IN_TO_RELEASED episode=demo_41 condition=C7 arm=B6_NO_PROVENANCE success=True failure=None
PHASE3_MATRIX_CELL chain=B2_BOWL_IN_TO_RELEASED episode=demo_42 condition=C4 arm=B6_NO_PROVENANCE success=True failure=None
PHASE3_MATRIX_CELL chain=B2_BOWL_IN_TO_RELEASED episode=demo_42 condition=C7 arm=B6_NO_PROVENANCE success=True failure=None
PHASE3_MATRIX_CELL chain=B2_BOWL_IN_TO_RELEASED episode=demo_43 condition=C4 arm=B6_NO_PROVENANCE success=True failure=None
PHASE3_MATRIX_CELL chain=B2_BOWL_IN_TO_RELEASED episode=demo_43 condition=C7 arm=B6_NO_PROVENANCE success=True failure=None
PHASE3_MATRIX_CELL chain=B2_BOWL_IN_TO_RELEASED episode=demo_44 condition=C4 arm=B6_NO_PROVENANCE success=False failure=REPLAY_BACKEND_FAILURE
PHASE3_MATRIX_CELL chain=B2_BOWL_IN_TO_RELEASED episode=demo_44 condition=C7 arm=B6_NO_PROVENANCE success=False failure=REPLAY_BACKEND_FAILURE
PHASE3_MATRIX_CELL chain=B2_BOWL_IN_TO_RELEASED episode=demo_45 condition=C4 arm=B6_NO_PROVENANCE success=True failure=None
PHASE3_MATRIX_CELL chain=B2_BOWL_IN_TO_RELEASED episode=demo_45 condition=C7 arm=B6_NO_PROVENANCE success=True failure=None
PHASE3_MATRIX_CELL chain=B2_BOWL_IN_TO_RELEASED episode=demo_46 condition=C4 arm=B6_NO_PROVENANCE success=True failure=None
PHASE3_MATRIX_CELL chain=B2_BOWL_IN_TO_RELEASED episode=demo_46 condition=C7 arm=B6_NO_PROVENANCE success=True failure=None
PHASE3_MATRIX_CELL chain=B2_BOWL_IN_TO_RELEASED episode=demo_47 condition=C4 arm=B6_NO_PROVENANCE success=False failure=REPLAY_BACKEND_FAILURE
PHASE3_MATRIX_CELL chain=B2_BOWL_IN_TO_RELEASED episode=demo_47 condition=C7 arm=B6_NO_PROVENANCE success=False failure=REPLAY_BACKEND_FAILURE
PHASE3_MATRIX_CELL chain=B2_BOWL_IN_TO_RELEASED episode=demo_48 condition=C4 arm=B6_NO_PROVENANCE success=False failure=REPLAY_BACKEND_FAILURE
PHASE3_MATRIX_CELL chain=B2_BOWL_IN_TO_RELEASED episode=demo_48 condition=C7 arm=B6_NO_PROVENANCE success=False failure=REPLAY_BACKEND_FAILURE
PHASE3_MATRIX_CELL chain=B2_BOWL_IN_TO_RELEASED episode=demo_49 condition=C4 arm=B6_NO_PROVENANCE success=True failure=None
PHASE3_MATRIX_CELL chain=B2_BOWL_IN_TO_RELEASED episode=demo_49 condition=C7 arm=B6_NO_PROVENANCE success=True failure=None
PHASE3_MATRIX_CELL chain=S2_MOKA_GRASP_TO_ON_STOVE episode=demo_40 condition=C3 arm=B6_NO_INVALIDATION success=False failure=PREMATURE_ADVANCE
PHASE3_MATRIX_CELL chain=S2_MOKA_GRASP_TO_ON_STOVE episode=demo_41 condition=C3 arm=B6_NO_INVALIDATION success=False failure=PREMATURE_ADVANCE
PHASE3_MATRIX_CELL chain=S2_MOKA_GRASP_TO_ON_STOVE episode=demo_42 condition=C3 arm=B6_NO_INVALIDATION success=False failure=PREMATURE_ADVANCE
PHASE3_MATRIX_CELL chain=S2_MOKA_GRASP_TO_ON_STOVE episode=demo_43 condition=C3 arm=B6_NO_INVALIDATION success=False failure=REPLAY_BACKEND_FAILURE
PHASE3_MATRIX_CELL chain=S2_MOKA_GRASP_TO_ON_STOVE episode=demo_44 condition=C3 arm=B6_NO_INVALIDATION success=False failure=REPLAY_BACKEND_FAILURE
PHASE3_MATRIX_CELL chain=S2_MOKA_GRASP_TO_ON_STOVE episode=demo_45 condition=C3 arm=B6_NO_INVALIDATION success=False failure=PREMATURE_ADVANCE
PHASE3_MATRIX_CELL chain=S2_MOKA_GRASP_TO_ON_STOVE episode=demo_46 condition=C3 arm=B6_NO_INVALIDATION success=False failure=PREMATURE_ADVANCE
PHASE3_MATRIX_CELL chain=S2_MOKA_GRASP_TO_ON_STOVE episode=demo_47 condition=C3 arm=B6_NO_INVALIDATION success=False failure=TIMEOUT
PHASE3_MATRIX_CELL chain=S2_MOKA_GRASP_TO_ON_STOVE episode=demo_48 condition=C3 arm=B6_NO_INVALIDATION success=False failure=PREMATURE_ADVANCE
PHASE3_MATRIX_CELL chain=S2_MOKA_GRASP_TO_ON_STOVE episode=demo_49 condition=C3 arm=B6_NO_INVALIDATION success=False failure=PREMATURE_ADVANCE
PHASE3_MATRIX_CELL chain=B1_BOWL_GRASP_TO_DRAWER episode=demo_40 condition=C3 arm=B6_NO_INVALIDATION success=False failure=REPLAY_BACKEND_FAILURE
PHASE3_MATRIX_CELL chain=B1_BOWL_GRASP_TO_DRAWER episode=demo_41 condition=C3 arm=B6_NO_INVALIDATION success=False failure=PREMATURE_ADVANCE
PHASE3_MATRIX_CELL chain=B1_BOWL_GRASP_TO_DRAWER episode=demo_42 condition=C3 arm=B6_NO_INVALIDATION success=False failure=PREMATURE_ADVANCE
PHASE3_MATRIX_CELL chain=B1_BOWL_GRASP_TO_DRAWER episode=demo_43 condition=C3 arm=B6_NO_INVALIDATION success=False failure=PREMATURE_ADVANCE
PHASE3_MATRIX_CELL chain=B1_BOWL_GRASP_TO_DRAWER episode=demo_44 condition=C3 arm=B6_NO_INVALIDATION success=False failure=PREMATURE_ADVANCE
PHASE3_MATRIX_CELL chain=B1_BOWL_GRASP_TO_DRAWER episode=demo_45 condition=C3 arm=B6_NO_INVALIDATION success=False failure=PREMATURE_ADVANCE
PHASE3_MATRIX_CELL chain=B1_BOWL_GRASP_TO_DRAWER episode=demo_46 condition=C3 arm=B6_NO_INVALIDATION success=False failure=PREMATURE_ADVANCE
PHASE3_MATRIX_CELL chain=B1_BOWL_GRASP_TO_DRAWER episode=demo_47 condition=C3 arm=B6_NO_INVALIDATION success=False failure=PREMATURE_ADVANCE
PHASE3_MATRIX_CELL chain=B1_BOWL_GRASP_TO_DRAWER episode=demo_48 condition=C3 arm=B6_NO_INVALIDATION success=False failure=PREMATURE_ADVANCE
PHASE3_MATRIX_CELL chain=B1_BOWL_GRASP_TO_DRAWER episode=demo_49 condition=C3 arm=B6_NO_INVALIDATION success=False failure=PREMATURE_ADVANCE
PHASE3_MATRIX_CELL chain=B2_BOWL_IN_TO_RELEASED episode=demo_40 condition=C3 arm=B6_NO_INVALIDATION success=False failure=REPLAY_BACKEND_FAILURE
PHASE3_MATRIX_CELL chain=B2_BOWL_IN_TO_RELEASED episode=demo_41 condition=C3 arm=B6_NO_INVALIDATION success=False failure=PREMATURE_ADVANCE
PHASE3_MATRIX_CELL chain=B2_BOWL_IN_TO_RELEASED episode=demo_42 condition=C3 arm=B6_NO_INVALIDATION success=False failure=PREMATURE_ADVANCE
PHASE3_MATRIX_CELL chain=B2_BOWL_IN_TO_RELEASED episode=demo_43 condition=C3 arm=B6_NO_INVALIDATION success=False failure=TIMEOUT
PHASE3_MATRIX_CELL chain=B2_BOWL_IN_TO_RELEASED episode=demo_44 condition=C3 arm=B6_NO_INVALIDATION success=False failure=REPLAY_BACKEND_FAILURE
PHASE3_MATRIX_CELL chain=B2_BOWL_IN_TO_RELEASED episode=demo_45 condition=C3 arm=B6_NO_INVALIDATION success=False failure=PREMATURE_ADVANCE
PHASE3_MATRIX_CELL chain=B2_BOWL_IN_TO_RELEASED episode=demo_46 condition=C3 arm=B6_NO_INVALIDATION success=False failure=PREMATURE_ADVANCE
PHASE3_MATRIX_CELL chain=B2_BOWL_IN_TO_RELEASED episode=demo_47 condition=C3 arm=B6_NO_INVALIDATION success=False failure=REPLAY_BACKEND_FAILURE
PHASE3_MATRIX_CELL chain=B2_BOWL_IN_TO_RELEASED episode=demo_48 condition=C3 arm=B6_NO_INVALIDATION success=False failure=REPLAY_BACKEND_FAILURE
PHASE3_MATRIX_CELL chain=B2_BOWL_IN_TO_RELEASED episode=demo_49 condition=C3 arm=B6_NO_INVALIDATION success=False failure=PREMATURE_ADVANCE
